duration,credit_amount,installment_commitment,residence_since,age,existing_credits,num_dependents,credit_to_duration_ratio,credit_to_age_ratio,liquidity_index,high_risk_purpose,log_credit_amount,log_duration,checking_status_0<=X<200,checking_status_<0,checking_status_>=200,checking_status_no checking,credit_history_all paid,credit_history_critical/other existing credit,credit_history_delayed previously,credit_history_existing paid,credit_history_no credits/all paid,purpose_business,purpose_domestic appliance,purpose_education,purpose_furniture/equipment,purpose_new car,purpose_other,purpose_radio/tv,purpose_repairs,purpose_retraining,purpose_used car,savings_status_100<=X<500,savings_status_500<=X<1000,savings_status_<100,savings_status_>=1000,savings_status_no known savings,employment_1<=X<4,employment_4<=X<7,employment_<1,employment_>=7,employment_unemployed,personal_status_female div/dep/mar,personal_status_male div/sep,personal_status_male mar/wid,personal_status_male single,other_parties_co applicant,other_parties_guarantor,other_parties_none,property_magnitude_car,property_magnitude_life insurance,property_magnitude_no known property,property_magnitude_real estate,other_payment_plans_bank,other_payment_plans_none,other_payment_plans_stores,housing_for free,housing_own,housing_rent,job_high qualif/self emp/mgmt,job_skilled,job_unemp/unskilled non res,job_unskilled resident,own_telephone_none,own_telephone_yes,foreign_worker_no,foreign_worker_yes
1.289592031872302,1.9257663831384437,0.052280634896496016,1.053413018870969,1.057783942218908,-0.7187454693270836,-0.4364357804719845,0.5927957644892056,0.9306612928579435,-0.3412351689076656,-0.464548674655972,1.6321692242954364,1.2434283535975954,0.0,1.0,0.0,0.0,0.0,0.0,0.0,1.0,0.0,0.0,0.0,0.0,0.0,0.0,0.0,0.0,0.0,0.0,1.0,0.0,0.0,0.0,0.0,1.0,0.0,0.0,0.0,1.0,0.0,0.0,0.0,0.0,1.0,0.0,0.0,1.0,0.0,0.0,1.0,0.0,0.0,1.0,0.0,1.0,0.0,0.0,0.0,1.0,0.0,0.0,1.0,0.0,0.0,1.0
-0.742595017696657,-0.8928525713645623,0.9421637820708985,1.053413018870969,0.2424489262702798,-0.7187454693270836,-0.4364357804719845,-0.8209800240268241,-0.8829816285018997,-0.3412351689076656,-0.464548674655972,-1.4040310597149512,-0.6884914239300278,0.0,0.0,0.0,1.0,0.0,0.0,0.0,1.0,0.0,0.0,0.0,0.0,0.0,0.0,0.0,1.0,0.0,0.0,0.0,0.0,0.0,1.0,0.0,0.0,0.0,0.0,0.0,1.0,0.0,0.0,0.0,0.0,1.0,0.0,0.0,1.0,1.0,0.0,0.0,0.0,0.0,1.0,0.0,0.0,1.0,0.0,0.0,1.0,0.0,0.0,1.0,0.0,0.0,1.0
1.289592031872302,0.816433415252783,0.052280634896496016,-0.7472929962930807,-0.6634788692281958,1.045047093438766,-0.4364357804719845,-0.11468870100684676,1.0988191407027197,-1.2858307921814802,-0.464548674655972,1.0614494719572092,1.2434283535975954,0.0,1.0,0.0,0.0,0.0,1.0,0.0,0.0,0.0,0.0,0.0,0.0,1.0,0.0,0.0,0.0,0.0,0.0,0.0,0.0,0.0,1.0,0.0,0.0,1.0,0.0,0.0,0.0,0.0,0.0,0.0,0.0,1.0,0.0,1.0,0.0,0.0,1.0,0.0,0.0,0.0,1.0,0.0,0.0,1.0,0.0,0.0,1.0,0.0,0.0,1.0,0.0,0.0,1.0
1.289592031872302,0.299568088447757,0.052280634896496016,-0.7472929962930807,-0.5728860896783482,-0.7187454693270836,-0.4364357804719845,-0.44432299481590504,0.46902202170123114,0.603360454366149,-0.464548674655972,0.6754670401780962,1.2434283535975954,1.0,0.0,0.0,0.0,1.0,0.0,0.0,0.0,0.0,0.0,1.0,0.0,0.0,0.0,0.0,0.0,0.0,0.0,0.0,0.0,0.0,0.0,0.0,1.0,0.0,0.0,1.0,0.0,0.0,1.0,0.0,0.0,0.0,0.0,0.0,1.0,0.0,0.0,1.0,0.0,1.0,0.0,0.0,0.0,1.0,0.0,0.0,0.0,1.0,0.0,1.0,0.0,0.0,1.0
2.3056855566567815,1.9826552532864263,-1.727485659452309,-0.7472929962930807,-1.025849987427586,-0.7187454693270836,-0.4364357804719845,0.12263138757264958,2.977734906323419,0.603360454366149,-0.464548674655972,1.6556404403247453,1.7622593178252401,1.0,0.0,0.0,0.0,0.0,0.0,0.0,1.0,0.0,0.0,0.0,0.0,0.0,1.0,0.0,0.0,0.0,0.0,0.0,0.0,0.0,0.0,0.0,1.0,0.0,1.0,0.0,0.0,0.0,1.0,0.0,0.0,0.0,0.0,0.0,1.0,1.0,0.0,0.0,0.0,0.0,1.0,0.0,0.0,1.0,0.0,0.0,1.0,0.0,0.0,1.0,0.0,0.0,1.0
0.2734985070878224,-0.31572995446858104,0.9421637820708985,0.15306001128894414,-0.029329412379262863,1.045047093438766,-0.4364357804719845,-0.5567472623704018,-0.3503162903608886,-0.3412351689076656,-0.464548674655972,-0.014129974896124133,0.5193206744088694,0.0,0.0,0.0,1.0,0.0,1.0,0.0,0.0,0.0,0.0,0.0,0.0,0.0,0.0,0.0,0.0,0.0,0.0,1.0,0.0,0.0,1.0,0.0,0.0,0.0,1.0,0.0,0.0,0.0,0.0,0.0,0.0,1.0,0.0,0.0,1.0,1.0,0.0,0.0,0.0,0.0,1.0,0.0,0.0,1.0,0.0,0.0,1.0,0.0,0.0,0.0,1.0,0.0,1.0
-0.06519933450700406,1.2270063794128943,-1.727485659452309,1.053413018870969,2.235490076366926,-0.7187454693270836,-0.4364357804719845,1.3822466048329134,0.1231350605809457,0.603360454366149,-0.464548674655972,1.3028147791447404,0.19728732528481788,1.0,0.0,0.0,0.0,0.0,0.0,0.0,1.0,0.0,0.0,0.0,0.0,0.0,0.0,0.0,0.0,0.0,0.0,1.0,0.0,0.0,0.0,0.0,1.0,0.0,0.0,0.0,0.0,1.0,0.0,1.0,0.0,0.0,0.0,0.0,1.0,0.0,0.0,0.0,1.0,0.0,1.0,0.0,0.0,1.0,0.0,1.0,0.0,0.0,0.0,0.0,1.0,0.0,1.0
-0.742595017696657,-0.9314022662674716,0.9421637820708985,-0.7472929962930807,-0.30110775102880555,1.045047093438766,-0.4364357804719845,-0.8947359546566762,-0.8742914940755145,-0.3412351689076656,2.152626957208659,-1.5818635239201781,-0.6884914239300278,0.0,0.0,0.0,1.0,0.0,1.0,0.0,0.0,0.0,0.0,0.0,1.0,0.0,0.0,0.0,0.0,0.0,0.0,0.0,0.0,0.0,1.0,0.0,0.0,1.0,0.0,0.0,0.0,0.0,0.0,0.0,0.0,1.0,0.0,0.0,1.0,1.0,0.0,0.0,0.0,0.0,1.0,0.0,0.0,1.0,0.0,0.0,1.0,0.0,0.0,1.0,0.0,0.0,1.0
2.3056855566567815,3.360713278844794,0.9421637820708985,1.053413018870969,0.0612633671705847,-0.7187454693270836,-0.4364357804719845,0.7817806747326381,2.79661541476578,0.603360454366149,-0.464548674655972,2.123664768056294,1.7622593178252401,1.0,0.0,0.0,0.0,1.0,0.0,0.0,0.0,0.0,0.0,0.0,0.0,0.0,1.0,0.0,0.0,0.0,0.0,0.0,0.0,0.0,0.0,0.0,1.0,0.0,0.0,0.0,0.0,1.0,0.0,0.0,0.0,1.0,1.0,0.0,0.0,0.0,0.0,1.0,0.0,0.0,1.0,0.0,1.0,0.0,0.0,1.0,0.0,0.0,0.0,0.0,1.0,0.0,1.0
-0.742595017696657,-0.8808759671228817,0.9421637820708985,-0.7472929962930807,-1.1164427669774335,-0.7187454693270836,-0.4364357804719845,-0.7980655601418215,-0.7065912317098841,0.603360454366149,-0.464548674655972,-1.35339717347259,-0.6884914239300278,1.0,0.0,0.0,0.0,0.0,0.0,0.0,1.0,0.0,0.0,0.0,0.0,0.0,1.0,0.0,0.0,0.0,0.0,0.0,1.0,0.0,0.0,0.0,0.0,0.0,0.0,1.0,0.0,0.0,1.0,0.0,0.0,0.0,0.0,0.0,1.0,0.0,1.0,0.0,0.0,1.0,0.0,0.0,0.0,1.0,0.0,0.0,0.0,0.0,1.0,1.0,0.0,0.0,1.0
0.2734985070878224,-0.22889957371639708,-0.8376025122779064,-0.7472929962930807,-0.11992219192911042,-0.7187454693270836,-0.4364357804719845,-0.47368229617689384,-0.24818636084450635,2.4925517009137783,-0.464548674655972,0.10831034038553444,0.5193206744088694,0.0,0.0,0.0,1.0,0.0,1.0,0.0,0.0,0.0,0.0,0.0,0.0,0.0,0.0,0.0,1.0,0.0,0.0,0.0,0.0,0.0,0.0,1.0,0.0,0.0,0.0,0.0,1.0,0.0,0.0,0.0,0.0,1.0,0.0,0.0,1.0,1.0,0.0,0.0,0.0,0.0,1.0,0.0,0.0,1.0,0.0,0.0,1.0,0.0,0.0,1.0,0.0,0.0,1.0
0.7815452694800622,0.3965037290288589,0.9421637820708985,-0.7472929962930807,-0.6634788692281958,1.045047093438766,-0.4364357804719845,-0.17966085752328562,0.6334966016284935,-0.3412351689076656,-0.464548674655972,0.7571388812448607,0.9166346534898615,1.0,0.0,0.0,0.0,0.0,1.0,0.0,0.0,0.0,0.0,0.0,0.0,0.0,1.0,0.0,0.0,0.0,0.0,0.0,0.0,0.0,1.0,0.0,0.0,0.0,0.0,0.0,0.0,1.0,0.0,0.0,1.0,0.0,0.0,0.0,1.0,1.0,0.0,0.0,0.0,0.0,1.0,0.0,0.0,1.0,0.0,1.0,0.0,0.0,0.0,1.0,0.0,0.0,1.0
1.289592031872302,0.24155641165211686,-0.8376025122779064,1.053413018870969,0.8765983831192128,-0.7187454693270836,-0.4364357804719845,-0.481320326850955,-0.13904558685257104,0.603360454366149,-0.464548674655972,0.624015001000049,1.2434283535975954,0.0,0.0,0.0,1.0,0.0,0.0,0.0,1.0,0.0,0.0,0.0,0.0,0.0,0.0,0.0,1.0,0.0,0.0,0.0,0.0,0.0,0.0,0.0,1.0,0.0,0.0,0.0,1.0,0.0,1.0,0.0,0.0,0.0,0.0,0.0,1.0,0.0,0.0,0.0,1.0,0.0,1.0,0.0,0.0,1.0,0.0,0.0,0.0,0.0,1.0,0.0,1.0,0.0,1.0
-0.742595017696657,-0.666045628537737,-0.8376025122779064,-0.7472929962930807,-0.3917005305786531,-0.7187454693270836,-0.4364357804719845,-0.3870373642045877,-0.6005004384131265,-0.3412351689076656,2.152626957208659,-0.6750669499959148,-0.6884914239300278,1.0,0.0,0.0,0.0,0.0,0.0,0.0,0.0,1.0,0.0,0.0,0.0,0.0,0.0,0.0,0.0,0.0,1.0,0.0,0.0,0.0,1.0,0.0,0.0,1.0,0.0,0.0,0.0,0.0,0.0,0.0,0.0,1.0,0.0,0.0,1.0,0.0,0.0,0.0,1.0,0.0,1.0,0.0,0.0,1.0,0.0,0.0,0.0,0.0,1.0,0.0,1.0,0.0,1.0
-0.2345482553044173,0.1723166683799012,-1.727485659452309,1.053413018870969,-1.207035546527281,-0.7187454693270836,-0.4364357804719845,0.3457485794659619,0.7979164101576276,-1.2858307921814802,-0.464548674655972,0.5598110504440639,0.012431660139291227,0.0,1.0,0.0,0.0,0.0,0.0,0.0,1.0,0.0,0.0,0.0,0.0,1.0,0.0,0.0,0.0,0.0,0.0,0.0,0.0,0.0,1.0,0.0,0.0,0.0,0.0,1.0,0.0,0.0,1.0,0.0,0.0,0.0,0.0,0.0,1.0,1.0,0.0,0.0,0.0,0.0,1.0,0.0,0.0,0.0,1.0,0.0,1.0,0.0,0.0,1.0,0.0,0.0,1.0
-0.48857163650053714,-0.6271216647522752,0.9421637820708985,-0.7472929962930807,-1.207035546527281,-0.7187454693270836,-0.4364357804719845,-0.5293933265381863,-0.3295348824301721,0.603360454366149,2.152626957208659,-0.5826925885187914,-0.3049783695263035,1.0,0.0,0.0,0.0,0.0,0.0,0.0,1.0,0.0,0.0,0.0,0.0,0.0,0.0,0.0,0.0,1.0,0.0,0.0,1.0,0.0,0.0,0.0,0.0,1.0,0.0,0.0,0.0,0.0,0.0,0.0,0.0,1.0,0.0,1.0,0.0,0.0,0.0,0.0,1.0,0.0,1.0,0.0,0.0,1.0,0.0,0.0,1.0,0.0,0.0,1.0,0.0,0.0,1.0
0.01947512589170256,-0.2184200450049266,0.9421637820708985,1.053413018870969,-0.6634788692281958,-0.7187454693270836,-0.4364357804719845,-0.3303646039388451,-0.047898168156669835,-1.2858307921814802,-0.464548674655972,0.12233651316616898,0.28321049937129605,0.0,1.0,0.0,0.0,0.0,0.0,0.0,1.0,0.0,0.0,0.0,0.0,0.0,0.0,0.0,1.0,0.0,0.0,0.0,0.0,0.0,1.0,0.0,0.0,0.0,0.0,1.0,0.0,0.0,1.0,0.0,0.0,0.0,0.0,0.0,1.0,0.0,1.0,0.0,0.0,0.0,1.0,0.0,0.0,0.0,1.0,1.0,0.0,0.0,0.0,0.0,1.0,0.0,1.0
0.2734985070878224,-0.5399170151175388,0.9421637820708985,-1.6476460038751053,-1.025849987427586,-0.7187454693270836,-0.4364357804719845,-0.7712124121545025,-0.28339344880755785,-1.2858307921814802,-0.464548674655972,-0.3968744640913131,0.5193206744088694,0.0,1.0,0.0,0.0,0.0,0.0,0.0,1.0,0.0,0.0,0.0,0.0,1.0,0.0,0.0,0.0,0.0,0.0,0.0,0.0,0.0,1.0,0.0,0.0,0.0,0.0,1.0,0.0,0.0,0.0,0.0,0.0,1.0,1.0,0.0,0.0,0.0,1.0,0.0,0.0,0.0,1.0,0.0,0.0,1.0,0.0,0.0,0.0,0.0,1.0,1.0,0.0,1.0,0.0
-0.742595017696657,-0.35128549831107014,-1.727485659452309,-0.7472929962930807,0.9671911626690604,-0.7187454693270836,-0.4364357804719845,0.2151833897731364,-0.5604272622163883,0.603360454366149,-0.464548674655972,-0.06779995365697478,-0.6884914239300278,0.0,0.0,1.0,0.0,0.0,0.0,0.0,1.0,0.0,0.0,0.0,0.0,1.0,0.0,0.0,0.0,0.0,0.0,0.0,0.0,0.0,1.0,0.0,0.0,1.0,0.0,0.0,0.0,0.0,1.0,0.0,0.0,0.0,0.0,0.0,1.0,1.0,0.0,0.0,0.0,0.0,1.0,0.0,0.0,1.0,0.0,0.0,0.0,0.0,1.0,1.0,0.0,0.0,1.0
-0.2345482553044173,-0.512595386691205,-0.8376025122779064,-0.7472929962930807,-0.4822933101285007,-0.7187454693270836,-0.4364357804719845,-0.5278655988201644,-0.42419284875706414,-0.3412351689076656,-0.464548674655972,-0.34373143161154046,0.012431660139291227,0.0,0.0,0.0,1.0,0.0,0.0,0.0,1.0,0.0,0.0,0.0,0.0,0.0,1.0,0.0,0.0,0.0,0.0,0.0,0.0,0.0,1.0,0.0,0.0,1.0,0.0,0.0,0.0,0.0,0.0,0.0,1.0,0.0,0.0,0.0,1.0,0.0,1.0,0.0,0.0,0.0,1.0,0.0,0.0,1.0,0.0,1.0,0.0,0.0,0.0,0.0,1.0,0.0,1.0
-0.9119439384940703,-0.8015309640217482,0.9421637820708985,1.053413018870969,-1.1164427669774335,-0.7187454693270836,-0.4364357804719845,-0.49616764854650086,-0.5995558764633637,-0.3412351689076656,-0.464548674655972,-1.0601438989327783,-0.9970428507185473,1.0,0.0,0.0,0.0,1.0,0.0,0.0,0.0,0.0,0.0,0.0,0.0,0.0,0.0,0.0,1.0,0.0,0.0,0.0,0.0,0.0,1.0,0.0,0.0,1.0,0.0,0.0,0.0,0.0,0.0,0.0,0.0,1.0,0.0,0.0,1.0,0.0,0.0,0.0,1.0,0.0,0.0,1.0,0.0,1.0,0.0,0.0,0.0,0.0,1.0,1.0,0.0,0.0,1.0
2.3056855566567815,1.4257431560482807,-1.727485659452309,-1.6476460038751053,-0.11992219192911042,1.045047093438766,-0.4364357804719845,-0.14374942157837237,1.261757806536646,-1.2858307921814802,-0.464548674655972,1.4052840780358558,1.7622593178252401,0.0,1.0,0.0,0.0,0.0,0.0,0.0,1.0,0.0,0.0,0.0,0.0,0.0,0.0,0.0,1.0,0.0,0.0,0.0,0.0,0.0,1.0,0.0,0.0,0.0,1.0,0.0,0.0,0.0,0.0,0.0,1.0,0.0,0.0,1.0,0.0,0.0,0.0,0.0,1.0,0.0,1.0,0.0,0.0,1.0,0.0,0.0,1.0,0.0,0.0,0.0,1.0,0.0,1.0
2.3056855566567815,1.6439419145763985,-0.8376025122779064,1.053413018870969,-0.3917005305786531,-0.7187454693270836,-0.4364357804719845,-0.039381134122024444,1.711476523578049,0.603360454366149,-0.464548674655972,1.5091953484398977,1.7622593178252401,1.0,0.0,0.0,0.0,0.0,0.0,1.0,0.0,0.0,0.0,0.0,0.0,0.0,0.0,1.0,0.0,0.0,0.0,0.0,1.0,0.0,0.0,0.0,0.0,0.0,0.0,0.0,0.0,1.0,0.0,0.0,0.0,1.0,0.0,0.0,1.0,0.0,0.0,1.0,0.0,0.0,1.0,0.0,1.0,0.0,0.0,1.0,0.0,0.0,0.0,0.0,1.0,0.0,1.0
0.2734985070878224,-0.33182351641833924,0.9421637820708985,-1.6476460038751053,0.8765983831192128,-0.7187454693270836,-0.4364357804719845,-0.5721429242079918,-0.5343808676845665,-1.2858307921814802,-0.464548674655972,-0.03814836730010944,0.5193206744088694,0.0,1.0,0.0,0.0,0.0,0.0,0.0,1.0,0.0,0.0,0.0,0.0,0.0,1.0,0.0,0.0,0.0,0.0,0.0,0.0,0.0,1.0,0.0,0.0,0.0,0.0,0.0,1.0,0.0,0.0,0.0,0.0,1.0,1.0,0.0,0.0,0.0,0.0,0.0,1.0,0.0,1.0,0.0,0.0,1.0,0.0,0.0,1.0,0.0,0.0,1.0,0.0,0.0,1.0
0.01947512589170256,0.21460905210833564,-0.8376025122779064,-0.7472929962930807,-1.025849987427586,-0.7187454693270836,-0.4364357804719845,0.14306475648128542,0.6920419761099567,-0.3412351689076656,-0.464548674655972,0.5994033162921586,0.28321049937129605,0.0,1.0,0.0,0.0,0.0,0.0,0.0,1.0,0.0,0.0,0.0,0.0,0.0,1.0,0.0,0.0,0.0,0.0,0.0,0.0,0.0,0.0,0.0,1.0,0.0,1.0,0.0,0.0,0.0,0.0,0.0,0.0,1.0,1.0,0.0,0.0,0.0,0.0,0.0,1.0,0.0,1.0,0.0,0.0,1.0,0.0,0.0,0.0,0.0,1.0,1.0,0.0,1.0,0.0
0.2734985070878224,-0.7154491210346692,0.9421637820708985,-1.6476460038751053,0.0612633671705847,-0.7187454693270836,-0.4364357804719845,-0.9391325377784479,-0.7164364001342853,-0.3412351689076656,-0.464548674655972,-0.8026461997916597,0.5193206744088694,0.0,0.0,0.0,1.0,0.0,0.0,0.0,1.0,0.0,0.0,0.0,0.0,0.0,0.0,0.0,1.0,0.0,0.0,0.0,0.0,0.0,1.0,0.0,0.0,0.0,0.0,0.0,1.0,0.0,0.0,0.0,0.0,1.0,0.0,0.0,1.0,0.0,0.0,0.0,1.0,0.0,1.0,0.0,0.0,1.0,0.0,1.0,0.0,0.0,0.0,0.0,1.0,0.0,1.0
-0.9119439384940703,-0.4736714229057432,-1.727485659452309,1.053413018870969,0.2424489262702798,-0.7187454693270836,-0.4364357804719845,0.25657236461926974,-0.5407235321315945,-0.3412351689076656,-0.464548674655972,-0.27158968860977006,-0.9970428507185473,0.0,0.0,0.0,1.0,0.0,0.0,0.0,1.0,0.0,0.0,0.0,0.0,0.0,0.0,0.0,1.0,0.0,0.0,0.0,0.0,0.0,1.0,0.0,0.0,1.0,0.0,0.0,0.0,0.0,0.0,0.0,0.0,1.0,0.0,0.0,1.0,0.0,1.0,0.0,0.0,0.0,1.0,0.0,0.0,1.0,0.0,0.0,1.0,0.0,0.0,0.0,1.0,1.0,0.0
-0.48857163650053714,-0.32284106323707884,-0.8376025122779064,0.15306001128894414,-0.9352572078777385,-0.7187454693270836,-0.4364357804719845,-0.06365677045281422,-0.047798680246926246,0.603360454366149,-0.464548674655972,-0.0246880275215583,-0.3049783695263035,0.0,0.0,1.0,0.0,0.0,0.0,0.0,1.0,0.0,0.0,0.0,0.0,0.0,0.0,0.0,1.0,0.0,0.0,0.0,0.0,0.0,1.0,0.0,0.0,0.0,0.0,1.0,0.0,0.0,1.0,0.0,0.0,0.0,0.0,0.0,1.0,0.0,0.0,0.0,1.0,0.0,1.0,0.0,0.0,1.0,0.0,0.0,0.0,0.0,1.0,1.0,0.0,0.0,1.0
-0.2345482553044173,0.11954475593999629,0.9421637820708985,-1.6476460038751053,-0.9352572078777385,-0.7187454693270836,-0.4364357804719845,0.27843732310621117,0.5012321252142987,-1.2858307921814802,-0.464548674655972,0.5086533495363437,0.012431660139291227,0.0,1.0,0.0,0.0,0.0,0.0,0.0,1.0,0.0,0.0,0.0,0.0,0.0,0.0,0.0,1.0,0.0,0.0,0.0,0.0,0.0,1.0,0.0,0.0,0.0,1.0,0.0,0.0,0.0,1.0,0.0,0.0,0.0,0.0,1.0,0.0,0.0,0.0,0.0,1.0,0.0,1.0,0.0,0.0,1.0,0.0,0.0,1.0,0.0,0.0,1.0,0.0,0.0,1.0
0.7815452694800622,-0.29327382151543,0.9421637820708985,1.053413018870969,-1.1164427669774335,-0.7187454693270836,-0.4364357804719845,-0.7075530832199255,0.0860762576157616,-1.2858307921814802,-0.464548674655972,0.018658753884274168,0.9166346534898615,0.0,1.0,0.0,0.0,0.0,0.0,0.0,1.0,0.0,0.0,0.0,0.0,1.0,0.0,0.0,0.0,0.0,0.0,0.0,0.0,0.0,1.0,0.0,0.0,0.0,1.0,0.0,0.0,0.0,1.0,0.0,0.0,0.0,0.0,0.0,1.0,0.0,0.0,0.0,1.0,0.0,1.0,0.0,0.0,0.0,1.0,0.0,1.0,0.0,0.0,1.0,0.0,0.0,1.0
-0.742595017696657,-0.09715692705791107,-0.8376025122779064,-1.6476460038751053,-0.7540716487780433,-0.7187454693270836,-0.4364357804719845,0.701399670333035,0.13147847759324355,-0.3412351689076656,-0.464548674655972,0.27449554797725373,-0.6884914239300278,1.0,0.0,0.0,0.0,0.0,0.0,0.0,1.0,0.0,0.0,0.0,0.0,0.0,0.0,0.0,1.0,0.0,0.0,0.0,0.0,0.0,1.0,0.0,0.0,0.0,1.0,0.0,0.0,0.0,1.0,0.0,0.0,0.0,0.0,0.0,1.0,0.0,0.0,0.0,1.0,0.0,1.0,0.0,0.0,1.0,0.0,0.0,1.0,0.0,0.0,1.0,0.0,0.0,1.0
0.2734985070878224,-0.14132065519910808,-0.8376025122779064,1.053413018870969,-0.8446644283278909,-0.7187454693270836,-0.4364357804719845,-0.3899012526886141,0.12724376494722925,-0.3412351689076656,-0.464548674655972,0.221120518651356,0.5193206744088694,0.0,1.0,0.0,0.0,0.0,0.0,0.0,1.0,0.0,0.0,0.0,0.0,0.0,0.0,0.0,0.0,0.0,0.0,1.0,0.0,0.0,0.0,0.0,1.0,0.0,0.0,0.0,1.0,0.0,1.0,0.0,0.0,0.0,0.0,0.0,1.0,0.0,0.0,0.0,1.0,0.0,1.0,0.0,0.0,0.0,1.0,0.0,1.0,0.0,0.0,1.0,0.0,0.0,1.0
-0.9966183988927769,-0.6514491421181888,0.052280634896496016,-0.7472929962930807,-0.7540716487780433,1.045047093438766,-0.4364357804719845,-0.013245556374710905,-0.5054791640219962,-0.3412351689076656,2.152626957208659,-0.6396522883314711,-1.1730821976485595,0.0,0.0,0.0,1.0,0.0,0.0,0.0,1.0,0.0,1.0,0.0,0.0,0.0,0.0,0.0,0.0,0.0,0.0,0.0,0.0,0.0,1.0,0.0,0.0,0.0,1.0,0.0,0.0,0.0,1.0,0.0,0.0,0.0,0.0,0.0,1.0,1.0,0.0,0.0,0.0,0.0,1.0,0.0,0.0,1.0,0.0,0.0,1.0,0.0,0.0,1.0,0.0,0.0,1.0
0.2734985070878224,-0.8460689610454977,0.9421637820708985,-0.7472929962930807,-0.3917005305786531,-0.7187454693270836,-0.4364357804719845,-1.0640880257160958,-0.7806788115041433,0.603360454366149,-0.464548674655972,-1.216543223359256,0.5193206744088694,0.0,0.0,0.0,1.0,0.0,0.0,0.0,1.0,0.0,0.0,0.0,0.0,1.0,0.0,0.0,0.0,0.0,0.0,0.0,0.0,0.0,0.0,0.0,1.0,0.0,1.0,0.0,0.0,0.0,0.0,0.0,0.0,1.0,0.0,0.0,1.0,1.0,0.0,0.0,0.0,0.0,0.0,1.0,0.0,1.0,0.0,0.0,1.0,0.0,0.0,0.0,1.0,0.0,1.0
0.2734985070878224,-0.32059544994176375,0.9421637820708985,-0.7472929962930807,-0.5728860896783482,-0.7187454693270836,-0.4364357804719845,-0.5614017647864175,-0.19448233593486713,0.603360454366149,-0.464548674655972,-0.021344624994078503,0.5193206744088694,1.0,0.0,0.0,0.0,0.0,0.0,1.0,0.0,0.0,0.0,0.0,0.0,1.0,0.0,0.0,0.0,0.0,0.0,0.0,0.0,0.0,0.0,0.0,1.0,0.0,0.0,1.0,0.0,0.0,0.0,0.0,0.0,1.0,0.0,0.0,1.0,0.0,1.0,0.0,0.0,1.0,0.0,0.0,0.0,1.0,0.0,0.0,0.0,0.0,1.0,1.0,0.0,0.0,1.0
-0.9119439384940703,-0.5960573475004163,0.052280634896496016,-0.7472929962930807,0.42363448536997494,-0.7187454693270836,2.29128784747792,-0.024416201939185745,-0.6650518354136776,1.5479560776399637,-0.464548674655972,-0.513412033270813,-0.9970428507185473,0.0,0.0,0.0,1.0,0.0,0.0,0.0,1.0,0.0,0.0,0.0,0.0,0.0,1.0,0.0,0.0,0.0,0.0,0.0,0.0,1.0,0.0,0.0,0.0,1.0,0.0,0.0,0.0,0.0,0.0,0.0,0.0,1.0,0.0,0.0,1.0,0.0,0.0,1.0,0.0,0.0,1.0,0.0,0.0,0.0,1.0,0.0,0.0,0.0,1.0,1.0,0.0,1.0,0.0
-1.2506417800888967,-0.4048059485160801,-0.8376025122779064,-0.7472929962930807,-0.5728860896783482,-0.7187454693270836,-0.4364357804719845,1.6222721718985889,-0.2845779789452004,-0.3412351689076656,-0.464548674655972,-0.15301477224462975,-1.8318662260302179,0.0,0.0,0.0,1.0,0.0,0.0,0.0,1.0,0.0,0.0,0.0,0.0,0.0,0.0,0.0,1.0,0.0,0.0,0.0,0.0,0.0,1.0,0.0,0.0,0.0,1.0,0.0,0.0,0.0,0.0,0.0,1.0,0.0,0.0,0.0,1.0,0.0,0.0,0.0,1.0,0.0,1.0,0.0,0.0,0.0,1.0,0.0,1.0,0.0,0.0,1.0,0.0,0.0,1.0
-0.9966183988927769,-0.7311684141018749,-1.727485659452309,1.053413018870969,-1.1164427669774335,-0.7187454693270836,-0.4364357804719845,-0.21661136686365276,-0.5046377312447514,-0.3412351689076656,-0.464548674655972,-0.8460161021469429,-1.1730821976485595,0.0,0.0,0.0,1.0,0.0,0.0,0.0,1.0,0.0,0.0,1.0,0.0,0.0,0.0,0.0,0.0,0.0,0.0,0.0,0.0,0.0,1.0,0.0,0.0,0.0,0.0,1.0,0.0,0.0,1.0,0.0,0.0,0.0,0.0,0.0,1.0,0.0,0.0,0.0,1.0,0.0,1.0,0.0,0.0,0.0,1.0,0.0,1.0,0.0,0.0,0.0,1.0,0.0,1.0
-0.742595017696657,-0.29926212363627025,0.9421637820708985,0.15306001128894414,1.3295622808684506,-0.7187454693270836,-0.4364357804719845,0.3147180922736164,-0.5736047213330265,0.603360454366149,-0.464548674655972,0.009995704416391481,-0.6884914239300278,0.0,0.0,0.0,1.0,0.0,0.0,0.0,1.0,0.0,0.0,0.0,0.0,0.0,1.0,0.0,0.0,0.0,0.0,0.0,0.0,0.0,0.0,0.0,1.0,0.0,0.0,0.0,1.0,0.0,0.0,0.0,0.0,1.0,0.0,0.0,1.0,1.0,0.0,0.0,0.0,0.0,1.0,0.0,0.0,1.0,0.0,0.0,1.0,0.0,0.0,0.0,1.0,0.0,1.0
-0.742595017696657,-0.734162565162295,0.9421637820708985,-0.7472929962930807,-1.025849987427586,-0.7187454693270836,-0.4364357804719845,-0.5173633775505398,-0.5345100090913824,-1.2858307921814802,-0.464548674655972,-0.8544437791721518,-0.6884914239300278,0.0,1.0,0.0,0.0,0.0,0.0,0.0,1.0,0.0,0.0,0.0,0.0,0.0,1.0,0.0,0.0,0.0,0.0,0.0,0.0,0.0,1.0,0.0,0.0,1.0,0.0,0.0,0.0,0.0,1.0,0.0,0.0,0.0,0.0,0.0,1.0,0.0,0.0,0.0,1.0,0.0,1.0,0.0,0.0,1.0,0.0,0.0,0.0,0.0,1.0,1.0,0.0,0.0,1.0
-0.742595017696657,0.14986053542675018,-0.8376025122779064,-0.7472929962930807,-0.5728860896783482,-0.7187454693270836,2.29128784747792,1.174010487961213,0.30885198968286115,-1.2858307921814802,-0.464548674655972,0.5382875892073357,-0.6884914239300278,0.0,1.0,0.0,0.0,0.0,0.0,0.0,1.0,0.0,0.0,0.0,0.0,1.0,0.0,0.0,0.0,0.0,0.0,0.0,0.0,0.0,1.0,0.0,0.0,1.0,0.0,0.0,0.0,0.0,0.0,0.0,0.0,1.0,1.0,0.0,0.0,0.0,1.0,0.0,0.0,0.0,1.0,0.0,0.0,1.0,0.0,0.0,0.0,0.0,1.0,1.0,0.0,0.0,1.0
0.2734985070878224,-0.43699307241559654,0.9421637820708985,1.053413018870969,0.15185614672043227,-0.7187454693270836,-0.4364357804719845,-0.6727517841234045,-0.49407600459153395,-0.3412351689076656,-0.464548674655972,-0.20709148778664863,0.5193206744088694,0.0,0.0,0.0,1.0,0.0,1.0,0.0,0.0,0.0,0.0,0.0,0.0,0.0,1.0,0.0,0.0,0.0,0.0,0.0,0.0,0.0,1.0,0.0,0.0,1.0,0.0,0.0,0.0,0.0,1.0,0.0,0.0,0.0,0.0,0.0,1.0,1.0,0.0,0.0,0.0,0.0,1.0,0.0,0.0,1.0,0.0,0.0,1.0,0.0,0.0,0.0,1.0,0.0,1.0
-0.742595017696657,-0.9351449550929968,0.9421637820708985,0.15306001128894414,-0.029329412379262863,1.045047093438766,-0.4364357804719845,-0.9018967246207396,-0.8994135147285178,-1.2858307921814802,-0.464548674655972,-1.6004995848434014,-0.6884914239300278,0.0,1.0,0.0,0.0,0.0,1.0,0.0,0.0,0.0,0.0,0.0,0.0,0.0,1.0,0.0,0.0,0.0,0.0,0.0,0.0,0.0,1.0,0.0,0.0,0.0,0.0,0.0,1.0,0.0,0.0,0.0,0.0,1.0,0.0,0.0,1.0,0.0,1.0,0.0,0.0,0.0,1.0,0.0,0.0,1.0,0.0,0.0,1.0,0.0,0.0,1.0,0.0,0.0,1.0
-0.2345482553044173,-0.8696479006463063,0.9421637820708985,-0.7472929962930807,-0.9352572078777385,-0.7187454693270836,-0.4364357804719845,-0.9832906950414564,-0.7264230514642273,-0.3412351689076656,-0.464548674655972,-1.3076561385249756,0.012431660139291227,1.0,0.0,0.0,0.0,0.0,0.0,0.0,1.0,0.0,0.0,0.0,0.0,0.0,0.0,0.0,1.0,0.0,0.0,0.0,0.0,0.0,1.0,0.0,0.0,1.0,0.0,0.0,0.0,0.0,0.0,0.0,1.0,0.0,0.0,1.0,0.0,0.0,0.0,0.0,1.0,0.0,1.0,0.0,0.0,1.0,0.0,0.0,0.0,0.0,1.0,1.0,0.0,0.0,1.0
-0.48857163650053714,-0.5283146797584107,-0.8376025122779064,-1.6476460038751053,-0.8446644283278909,1.045047093438766,-0.4364357804719845,-0.3781578396912757,-0.33456954168813163,-0.3412351689076656,-0.464548674655972,-0.3740407339835788,-0.3049783695263035,1.0,0.0,0.0,0.0,0.0,0.0,0.0,0.0,1.0,0.0,0.0,0.0,0.0,1.0,0.0,0.0,0.0,0.0,0.0,0.0,0.0,1.0,0.0,0.0,0.0,0.0,1.0,0.0,0.0,1.0,0.0,0.0,0.0,0.0,0.0,1.0,0.0,0.0,0.0,1.0,0.0,1.0,0.0,0.0,0.0,1.0,0.0,0.0,1.0,0.0,1.0,0.0,0.0,1.0
0.7815452694800622,0.6068428410233735,-0.8376025122779064,1.053413018870969,-1.025849987427586,-0.7187454693270836,-0.4364357804719845,-0.0186866682441149,1.199113566047236,0.603360454366149,-0.464548674655972,0.91845561437185,0.9166346534898615,0.0,0.0,0.0,1.0,0.0,0.0,0.0,1.0,0.0,0.0,0.0,0.0,0.0,0.0,0.0,0.0,0.0,0.0,1.0,0.0,0.0,0.0,0.0,1.0,0.0,1.0,0.0,0.0,0.0,1.0,0.0,0.0,0.0,0.0,0.0,1.0,0.0,1.0,0.0,0.0,0.0,0.0,1.0,0.0,0.0,1.0,0.0,0.0,0.0,1.0,1.0,0.0,0.0,1.0
-0.742595017696657,-0.46992873408021807,-0.8376025122779064,-0.7472929962930807,-0.8446644283278909,1.045047093438766,-0.4364357804719845,-0.011813018087670435,-0.2648955805323131,-0.3412351689076656,-0.464548674655972,-0.2648595638911365,-0.6884914239300278,0.0,0.0,0.0,1.0,0.0,1.0,0.0,0.0,0.0,0.0,0.0,0.0,0.0,0.0,0.0,1.0,0.0,0.0,0.0,0.0,0.0,1.0,0.0,0.0,0.0,0.0,0.0,1.0,0.0,0.0,0.0,0.0,1.0,0.0,0.0,1.0,0.0,0.0,1.0,0.0,0.0,1.0,0.0,0.0,1.0,0.0,0.0,1.0,0.0,0.0,1.0,0.0,0.0,1.0
-0.742595017696657,-0.7850631331894374,0.9421637820708985,1.053413018870969,1.238969501318603,1.045047093438766,-0.4364357804719845,-0.6147498490618009,-0.8698850023831178,-0.3412351689076656,-0.464548674655972,-1.0067730942385407,-0.6884914239300278,1.0,0.0,0.0,0.0,0.0,0.0,0.0,1.0,0.0,0.0,0.0,0.0,0.0,0.0,0.0,1.0,0.0,0.0,0.0,0.0,0.0,1.0,0.0,0.0,1.0,0.0,0.0,0.0,0.0,1.0,0.0,0.0,0.0,0.0,1.0,0.0,0.0,0.0,0.0,1.0,0.0,1.0,0.0,0.0,1.0,0.0,0.0,1.0,0.0,0.0,0.0,1.0,0.0,1.0
-0.2345482553044173,-0.4893907159729489,0.9421637820708985,1.053413018870969,-0.9352572078777385,1.045047093438766,-0.4364357804719845,-0.49826774141374913,-0.25449809516253125,-1.2858307921814802,-0.464548674655972,-0.30024330269561544,0.012431660139291227,0.0,1.0,0.0,0.0,0.0,0.0,0.0,1.0,0.0,0.0,0.0,0.0,0.0,0.0,0.0,1.0,0.0,0.0,0.0,0.0,0.0,1.0,0.0,0.0,1.0,0.0,0.0,0.0,0.0,1.0,0.0,0.0,0.0,0.0,0.0,1.0,1.0,0.0,0.0,0.0,1.0,0.0,0.0,0.0,0.0,1.0,0.0,1.0,0.0,0.0,1.0,0.0,0.0,1.0
0.2734985070878224,-0.16078263709183896,0.9421637820708985,1.053413018870969,0.0612633671705847,-0.7187454693270836,-0.4364357804719845,-0.4085192623526762,-0.23839556002025575,0.603360454366149,-0.464548674655972,0.19688465926111517,0.5193206744088694,1.0,0.0,0.0,0.0,0.0,0.0,0.0,1.0,0.0,0.0,0.0,0.0,0.0,0.0,0.0,0.0,0.0,0.0,1.0,0.0,0.0,0.0,0.0,1.0,0.0,0.0,0.0,1.0,0.0,0.0,0.0,0.0,1.0,0.0,0.0,1.0,0.0,0.0,1.0,0.0,1.0,0.0,0.0,1.0,0.0,0.0,0.0,1.0,0.0,0.0,0.0,1.0,0.0,1.0
1.289592031872302,-0.3015077369315854,0.9421637820708985,-1.6476460038751053,-0.21051497147895798,-0.7187454693270836,-0.4364357804719845,-0.8276630931919712,-0.2897713358286207,-0.3412351689076656,2.152626957208659,0.00673210680810616,1.2434283535975954,1.0,0.0,0.0,0.0,0.0,0.0,0.0,1.0,0.0,0.0,0.0,0.0,0.0,0.0,0.0,0.0,1.0,0.0,0.0,0.0,0.0,1.0,0.0,0.0,0.0,0.0,1.0,0.0,0.0,0.0,0.0,0.0,1.0,0.0,0.0,1.0,0.0,0.0,1.0,0.0,0.0,1.0,0.0,0.0,0.0,1.0,0.0,0.0,0.0,1.0,1.0,0.0,0.0,1.0
-0.742595017696657,-0.8790046227101191,-0.8376025122779064,1.053413018870969,-1.1164427669774335,-0.7187454693270836,-0.4364357804719845,-0.7944851751597898,-0.7040668129540699,0.603360454366149,2.152626957208659,-1.3456609316353,-0.6884914239300278,1.0,0.0,0.0,0.0,0.0,0.0,0.0,1.0,0.0,1.0,0.0,0.0,0.0,0.0,0.0,0.0,0.0,0.0,0.0,1.0,0.0,0.0,0.0,0.0,0.0,1.0,0.0,0.0,0.0,1.0,0.0,0.0,0.0,0.0,0.0,1.0,0.0,0.0,0.0,1.0,0.0,1.0,0.0,0.0,0.0,1.0,0.0,0.0,0.0,1.0,1.0,0.0,0.0,1.0
1.289592031872302,0.22995407629298883,0.9421637820708985,-1.6476460038751053,0.6048200444696701,-0.7187454693270836,-0.4364357804719845,-0.48871979325796494,-0.07692886089476166,-0.3412351689076656,-0.464548674655972,0.6134754205697694,1.2434283535975954,1.0,0.0,0.0,0.0,0.0,0.0,0.0,0.0,1.0,0.0,0.0,0.0,0.0,0.0,0.0,1.0,0.0,0.0,0.0,0.0,0.0,1.0,0.0,0.0,1.0,0.0,0.0,0.0,0.0,1.0,0.0,0.0,0.0,0.0,0.0,1.0,1.0,0.0,0.0,0.0,0.0,1.0,0.0,0.0,1.0,0.0,0.0,1.0,0.0,0.0,0.0,1.0,0.0,1.0
0.2734985070878224,-0.45832639872109,0.9421637820708985,1.053413018870969,0.6048200444696701,1.045047093438766,-0.4364357804719845,-0.6931599870243959,-0.5853829614472728,0.603360454366149,-0.464548674655972,-0.24421506569033558,0.5193206744088694,1.0,0.0,0.0,0.0,0.0,0.0,1.0,0.0,0.0,0.0,0.0,0.0,0.0,1.0,0.0,0.0,0.0,0.0,0.0,0.0,0.0,0.0,0.0,1.0,1.0,0.0,0.0,0.0,0.0,1.0,0.0,0.0,0.0,0.0,0.0,1.0,1.0,0.0,0.0,0.0,0.0,1.0,0.0,0.0,0.0,1.0,0.0,1.0,0.0,0.0,0.0,1.0,0.0,1.0
-0.742595017696657,-0.3999404530428974,0.9421637820708985,-0.7472929962930807,-0.4822933101285007,1.045047093438766,-0.4364357804719845,0.12209338024031337,-0.30768249662716907,-1.2858307921814802,-0.464548674655972,-0.14503278298446545,-0.6884914239300278,0.0,1.0,0.0,0.0,0.0,1.0,0.0,0.0,0.0,0.0,0.0,0.0,0.0,1.0,0.0,0.0,0.0,0.0,0.0,0.0,0.0,1.0,0.0,0.0,1.0,0.0,0.0,0.0,0.0,0.0,0.0,0.0,1.0,0.0,0.0,1.0,0.0,1.0,0.0,0.0,0.0,1.0,0.0,0.0,1.0,0.0,0.0,1.0,0.0,0.0,1.0,0.0,0.0,1.0
-1.2506417800888967,0.12291317588296895,-0.8376025122779064,0.15306001128894414,-0.8446644283278909,-0.7187454693270836,-0.4364357804719845,3.641607618986304,0.44256310197292037,-0.3412351689076656,-0.464548674655972,0.5119796283445333,-1.8318662260302179,0.0,0.0,0.0,1.0,0.0,0.0,0.0,1.0,0.0,0.0,0.0,0.0,0.0,1.0,0.0,0.0,0.0,0.0,0.0,0.0,0.0,1.0,0.0,0.0,1.0,0.0,0.0,0.0,0.0,0.0,0.0,0.0,1.0,0.0,1.0,0.0,0.0,1.0,0.0,0.0,0.0,1.0,0.0,0.0,0.0,1.0,0.0,1.0,0.0,0.0,1.0,0.0,0.0,1.0
0.2734985070878224,0.5001762094959061,0.052280634896496016,-0.7472929962930807,3.503788990064792,-0.7187454693270836,-0.4364357804719845,0.22377698893066564,-0.4184388520436996,-0.3412351689076656,2.152626957208659,0.8391527628322101,0.5193206744088694,0.0,0.0,0.0,1.0,0.0,1.0,0.0,0.0,0.0,1.0,0.0,0.0,0.0,0.0,0.0,0.0,0.0,0.0,0.0,0.0,0.0,1.0,0.0,0.0,1.0,0.0,0.0,0.0,0.0,0.0,0.0,0.0,1.0,0.0,0.0,1.0,0.0,0.0,0.0,1.0,0.0,1.0,0.0,0.0,1.0,0.0,1.0,0.0,0.0,0.0,0.0,1.0,0.0,1.0
-0.742595017696657,-0.4983731691542093,0.9421637820708985,-1.6476460038751053,-1.207035546527281,-0.7187454693270836,-0.4364357804719845,-0.0662348698145515,-0.14796032969131306,-1.2858307921814802,-0.464548674655972,-0.3169051388334855,-0.6884914239300278,0.0,1.0,0.0,0.0,0.0,0.0,0.0,1.0,0.0,0.0,0.0,0.0,1.0,0.0,0.0,0.0,0.0,0.0,0.0,0.0,0.0,1.0,0.0,0.0,0.0,0.0,1.0,0.0,0.0,1.0,0.0,0.0,0.0,0.0,0.0,1.0,1.0,0.0,0.0,0.0,0.0,1.0,0.0,0.0,0.0,1.0,0.0,1.0,0.0,0.0,1.0,0.0,0.0,1.0
-1.0812928592914834,-0.7581157736456562,0.052280634896496016,1.053413018870969,1.4201550604182982,1.045047093438766,2.29128784747792,-0.14643601435742415,-0.8636397141009357,-1.2858307921814802,-0.464548674655972,-0.923909215179095,-1.3676846672556044,0.0,1.0,0.0,0.0,0.0,1.0,0.0,0.0,0.0,0.0,0.0,0.0,0.0,0.0,1.0,0.0,0.0,0.0,0.0,0.0,0.0,1.0,0.0,0.0,0.0,0.0,0.0,1.0,0.0,0.0,0.0,0.0,1.0,0.0,0.0,1.0,0.0,0.0,1.0,0.0,1.0,0.0,0.0,1.0,0.0,0.0,1.0,0.0,0.0,0.0,0.0,1.0,0.0,1.0
-0.742595017696657,-0.611776640567622,0.9421637820708985,1.053413018870969,1.7825261786176885,1.045047093438766,2.29128784747792,-0.2832061997256698,-0.8003618308063961,2.4925517009137783,2.152626957208659,-0.5480077808383691,-0.6884914239300278,0.0,0.0,0.0,1.0,0.0,0.0,1.0,0.0,0.0,0.0,0.0,0.0,0.0,0.0,0.0,0.0,1.0,0.0,0.0,0.0,0.0,0.0,1.0,0.0,0.0,0.0,0.0,1.0,0.0,0.0,0.0,0.0,1.0,0.0,0.0,1.0,0.0,0.0,1.0,0.0,0.0,1.0,0.0,1.0,0.0,0.0,0.0,1.0,0.0,0.0,1.0,0.0,0.0,1.0
-0.48857163650053714,-0.18810426551817272,-0.8376025122779064,1.053413018870969,-0.8446644283278909,-0.7187454693270836,-0.4364357804719845,0.14257343888388196,0.07141527043134906,0.603360454366149,2.152626957208659,0.1620796717836111,-0.3049783695263035,0.0,0.0,1.0,0.0,0.0,0.0,0.0,1.0,0.0,1.0,0.0,0.0,0.0,0.0,0.0,0.0,0.0,0.0,0.0,0.0,0.0,1.0,0.0,0.0,0.0,1.0,0.0,0.0,0.0,0.0,0.0,0.0,1.0,0.0,0.0,1.0,0.0,1.0,0.0,0.0,0.0,1.0,0.0,0.0,0.0,1.0,0.0,1.0,0.0,0.0,0.0,1.0,0.0,1.0
1.289592031872302,0.27074938449121316,-0.8376025122779064,-0.7472929962930807,-1.1164427669774335,-0.7187454693270836,-0.4364357804719845,-0.4627023146010588,0.8469360706181489,0.603360454366149,-0.464548674655972,0.650161708598903,1.2434283535975954,0.0,0.0,1.0,0.0,0.0,0.0,0.0,1.0,0.0,0.0,0.0,0.0,0.0,0.0,0.0,1.0,0.0,0.0,0.0,0.0,0.0,1.0,0.0,0.0,1.0,0.0,0.0,0.0,0.0,0.0,0.0,0.0,1.0,0.0,0.0,1.0,0.0,0.0,0.0,1.0,0.0,1.0,0.0,0.0,1.0,0.0,0.0,1.0,0.0,0.0,0.0,1.0,0.0,1.0
0.2734985070878224,3.2742571669751626,-0.8376025122779064,0.15306001128894414,0.3330417058201274,1.045047093438766,2.29128784747792,2.877559443354295,2.4258894348608275,-0.3412351689076656,-0.464548674655972,2.098773012982772,0.5193206744088694,1.0,0.0,0.0,0.0,0.0,1.0,0.0,0.0,0.0,0.0,0.0,0.0,0.0,0.0,1.0,0.0,0.0,0.0,0.0,0.0,0.0,1.0,0.0,0.0,1.0,0.0,0.0,0.0,0.0,0.0,0.0,0.0,1.0,1.0,0.0,0.0,1.0,0.0,0.0,0.0,0.0,1.0,0.0,0.0,1.0,0.0,1.0,0.0,0.0,0.0,0.0,1.0,0.0,1.0
-0.742595017696657,-0.8614139852301509,0.9421637820708985,1.053413018870969,0.5142272649198225,-0.7187454693270836,2.29128784747792,-0.7608295563286923,-0.8771680061684267,-0.3412351689076656,-0.464548674655972,-1.2751076864866433,-0.6884914239300278,1.0,0.0,0.0,0.0,0.0,0.0,0.0,1.0,0.0,0.0,0.0,0.0,0.0,1.0,0.0,0.0,0.0,0.0,0.0,0.0,0.0,1.0,0.0,0.0,0.0,0.0,0.0,1.0,0.0,0.0,0.0,0.0,1.0,0.0,0.0,1.0,1.0,0.0,0.0,0.0,1.0,0.0,0.0,0.0,1.0,0.0,0.0,0.0,0.0,1.0,1.0,0.0,0.0,1.0
0.2734985070878224,-0.6263731269871702,0.9421637820708985,-1.6476460038751053,0.6954128240195177,1.045047093438766,-0.4364357804719845,-0.8539193397006247,-0.719271950110795,2.4925517009137783,-0.464548674655972,-0.5809789851505122,0.5193206744088694,0.0,0.0,0.0,1.0,0.0,1.0,0.0,0.0,0.0,0.0,0.0,0.0,0.0,0.0,0.0,1.0,0.0,0.0,0.0,0.0,0.0,0.0,1.0,0.0,1.0,0.0,0.0,0.0,0.0,1.0,0.0,0.0,0.0,0.0,0.0,1.0,0.0,0.0,0.0,1.0,0.0,1.0,0.0,0.0,1.0,0.0,0.0,0.0,0.0,1.0,1.0,0.0,0.0,1.0
0.2734985070878224,1.264433267668146,-0.8376025122779064,-0.7472929962930807,-1.2976283260771286,-0.7187454693270836,-0.4364357804719845,0.9548919068924913,2.503219086960628,-1.2858307921814802,2.152626957208659,1.3227401762315911,0.5193206744088694,0.0,1.0,0.0,0.0,0.0,0.0,0.0,1.0,0.0,1.0,0.0,0.0,0.0,0.0,0.0,0.0,0.0,0.0,0.0,0.0,0.0,1.0,0.0,0.0,1.0,0.0,0.0,0.0,0.0,0.0,0.0,1.0,0.0,0.0,0.0,1.0,1.0,0.0,0.0,0.0,0.0,0.0,1.0,0.0,1.0,0.0,0.0,0.0,0.0,1.0,1.0,0.0,0.0,1.0
0.7815452694800622,1.944854096148622,-0.8376025122779064,-0.7472929962930807,1.238969501318603,-0.7187454693270836,-0.4364357804719845,1.0053039486118196,0.8586931078825693,-0.3412351689076656,-0.464548674655972,1.6400918069391897,0.9166346534898615,1.0,0.0,0.0,0.0,0.0,1.0,0.0,0.0,0.0,0.0,0.0,0.0,1.0,0.0,0.0,0.0,0.0,0.0,0.0,0.0,0.0,1.0,0.0,0.0,0.0,1.0,0.0,0.0,0.0,0.0,0.0,0.0,1.0,0.0,0.0,1.0,0.0,1.0,0.0,0.0,0.0,1.0,0.0,0.0,1.0,0.0,0.0,1.0,0.0,0.0,1.0,0.0,0.0,1.0
-0.742595017696657,-0.7169461965648793,0.052280634896496016,-1.6476460038751053,0.15185614672043227,-0.7187454693270836,-0.4364357804719845,-0.4844238357158486,-0.7288333419959242,-1.2858307921814802,-0.464548674655972,-0.8067148363673705,-0.6884914239300278,0.0,1.0,0.0,0.0,0.0,0.0,0.0,1.0,0.0,0.0,0.0,0.0,0.0,1.0,0.0,0.0,0.0,0.0,0.0,0.0,0.0,1.0,0.0,0.0,0.0,0.0,1.0,0.0,0.0,1.0,0.0,0.0,0.0,0.0,0.0,1.0,0.0,0.0,0.0,1.0,0.0,1.0,0.0,0.0,1.0,0.0,0.0,0.0,0.0,1.0,1.0,0.0,0.0,1.0
-0.06519933450700406,1.4474507512363268,0.052280634896496016,1.053413018870969,0.0612633671705847,1.045047093438766,2.29128784747792,1.635308299716739,1.1476648245748764,0.603360454366149,-0.464548674655972,1.4160021424860403,0.19728732528481788,1.0,0.0,0.0,0.0,0.0,0.0,1.0,0.0,0.0,0.0,0.0,0.0,0.0,0.0,0.0,0.0,0.0,0.0,1.0,0.0,0.0,0.0,0.0,1.0,0.0,1.0,0.0,0.0,0.0,0.0,0.0,0.0,1.0,0.0,0.0,1.0,0.0,1.0,0.0,0.0,1.0,0.0,0.0,0.0,0.0,1.0,1.0,0.0,0.0,0.0,0.0,1.0,0.0,1.0
-0.2345482553044173,-0.6200105559837774,0.9421637820708985,-1.6476460038751053,0.6954128240195177,-0.7187454693270836,2.29128784747792,-0.664875035524054,-0.7146810294915926,-0.3412351689076656,-0.464548674655972,-0.5665039157809098,0.012431660139291227,0.0,0.0,0.0,1.0,0.0,0.0,0.0,1.0,0.0,0.0,0.0,0.0,1.0,0.0,0.0,0.0,0.0,0.0,0.0,0.0,0.0,1.0,0.0,0.0,0.0,0.0,1.0,0.0,0.0,0.0,0.0,1.0,0.0,1.0,0.0,0.0,0.0,1.0,0.0,0.0,0.0,1.0,0.0,0.0,1.0,0.0,0.0,0.0,0.0,1.0,1.0,0.0,0.0,1.0
-0.2345482553044173,-0.46730885190235044,0.9421637820708985,-0.7472929962930807,-0.029329412379262863,-0.7187454693270836,-0.4364357804719845,-0.47010203839796694,-0.48468751445085223,2.4925517009137783,2.152626957208659,-0.2601691393188077,0.012431660139291227,1.0,0.0,0.0,0.0,0.0,0.0,0.0,1.0,0.0,1.0,0.0,0.0,0.0,0.0,0.0,0.0,0.0,0.0,0.0,0.0,0.0,0.0,1.0,0.0,1.0,0.0,0.0,0.0,0.0,0.0,0.0,0.0,1.0,0.0,0.0,1.0,0.0,1.0,0.0,0.0,0.0,1.0,0.0,0.0,1.0,0.0,0.0,0.0,0.0,1.0,0.0,1.0,0.0,1.0
-1.2506417800888967,-0.4931334047984741,0.9421637820708985,1.053413018870969,0.0612633671705847,2.8088396562046154,-0.4364357804719845,1.284284111251283,-0.5248329864853423,-1.2858307921814802,-0.464548674655972,-0.307159778914197,-1.8318662260302179,0.0,1.0,0.0,0.0,0.0,1.0,0.0,0.0,0.0,0.0,0.0,0.0,1.0,0.0,0.0,0.0,0.0,0.0,0.0,0.0,0.0,1.0,0.0,0.0,0.0,0.0,0.0,0.0,1.0,0.0,0.0,0.0,1.0,0.0,0.0,1.0,0.0,0.0,1.0,0.0,0.0,1.0,0.0,1.0,0.0,0.0,1.0,0.0,0.0,0.0,0.0,1.0,0.0,1.0
-0.742595017696657,-0.6724081995411297,0.9421637820708985,1.053413018870969,1.057783942218908,2.8088396562046154,2.29128784747792,-0.3992106731434953,-0.7845043860896709,-0.3412351689076656,2.152626957208659,-0.6908115205235178,-0.6884914239300278,0.0,0.0,0.0,1.0,0.0,0.0,0.0,1.0,0.0,0.0,0.0,1.0,0.0,0.0,0.0,0.0,0.0,0.0,0.0,0.0,0.0,1.0,0.0,0.0,0.0,0.0,0.0,1.0,0.0,0.0,0.0,0.0,1.0,0.0,0.0,1.0,0.0,1.0,0.0,0.0,1.0,0.0,0.0,0.0,1.0,0.0,0.0,1.0,0.0,0.0,0.0,1.0,0.0,1.0
0.2734985070878224,0.3935095779684388,-1.727485659452309,1.053413018870969,0.0612633671705847,2.8088396562046154,-0.4364357804719845,0.12173597442570945,0.23932271542433142,-0.3412351689076656,2.152626957208659,0.7546915679165164,0.5193206744088694,1.0,0.0,0.0,0.0,0.0,0.0,0.0,0.0,1.0,1.0,0.0,0.0,0.0,0.0,0.0,0.0,0.0,0.0,0.0,0.0,0.0,1.0,0.0,0.0,1.0,0.0,0.0,0.0,0.0,0.0,0.0,0.0,1.0,0.0,0.0,1.0,0.0,0.0,0.0,1.0,0.0,1.0,0.0,0.0,1.0,0.0,0.0,0.0,0.0,1.0,0.0,1.0,0.0,1.0
0.2734985070878224,3.132783529370311,-1.727485659452309,1.053413018870969,-1.1164427669774335,1.045047093438766,-0.4364357804719845,2.7422208346424584,4.707782115760323,-0.3412351689076656,-0.464548674655972,2.0569831600942785,0.5193206744088694,1.0,0.0,0.0,0.0,0.0,0.0,0.0,1.0,0.0,0.0,0.0,0.0,0.0,0.0,0.0,0.0,0.0,0.0,1.0,0.0,0.0,1.0,0.0,0.0,1.0,0.0,0.0,0.0,0.0,1.0,0.0,0.0,0.0,0.0,0.0,1.0,1.0,0.0,0.0,0.0,0.0,1.0,0.0,0.0,0.0,1.0,1.0,0.0,0.0,0.0,1.0,0.0,0.0,1.0
1.7976387942645415,0.44179026381771347,0.052280634896496016,-0.7472929962930807,-0.8446644283278909,1.045047093438766,2.29128784747792,-0.5026321185809756,0.82309012059316,-1.2858307921814802,-0.464548674655972,0.7936029973835065,1.5210018607961258,0.0,1.0,0.0,0.0,0.0,0.0,1.0,0.0,0.0,0.0,0.0,0.0,0.0,0.0,0.0,1.0,0.0,0.0,0.0,0.0,0.0,1.0,0.0,0.0,0.0,1.0,0.0,0.0,0.0,0.0,0.0,0.0,1.0,0.0,0.0,1.0,0.0,1.0,0.0,0.0,1.0,0.0,0.0,0.0,1.0,0.0,0.0,1.0,0.0,0.0,0.0,1.0,0.0,1.0
1.7976387942645415,1.1600122494359937,-0.8376025122779064,-1.6476460038751053,-0.21051497147895798,1.045047093438766,-0.4364357804719845,-0.11001709742353895,1.0843541212970045,0.603360454366149,2.152626957208659,1.2663667261148666,1.5210018607961258,0.0,0.0,1.0,0.0,0.0,0.0,0.0,0.0,1.0,1.0,0.0,0.0,0.0,0.0,0.0,0.0,0.0,0.0,0.0,0.0,0.0,1.0,0.0,0.0,0.0,0.0,1.0,0.0,0.0,0.0,1.0,0.0,0.0,0.0,0.0,1.0,0.0,1.0,0.0,0.0,0.0,1.0,0.0,0.0,1.0,0.0,0.0,1.0,0.0,0.0,1.0,0.0,0.0,1.0
1.289592031872302,-0.19409256763901298,0.9421637820708985,1.053413018870969,1.3295622808684506,-0.7187454693270836,-0.4364357804719845,-0.7591583558109432,-0.5083434323355099,0.603360454366149,-0.464548674655972,0.15432495522933012,1.2434283535975954,1.0,0.0,0.0,0.0,0.0,0.0,0.0,1.0,0.0,0.0,0.0,0.0,0.0,0.0,0.0,1.0,0.0,0.0,0.0,1.0,0.0,0.0,0.0,0.0,1.0,0.0,0.0,0.0,0.0,1.0,0.0,0.0,0.0,1.0,0.0,0.0,0.0,0.0,1.0,0.0,0.0,1.0,0.0,1.0,0.0,0.0,0.0,1.0,0.0,0.0,1.0,0.0,0.0,1.0
-1.16596731969019,-0.2296481114815021,-0.8376025122779064,-0.7472929962930807,-0.029329412379262863,-0.7187454693270836,-0.4364357804719845,1.765488204735998,-0.27400670630979823,-0.3412351689076656,-0.464548674655972,0.10730265130104162,-1.585231719616147,1.0,0.0,0.0,0.0,0.0,0.0,0.0,1.0,0.0,0.0,0.0,0.0,0.0,0.0,0.0,1.0,0.0,0.0,0.0,0.0,0.0,1.0,0.0,0.0,1.0,0.0,0.0,0.0,0.0,0.0,0.0,0.0,1.0,0.0,1.0,0.0,0.0,0.0,0.0,1.0,0.0,1.0,0.0,0.0,1.0,0.0,0.0,1.0,0.0,0.0,1.0,0.0,0.0,1.0
1.289592031872302,-0.4628176253117202,0.9421637820708985,1.053413018870969,2.326082855916774,-0.7187454693270836,-0.4364357804719845,-0.9305395454958844,-0.7568891401244078,-0.3412351689076656,2.152626957208659,-0.2521676078670369,1.2434283535975954,1.0,0.0,0.0,0.0,0.0,0.0,0.0,0.0,1.0,1.0,0.0,0.0,0.0,0.0,0.0,0.0,0.0,0.0,0.0,0.0,0.0,1.0,0.0,0.0,0.0,0.0,0.0,1.0,0.0,0.0,0.0,0.0,1.0,0.0,0.0,1.0,0.0,0.0,1.0,0.0,0.0,1.0,0.0,1.0,0.0,0.0,1.0,0.0,0.0,0.0,0.0,1.0,0.0,1.0
1.289592031872302,0.05966173473159357,0.9421637820708985,-0.7472929962930807,-0.6634788692281958,-0.7187454693270836,-0.4364357804719845,-0.5973248647156922,0.26024322803954225,-0.3412351689076656,-0.464548674655972,0.4480517507642803,1.2434283535975954,0.0,0.0,0.0,1.0,0.0,0.0,0.0,1.0,0.0,0.0,0.0,0.0,1.0,0.0,0.0,0.0,0.0,0.0,0.0,0.0,0.0,1.0,0.0,0.0,1.0,0.0,0.0,0.0,0.0,1.0,0.0,0.0,0.0,0.0,0.0,1.0,1.0,0.0,0.0,0.0,0.0,1.0,0.0,0.0,1.0,0.0,1.0,0.0,0.0,0.0,0.0,1.0,0.0,1.0
-0.48857163650053714,-0.6574374442390291,0.9421637820708985,0.15306001128894414,-0.9352572078777385,1.045047093438766,-0.4364357804719845,-0.5757951236389429,-0.4630554823470406,-1.2858307921814802,-0.464548674655972,-0.6540647653495187,-0.3049783695263035,0.0,1.0,0.0,0.0,0.0,1.0,0.0,0.0,0.0,0.0,0.0,0.0,1.0,0.0,0.0,0.0,0.0,0.0,0.0,0.0,0.0,1.0,0.0,0.0,1.0,0.0,0.0,0.0,0.0,1.0,0.0,0.0,0.0,0.0,0.0,1.0,0.0,1.0,0.0,0.0,0.0,1.0,0.0,0.0,0.0,1.0,0.0,1.0,0.0,0.0,1.0,0.0,0.0,1.0
-0.5732460968992438,0.2932055174443642,-1.727485659452309,1.053413018870969,-1.207035546527281,-0.7187454693270836,-0.4364357804719845,1.0418434240706114,0.9684064698513818,-1.2858307921814802,-0.464548674655972,0.669922401551335,-0.42418199642336746,0.0,1.0,0.0,0.0,0.0,0.0,0.0,1.0,0.0,0.0,0.0,0.0,0.0,1.0,0.0,0.0,0.0,0.0,0.0,0.0,0.0,1.0,0.0,0.0,0.0,0.0,0.0,0.0,1.0,0.0,0.0,0.0,1.0,0.0,0.0,1.0,0.0,0.0,1.0,0.0,0.0,1.0,0.0,1.0,0.0,0.0,0.0,1.0,0.0,0.0,1.0,0.0,0.0,1.0
0.7815452694800622,-0.249858631139338,-1.727485659452309,0.15306001128894414,0.3330417058201274,-0.7187454693270836,2.29128784747792,-0.674327093973691,-0.3777434811739665,-1.2858307921814802,-0.464548674655972,0.07979526923540327,0.9166346534898615,0.0,1.0,0.0,0.0,0.0,0.0,0.0,1.0,0.0,0.0,0.0,0.0,0.0,0.0,0.0,1.0,0.0,0.0,0.0,0.0,0.0,1.0,0.0,0.0,0.0,0.0,0.0,1.0,0.0,0.0,0.0,0.0,1.0,0.0,1.0,0.0,0.0,1.0,0.0,0.0,0.0,1.0,0.0,0.0,1.0,0.0,0.0,1.0,0.0,0.0,1.0,0.0,0.0,1.0
-0.742595017696657,-0.9748174566435636,0.9421637820708985,1.053413018870969,-1.3882211056269762,1.045047093438766,-0.4364357804719845,-0.9778008862398105,-0.7890135262389799,-0.3412351689076656,-0.464548674655972,-1.8164645642362607,-0.6884914239300278,1.0,0.0,0.0,0.0,0.0,0.0,1.0,0.0,0.0,0.0,0.0,0.0,0.0,0.0,0.0,1.0,0.0,0.0,0.0,0.0,0.0,1.0,0.0,0.0,1.0,0.0,0.0,0.0,0.0,0.0,0.0,1.0,0.0,1.0,0.0,0.0,0.0,0.0,0.0,1.0,0.0,1.0,0.0,0.0,0.0,1.0,0.0,1.0,0.0,0.0,1.0,0.0,0.0,1.0
0.7815452694800622,-0.49500474921123666,0.9421637820708985,1.053413018870969,2.054304517267231,-0.7187454693270836,-0.4364357804719845,-0.8619393608382048,-0.7548771710114249,0.603360454366149,-0.464548674655972,-0.3106318771184169,0.9166346534898615,0.0,0.0,0.0,1.0,0.0,0.0,0.0,1.0,0.0,0.0,0.0,0.0,0.0,0.0,0.0,1.0,0.0,0.0,0.0,0.0,0.0,0.0,0.0,1.0,0.0,0.0,0.0,1.0,0.0,0.0,0.0,0.0,1.0,0.0,0.0,1.0,1.0,0.0,0.0,0.0,0.0,1.0,0.0,0.0,1.0,0.0,0.0,1.0,0.0,0.0,0.0,1.0,0.0,1.0
-0.48857163650053714,-0.6432152267020335,0.9421637820708985,1.053413018870969,-0.029329412379262863,1.045047093438766,-0.4364357804719845,-0.5540263793200694,-0.6406244905552545,-0.3412351689076656,-0.464548674655972,-0.6200926814810629,-0.3049783695263035,0.0,0.0,0.0,1.0,0.0,1.0,0.0,0.0,0.0,0.0,0.0,0.0,0.0,0.0,0.0,1.0,0.0,0.0,0.0,0.0,0.0,1.0,0.0,0.0,1.0,0.0,0.0,0.0,0.0,0.0,0.0,0.0,1.0,0.0,0.0,1.0,0.0,0.0,1.0,0.0,0.0,1.0,0.0,1.0,0.0,0.0,0.0,1.0,0.0,0.0,0.0,1.0,0.0,1.0
0.7815452694800622,0.5215095358013996,-0.8376025122779064,-0.7472929962930807,-0.30110775102880555,1.045047093438766,-0.4364357804719845,-0.08399292296947233,0.5344290096340716,-1.2858307921814802,-0.464548674655972,0.8554054030156002,0.9166346534898615,0.0,1.0,0.0,0.0,0.0,0.0,0.0,0.0,1.0,0.0,0.0,0.0,1.0,0.0,0.0,0.0,0.0,0.0,0.0,0.0,0.0,1.0,0.0,0.0,1.0,0.0,0.0,0.0,0.0,0.0,1.0,0.0,0.0,0.0,1.0,0.0,0.0,0.0,0.0,1.0,0.0,1.0,0.0,0.0,1.0,0.0,0.0,1.0,0.0,0.0,1.0,0.0,0.0,1.0
0.2734985070878224,-0.2809229483911969,0.9421637820708985,1.053413018870969,-0.029329412379262863,-0.7187454693270836,-0.4364357804719845,-0.5234496681635216,-0.31946067594023037,-1.2858307921814802,-0.464548674655972,0.036345872000416446,0.5193206744088694,0.0,1.0,0.0,0.0,0.0,0.0,0.0,1.0,0.0,0.0,0.0,0.0,0.0,0.0,0.0,1.0,0.0,0.0,0.0,0.0,0.0,1.0,0.0,0.0,0.0,0.0,1.0,0.0,0.0,1.0,0.0,0.0,0.0,0.0,0.0,1.0,0.0,0.0,0.0,1.0,0.0,1.0,0.0,0.0,1.0,0.0,0.0,1.0,0.0,0.0,0.0,1.0,0.0,1.0
2.0516621754606614,0.518889653623532,0.052280634896496016,1.053413018870969,-0.7540716487780433,-0.7187454693270836,-0.4364357804719845,-0.522900505664324,0.8394003399151103,0.603360454366149,-0.464548674655972,0.8534203839297103,1.645566928785122,1.0,0.0,0.0,0.0,0.0,1.0,0.0,0.0,0.0,0.0,0.0,0.0,0.0,0.0,0.0,0.0,0.0,0.0,1.0,1.0,0.0,0.0,0.0,0.0,0.0,0.0,0.0,0.0,1.0,0.0,0.0,0.0,1.0,0.0,0.0,1.0,1.0,0.0,0.0,0.0,0.0,1.0,0.0,0.0,1.0,0.0,0.0,1.0,0.0,0.0,1.0,0.0,0.0,1.0
-0.742595017696657,0.09634008522174024,0.9421637820708985,0.15306001128894414,-0.029329412379262863,-0.7187454693270836,2.29128784747792,1.071611477475108,0.014974370683679203,1.5479560776399637,2.152626957208659,0.4855045643353426,-0.6884914239300278,0.0,0.0,0.0,1.0,1.0,0.0,0.0,0.0,0.0,0.0,0.0,0.0,0.0,0.0,0.0,0.0,0.0,1.0,0.0,0.0,1.0,0.0,0.0,0.0,1.0,0.0,0.0,0.0,0.0,1.0,0.0,0.0,0.0,0.0,0.0,1.0,0.0,0.0,0.0,1.0,0.0,1.0,0.0,0.0,1.0,0.0,0.0,0.0,0.0,1.0,1.0,0.0,0.0,1.0
-1.2506417800888967,-0.7562444292328936,0.9421637820708985,1.053413018870969,2.8696395332158593,1.045047093438766,-0.4364357804719845,0.27748069330613123,-0.9260648940474656,-0.3412351689076656,-0.464548674655972,-0.9183464179625523,-1.8318662260302179,0.0,1.0,0.0,0.0,0.0,1.0,0.0,0.0,0.0,0.0,0.0,0.0,0.0,0.0,0.0,1.0,0.0,0.0,0.0,0.0,0.0,0.0,0.0,1.0,0.0,0.0,0.0,1.0,0.0,0.0,0.0,0.0,1.0,0.0,0.0,1.0,0.0,0.0,0.0,1.0,0.0,1.0,0.0,0.0,1.0,0.0,0.0,1.0,0.0,0.0,0.0,1.0,0.0,1.0
0.7815452694800622,0.24043360500445932,-0.8376025122779064,-1.6476460038751053,-1.207035546527281,-0.7187454693270836,-0.4364357804719845,-0.29910256024466314,0.8939820165485354,-0.3412351689076656,-0.464548674655972,0.6229987710631457,0.9166346534898615,1.0,0.0,0.0,0.0,0.0,0.0,0.0,1.0,0.0,0.0,0.0,0.0,1.0,0.0,0.0,0.0,0.0,0.0,0.0,0.0,0.0,1.0,0.0,0.0,0.0,0.0,1.0,0.0,0.0,0.0,0.0,1.0,0.0,0.0,0.0,1.0,0.0,1.0,0.0,0.0,0.0,1.0,0.0,0.0,1.0,0.0,0.0,1.0,0.0,0.0,1.0,0.0,0.0,1.0
0.2734985070878224,-0.7420222116958979,0.9421637820708985,1.053413018870969,-1.025849987427586,-0.7187454693270836,-0.4364357804719845,-0.9645532817428404,-0.5446707947676065,-1.2858307921814802,-0.464548674655972,-0.8768301637823495,0.5193206744088694,0.0,1.0,0.0,0.0,0.0,0.0,0.0,1.0,0.0,0.0,0.0,0.0,0.0,1.0,0.0,0.0,0.0,0.0,0.0,0.0,0.0,1.0,0.0,0.0,0.0,0.0,1.0,0.0,0.0,1.0,0.0,0.0,0.0,0.0,0.0,1.0,0.0,1.0,0.0,0.0,0.0,1.0,0.0,0.0,0.0,1.0,0.0,1.0,0.0,0.0,1.0,0.0,0.0,1.0
0.5275218882839423,1.038749131488978,-1.727485659452309,-0.7472929962930807,-0.4822933101285007,1.045047093438766,-0.4364357804719845,0.5016946313347963,1.1802437279154117,-0.3412351689076656,-0.464548674655972,1.1976746084904983,0.7286404741494683,1.0,0.0,0.0,0.0,0.0,0.0,1.0,0.0,0.0,0.0,0.0,0.0,0.0,0.0,0.0,0.0,0.0,0.0,1.0,0.0,0.0,1.0,0.0,0.0,0.0,0.0,0.0,1.0,0.0,0.0,0.0,0.0,1.0,0.0,0.0,1.0,1.0,0.0,0.0,0.0,0.0,1.0,0.0,0.0,1.0,0.0,1.0,0.0,0.0,0.0,0.0,1.0,0.0,1.0
0.7815452694800622,-0.4796597250265835,0.9421637820708985,1.053413018870969,2.7790467536660115,-0.7187454693270836,-0.4364357804719845,-0.8501956922253117,-0.7929721565881817,0.603360454366149,2.152626957208659,-0.28243095062530177,0.9166346534898615,0.0,0.0,1.0,0.0,0.0,0.0,1.0,0.0,0.0,1.0,0.0,0.0,0.0,0.0,0.0,0.0,0.0,0.0,0.0,0.0,0.0,1.0,0.0,0.0,0.0,0.0,0.0,1.0,0.0,0.0,0.0,0.0,1.0,0.0,0.0,1.0,0.0,0.0,0.0,1.0,0.0,1.0,0.0,0.0,1.0,0.0,1.0,0.0,0.0,0.0,0.0,1.0,0.0,1.0
1.289592031872302,0.9769947658678129,0.052280634896496016,1.053413018870969,-0.11992219192911042,1.045047093438766,-0.4364357804719845,-0.012289633632418237,0.8522524781742838,-0.3412351689076656,-0.464548674655972,1.161244865874727,1.2434283535975954,1.0,0.0,0.0,0.0,0.0,1.0,0.0,0.0,0.0,0.0,0.0,0.0,0.0,0.0,0.0,0.0,0.0,0.0,1.0,0.0,0.0,1.0,0.0,0.0,1.0,0.0,0.0,0.0,0.0,0.0,0.0,0.0,1.0,0.0,0.0,1.0,1.0,0.0,0.0,0.0,0.0,1.0,0.0,0.0,1.0,0.0,0.0,1.0,0.0,0.0,0.0,1.0,0.0,1.0
-1.2506417800888967,-0.6162678671582522,0.9421637820708985,-0.7472929962930807,-0.21051497147895798,-0.7187454693270836,-0.4364357804719845,0.8131058402641496,-0.5857097505386465,2.4925517009137783,-0.464548674655972,-0.5580639175038206,-1.8318662260302179,0.0,0.0,0.0,1.0,0.0,0.0,0.0,1.0,0.0,0.0,0.0,0.0,1.0,0.0,0.0,0.0,0.0,0.0,0.0,0.0,0.0,0.0,1.0,0.0,1.0,0.0,0.0,0.0,0.0,0.0,1.0,0.0,0.0,0.0,0.0,1.0,0.0,0.0,0.0,1.0,0.0,1.0,0.0,0.0,1.0,0.0,0.0,1.0,0.0,0.0,1.0,0.0,0.0,1.0
0.2734985070878224,-0.7472619760516331,-1.727485659452309,1.053413018870969,-0.5728860896783482,1.045047093438766,-0.4364357804719845,-0.9695658228062417,-0.6509669271872223,-1.2858307921814802,-0.464548674655972,-0.8919716810428376,0.5193206744088694,0.0,1.0,0.0,0.0,1.0,0.0,0.0,0.0,0.0,0.0,0.0,0.0,0.0,1.0,0.0,0.0,0.0,0.0,0.0,0.0,0.0,1.0,0.0,0.0,0.0,0.0,0.0,0.0,1.0,1.0,0.0,0.0,0.0,1.0,0.0,0.0,0.0,0.0,1.0,0.0,0.0,1.0,0.0,0.0,0.0,1.0,0.0,0.0,1.0,0.0,1.0,0.0,0.0,1.0
0.2734985070878224,0.25203594036358734,-1.727485659452309,-0.7472929962930807,-0.30110775102880555,-0.7187454693270836,-0.4364357804719845,-0.013602634286126923,0.2731516364576414,-0.3412351689076656,2.152626957208659,0.6334616692912389,0.5193206744088694,0.0,0.0,0.0,1.0,0.0,0.0,1.0,0.0,0.0,1.0,0.0,0.0,0.0,0.0,0.0,0.0,0.0,0.0,0.0,0.0,0.0,1.0,0.0,0.0,1.0,0.0,0.0,0.0,0.0,0.0,0.0,0.0,1.0,0.0,0.0,1.0,0.0,0.0,1.0,0.0,0.0,1.0,0.0,1.0,0.0,0.0,0.0,1.0,0.0,0.0,1.0,0.0,0.0,1.0
-1.41999070088631,-0.9688291545227232,-1.727485659452309,0.15306001128894414,-1.1164427669774335,-0.7187454693270836,2.29128784747792,-0.1056212564228943,-0.8252389132331495,-0.3412351689076656,-0.464548674655972,-1.781474942453622,-2.453335547738403,0.0,0.0,0.0,1.0,0.0,0.0,0.0,1.0,0.0,0.0,0.0,0.0,1.0,0.0,0.0,0.0,0.0,0.0,0.0,0.0,0.0,1.0,0.0,0.0,0.0,0.0,1.0,0.0,0.0,1.0,0.0,0.0,0.0,0.0,0.0,1.0,0.0,0.0,0.0,1.0,0.0,1.0,0.0,0.0,0.0,1.0,0.0,0.0,0.0,1.0,1.0,0.0,0.0,1.0
-0.742595017696657,-0.9164315109653709,0.9421637820708985,0.15306001128894414,-1.207035546527281,-0.7187454693270836,-0.4364357804719845,-0.8660928748004229,-0.7375497930904573,-0.3412351689076656,-0.464548674655972,-1.5098832717543793,-0.6884914239300278,0.0,1.0,0.0,0.0,0.0,0.0,0.0,1.0,0.0,0.0,1.0,0.0,0.0,0.0,0.0,0.0,0.0,0.0,0.0,1.0,0.0,0.0,0.0,0.0,0.0,0.0,0.0,0.0,1.0,1.0,0.0,0.0,0.0,0.0,0.0,1.0,0.0,1.0,0.0,0.0,0.0,1.0,0.0,0.0,1.0,0.0,0.0,1.0,0.0,0.0,1.0,0.0,0.0,1.0
0.2734985070878224,-0.3389346251868371,0.9421637820708985,-0.7472929962930807,-0.6634788692281958,-0.7187454693270836,-0.4364357804719845,-0.5789456585083221,-0.1814399307073835,-0.3412351689076656,-0.464548674655972,-0.048904284995768946,0.5193206744088694,0.0,0.0,0.0,1.0,0.0,0.0,0.0,1.0,0.0,0.0,0.0,0.0,0.0,0.0,0.0,1.0,0.0,0.0,0.0,0.0,0.0,1.0,0.0,0.0,0.0,1.0,0.0,0.0,0.0,0.0,0.0,0.0,1.0,0.0,0.0,1.0,1.0,0.0,0.0,0.0,0.0,1.0,0.0,0.0,1.0,0.0,0.0,1.0,0.0,0.0,0.0,1.0,0.0,1.0
-1.2506417800888967,-1.0335776712043088,-0.8376025122779064,-1.6476460038751053,1.238969501318603,-0.7187454693270836,-0.4364357804719845,-0.7837445310144343,-1.0272439090483791,-1.2858307921814802,-0.464548674655972,-2.2215467287978634,-1.8318662260302179,0.0,1.0,0.0,0.0,0.0,0.0,0.0,1.0,0.0,0.0,0.0,0.0,1.0,0.0,0.0,0.0,0.0,0.0,0.0,0.0,0.0,1.0,0.0,0.0,0.0,0.0,0.0,1.0,0.0,1.0,0.0,0.0,0.0,0.0,0.0,1.0,0.0,1.0,0.0,0.0,1.0,0.0,0.0,0.0,1.0,0.0,0.0,1.0,0.0,0.0,0.0,1.0,0.0,1.0
-0.06519933450700406,-0.3572738004319104,0.9421637820708985,-0.7472929962930807,-0.21051497147895798,1.045047093438766,-0.4364357804719845,-0.4364463568703672,-0.34220275531945765,-1.2858307921814802,-0.464548674655972,-0.07706139157296453,0.19728732528481788,0.0,1.0,0.0,0.0,0.0,1.0,0.0,0.0,0.0,0.0,0.0,0.0,0.0,1.0,0.0,0.0,0.0,0.0,0.0,0.0,0.0,1.0,0.0,0.0,1.0,0.0,0.0,0.0,0.0,0.0,0.0,1.0,0.0,0.0,1.0,0.0,0.0,1.0,0.0,0.0,1.0,0.0,0.0,0.0,0.0,1.0,0.0,1.0,0.0,0.0,1.0,0.0,1.0,0.0
-0.8272694780953637,0.28048037543757864,-1.727485659452309,-0.7472929962930807,0.42363448536997494,1.045047093438766,2.29128784747792,1.680341789219772,0.014849993723728567,-1.2858307921814802,-0.464548674655972,0.6587616102161611,-0.836331518390954,0.0,1.0,0.0,0.0,0.0,1.0,0.0,0.0,0.0,0.0,0.0,0.0,0.0,1.0,0.0,0.0,0.0,0.0,0.0,0.0,0.0,1.0,0.0,0.0,1.0,0.0,0.0,0.0,0.0,0.0,0.0,0.0,1.0,0.0,0.0,1.0,0.0,0.0,0.0,1.0,0.0,1.0,0.0,0.0,1.0,0.0,0.0,0.0,0.0,1.0,1.0,0.0,0.0,1.0
-0.742595017696657,-0.7206888853904044,0.9421637820708985,1.053413018870969,1.9637117377173834,-0.7187454693270836,-0.4364357804719845,-0.49158460567991197,-0.871165552586371,0.603360454366149,2.152626957208659,-0.8169425361774623,-0.6884914239300278,0.0,0.0,0.0,1.0,0.0,1.0,0.0,0.0,0.0,1.0,0.0,0.0,0.0,0.0,0.0,0.0,0.0,0.0,0.0,0.0,0.0,0.0,0.0,1.0,0.0,0.0,0.0,1.0,0.0,0.0,0.0,0.0,1.0,0.0,0.0,1.0,0.0,0.0,1.0,0.0,0.0,1.0,0.0,0.0,0.0,1.0,0.0,0.0,0.0,1.0,1.0,0.0,0.0,1.0
0.2734985070878224,-0.7386537917529252,0.9421637820708985,1.053413018870969,0.2424489262702798,1.045047093438766,2.29128784747792,-0.9613309339163681,-0.7570795430513945,0.603360454366149,-0.464548674655972,-0.8671887170548332,0.5193206744088694,1.0,0.0,0.0,0.0,0.0,1.0,0.0,0.0,0.0,0.0,0.0,0.0,0.0,0.0,0.0,1.0,0.0,0.0,0.0,1.0,0.0,0.0,0.0,0.0,0.0,0.0,1.0,0.0,0.0,0.0,0.0,0.0,1.0,0.0,0.0,1.0,0.0,0.0,1.0,0.0,1.0,0.0,0.0,0.0,1.0,0.0,0.0,1.0,0.0,0.0,1.0,0.0,0.0,1.0
-0.2345482553044173,-0.7277999941589023,0.9421637820708985,-0.7472929962930807,-0.21051497147895798,-0.7187454693270836,-0.4364357804719845,-0.8023618570248214,-0.6905725895203204,-0.3412351689076656,-0.464548674655972,-0.8365998704281781,0.012431660139291227,1.0,0.0,0.0,0.0,0.0,1.0,0.0,0.0,0.0,0.0,0.0,0.0,0.0,0.0,0.0,1.0,0.0,0.0,0.0,0.0,0.0,1.0,0.0,0.0,1.0,0.0,0.0,0.0,0.0,0.0,0.0,1.0,0.0,0.0,0.0,1.0,1.0,0.0,0.0,0.0,0.0,1.0,0.0,0.0,1.0,0.0,0.0,1.0,0.0,0.0,1.0,0.0,0.0,1.0
2.3056855566567815,1.5151934189783323,0.052280634896496016,0.15306001128894414,-0.30110775102880555,1.045047093438766,2.29128784747792,-0.10096379430209941,1.497889323222158,0.603360454366149,-0.464548674655972,1.4488923267831997,1.7622593178252401,0.0,0.0,0.0,1.0,0.0,0.0,1.0,0.0,0.0,0.0,0.0,0.0,0.0,0.0,0.0,1.0,0.0,0.0,0.0,0.0,0.0,0.0,0.0,1.0,0.0,0.0,0.0,1.0,0.0,0.0,0.0,0.0,1.0,0.0,0.0,1.0,1.0,0.0,0.0,0.0,1.0,0.0,0.0,0.0,1.0,0.0,0.0,1.0,0.0,0.0,1.0,0.0,0.0,1.0
-0.742595017696657,-0.06459553427584208,0.052280634896496016,-1.6476460038751053,-0.11992219192911042,-0.7187454693270836,-0.4364357804719845,0.7636983690203857,-0.0982507151805556,-0.3412351689076656,-0.464548674655972,0.31248960698792055,-0.6884914239300278,1.0,0.0,0.0,0.0,0.0,0.0,0.0,1.0,0.0,0.0,0.0,0.0,1.0,0.0,0.0,0.0,0.0,0.0,0.0,0.0,0.0,1.0,0.0,0.0,0.0,0.0,1.0,0.0,0.0,1.0,0.0,0.0,0.0,0.0,0.0,1.0,0.0,0.0,0.0,1.0,0.0,1.0,0.0,0.0,0.0,1.0,1.0,0.0,0.0,0.0,1.0,0.0,0.0,1.0
-0.742595017696657,-0.16003409932673393,-1.727485659452309,-0.7472929962930807,-0.9352572078777385,-0.7187454693270836,-0.4364357804719845,0.5810987349367714,0.15425580399641797,0.603360454366149,-0.464548674655972,0.1978252177126154,-0.6884914239300278,1.0,0.0,0.0,0.0,0.0,0.0,0.0,1.0,0.0,0.0,0.0,0.0,1.0,0.0,0.0,0.0,0.0,0.0,0.0,0.0,0.0,0.0,0.0,1.0,0.0,0.0,0.0,1.0,0.0,1.0,0.0,0.0,0.0,0.0,0.0,1.0,0.0,1.0,0.0,0.0,1.0,0.0,0.0,0.0,1.0,0.0,0.0,1.0,0.0,0.0,0.0,1.0,0.0,1.0
0.2734985070878224,-0.6200105559837774,0.9421637820708985,0.15306001128894414,0.2424489262702798,-0.7187454693270836,-0.4364357804719845,-0.8478326826950661,-0.6602082782751564,-0.3412351689076656,-0.464548674655972,-0.5665039157809098,0.5193206744088694,0.0,0.0,0.0,1.0,0.0,0.0,0.0,1.0,0.0,0.0,0.0,0.0,0.0,0.0,0.0,1.0,0.0,0.0,0.0,0.0,0.0,1.0,0.0,0.0,0.0,0.0,1.0,0.0,0.0,1.0,0.0,0.0,0.0,0.0,0.0,1.0,1.0,0.0,0.0,0.0,0.0,0.0,1.0,0.0,1.0,0.0,0.0,1.0,0.0,0.0,0.0,1.0,0.0,1.0
1.289592031872302,2.4954036223833747,-1.727485659452309,0.15306001128894414,-0.3917005305786531,1.045047093438766,2.29128784747792,0.956085695826922,2.563671531440966,0.603360454366149,2.152626957208659,1.84999639707276,1.2434283535975954,1.0,0.0,0.0,0.0,0.0,0.0,1.0,0.0,0.0,1.0,0.0,0.0,0.0,0.0,0.0,0.0,0.0,0.0,0.0,1.0,0.0,0.0,0.0,0.0,0.0,1.0,0.0,0.0,0.0,0.0,0.0,0.0,1.0,0.0,0.0,1.0,0.0,1.0,0.0,0.0,0.0,1.0,0.0,0.0,1.0,0.0,0.0,0.0,0.0,1.0,0.0,1.0,0.0,1.0
-0.9119439384940703,-0.36663052249572337,-0.8376025122779064,-0.7472929962930807,-0.9352572078777385,-0.7187454693270836,-0.4364357804719845,0.5023299488263591,-0.10214436911237743,-0.3412351689076656,-0.464548674655972,-0.09166589852975851,-0.9970428507185473,0.0,0.0,0.0,1.0,0.0,0.0,0.0,1.0,0.0,0.0,0.0,0.0,1.0,0.0,0.0,0.0,0.0,0.0,0.0,0.0,0.0,1.0,0.0,0.0,1.0,0.0,0.0,0.0,0.0,0.0,0.0,0.0,1.0,0.0,0.0,1.0,0.0,0.0,0.0,1.0,1.0,0.0,0.0,0.0,0.0,1.0,0.0,0.0,0.0,1.0,1.0,0.0,0.0,1.0
-0.2345482553044173,0.14986053542675018,0.052280634896496016,0.15306001128894414,0.42363448536997494,2.8088396562046154,2.29128784747792,0.31710549165330204,-0.0864675717625885,-0.3412351689076656,2.152626957208659,0.5382875892073357,0.012431660139291227,1.0,0.0,0.0,0.0,0.0,1.0,0.0,0.0,0.0,1.0,0.0,0.0,0.0,0.0,0.0,0.0,0.0,0.0,0.0,0.0,0.0,1.0,0.0,0.0,0.0,0.0,0.0,0.0,1.0,0.0,0.0,1.0,0.0,0.0,0.0,1.0,1.0,0.0,0.0,0.0,0.0,1.0,0.0,0.0,1.0,0.0,0.0,0.0,1.0,0.0,0.0,1.0,0.0,1.0
-0.2345482553044173,-0.4598234742513001,0.052280634896496016,-0.7472929962930807,-1.1164427669774335,-0.7187454693270836,-0.4364357804719845,-0.4605543424604136,-0.13859701165169855,0.603360454366149,-0.464548674655972,-0.24686050685887712,0.012431660139291227,0.0,0.0,1.0,0.0,0.0,0.0,0.0,1.0,0.0,0.0,0.0,0.0,0.0,1.0,0.0,0.0,0.0,0.0,0.0,0.0,0.0,1.0,0.0,0.0,0.0,0.0,0.0,1.0,0.0,1.0,0.0,0.0,0.0,0.0,0.0,1.0,1.0,0.0,0.0,0.0,0.0,1.0,0.0,0.0,1.0,0.0,1.0,0.0,0.0,0.0,1.0,0.0,0.0,1.0
1.289592031872302,4.165017107450153,0.9421637820708985,-0.7472929962930807,1.9637117377173834,-0.7187454693270836,-0.4364357804719845,2.0208927810421344,1.7882615795168648,-0.3412351689076656,-0.464548674655972,2.33488515443539,1.2434283535975954,1.0,0.0,0.0,0.0,0.0,0.0,0.0,1.0,0.0,0.0,0.0,0.0,0.0,1.0,0.0,0.0,0.0,0.0,0.0,0.0,0.0,1.0,0.0,0.0,0.0,0.0,0.0,1.0,0.0,0.0,0.0,0.0,1.0,0.0,0.0,1.0,0.0,0.0,1.0,0.0,0.0,1.0,0.0,1.0,0.0,0.0,1.0,0.0,0.0,0.0,0.0,1.0,0.0,1.0
-0.8272694780953637,0.5918720857212728,-0.8376025122779064,1.053413018870969,1.4201550604182982,-0.7187454693270836,-0.4364357804719845,2.3302792610840175,-0.04235204981662335,-0.3412351689076656,-0.464548674655972,0.9076132211597507,-0.836331518390954,1.0,0.0,0.0,0.0,0.0,0.0,1.0,0.0,0.0,0.0,0.0,0.0,0.0,0.0,0.0,1.0,0.0,0.0,0.0,0.0,0.0,1.0,0.0,0.0,0.0,1.0,0.0,0.0,0.0,0.0,0.0,0.0,1.0,0.0,0.0,1.0,0.0,1.0,0.0,0.0,0.0,1.0,0.0,0.0,1.0,0.0,0.0,1.0,0.0,0.0,1.0,0.0,0.0,1.0
-1.2506417800888967,-0.9998934717745822,0.052280634896496016,-1.6476460038751053,-0.5728860896783482,-0.7187454693270836,-0.4364357804719845,-0.6548507790726652,-0.921253856218222,-0.3412351689076656,-0.464548674655972,-1.9741730406537161,-1.8318662260302179,0.0,0.0,0.0,1.0,0.0,0.0,0.0,1.0,0.0,0.0,0.0,0.0,0.0,0.0,0.0,1.0,0.0,0.0,0.0,0.0,0.0,1.0,0.0,0.0,1.0,0.0,0.0,0.0,0.0,1.0,0.0,0.0,0.0,0.0,0.0,1.0,0.0,0.0,0.0,1.0,0.0,1.0,0.0,0.0,1.0,0.0,0.0,1.0,0.0,0.0,1.0,0.0,0.0,1.0
-0.742595017696657,-0.6072854139769918,-1.727485659452309,-1.6476460038751053,-1.207035546527281,-0.7187454693270836,-0.4364357804719845,-0.2746132757687937,-0.30155973331633634,-0.3412351689076656,-0.464548674655972,-0.5380289007872737,-0.6884914239300278,1.0,0.0,0.0,0.0,0.0,0.0,0.0,1.0,0.0,0.0,0.0,0.0,0.0,0.0,0.0,1.0,0.0,0.0,0.0,0.0,0.0,1.0,0.0,0.0,1.0,0.0,0.0,0.0,0.0,1.0,0.0,0.0,0.0,0.0,0.0,1.0,1.0,0.0,0.0,0.0,0.0,1.0,0.0,0.0,1.0,0.0,0.0,1.0,0.0,0.0,0.0,1.0,0.0,1.0
2.3056855566567815,0.2954511307396793,0.9421637820708985,-1.6476460038751053,0.5142272649198225,1.045047093438766,2.29128784747792,-0.6843878917639141,-0.00171172878273999,0.603360454366149,-0.464548674655972,0.6718820365693913,1.7622593178252401,1.0,0.0,0.0,0.0,0.0,0.0,0.0,1.0,0.0,0.0,0.0,0.0,0.0,0.0,0.0,1.0,0.0,0.0,0.0,0.0,0.0,0.0,0.0,1.0,0.0,1.0,0.0,0.0,0.0,0.0,0.0,0.0,1.0,0.0,0.0,1.0,1.0,0.0,0.0,0.0,0.0,1.0,0.0,0.0,1.0,0.0,0.0,1.0,0.0,0.0,0.0,1.0,0.0,1.0
0.5275218882839423,0.7872404424136867,-0.8376025122779064,1.053413018870969,1.3295622808684506,1.045047093438766,-0.4364357804719845,0.2878262027283602,0.10060710058793713,-1.2858307921814802,2.152626957208659,1.0424513701388418,0.7286404741494683,0.0,1.0,0.0,0.0,0.0,0.0,0.0,0.0,1.0,1.0,0.0,0.0,0.0,0.0,0.0,0.0,0.0,0.0,0.0,0.0,0.0,1.0,0.0,0.0,0.0,0.0,0.0,0.0,1.0,0.0,0.0,0.0,1.0,0.0,0.0,1.0,0.0,1.0,0.0,0.0,0.0,0.0,1.0,0.0,1.0,0.0,0.0,1.0,0.0,0.0,0.0,1.0,0.0,1.0
0.2734985070878224,-0.10464230470896141,-0.8376025122779064,-1.6476460038751053,-0.11992219192911042,-0.7187454693270836,-0.4364357804719845,-0.3548134652448046,-0.13479539419204253,-1.2858307921814802,-0.464548674655972,0.26560190717395477,0.5193206744088694,0.0,1.0,0.0,0.0,0.0,0.0,0.0,1.0,0.0,0.0,0.0,0.0,0.0,0.0,0.0,0.0,0.0,0.0,1.0,0.0,0.0,1.0,0.0,0.0,0.0,1.0,0.0,0.0,0.0,0.0,0.0,0.0,1.0,0.0,0.0,1.0,0.0,0.0,1.0,0.0,0.0,1.0,0.0,1.0,0.0,0.0,1.0,0.0,0.0,0.0,0.0,1.0,0.0,1.0
2.3056855566567815,1.6042694130258315,0.9421637820708985,-1.6476460038751053,1.3295622808684506,-0.7187454693270836,-0.4364357804719845,-0.05835718638681486,0.6076013848640183,-1.2858307921814802,2.152626957208659,1.4909102412427706,1.7622593178252401,0.0,1.0,0.0,0.0,0.0,0.0,0.0,1.0,0.0,0.0,0.0,1.0,0.0,0.0,0.0,0.0,0.0,0.0,0.0,0.0,0.0,1.0,0.0,0.0,0.0,1.0,0.0,0.0,0.0,0.0,0.0,0.0,1.0,0.0,0.0,1.0,0.0,0.0,1.0,0.0,0.0,1.0,0.0,1.0,0.0,0.0,1.0,0.0,0.0,0.0,0.0,1.0,0.0,1.0
1.289592031872302,2.3236142052917694,-1.727485659452309,1.053413018870969,-0.6634788692281958,-0.7187454693270836,-0.4364357804719845,0.8465258545102259,2.7689206245279503,-0.3412351689076656,-0.464548674655972,1.7880643028065686,1.2434283535975954,1.0,0.0,0.0,0.0,0.0,0.0,0.0,1.0,0.0,0.0,0.0,0.0,0.0,0.0,0.0,0.0,0.0,0.0,1.0,0.0,0.0,1.0,0.0,0.0,0.0,0.0,1.0,0.0,0.0,0.0,0.0,1.0,0.0,0.0,0.0,1.0,1.0,0.0,0.0,0.0,0.0,1.0,0.0,0.0,0.0,1.0,1.0,0.0,0.0,0.0,0.0,1.0,0.0,1.0
-0.2345482553044173,-0.4078000995765002,0.9421637820708985,-0.7472929962930807,0.15185614672043227,-0.7187454693270836,-0.4364357804719845,-0.39419785569441823,-0.4695959613862633,0.603360454366149,-0.464548674655972,-0.15795125767239981,0.012431660139291227,0.0,0.0,1.0,0.0,0.0,0.0,0.0,1.0,0.0,0.0,0.0,0.0,0.0,0.0,0.0,1.0,0.0,0.0,0.0,0.0,0.0,1.0,0.0,0.0,1.0,0.0,0.0,0.0,0.0,0.0,0.0,0.0,1.0,1.0,0.0,0.0,0.0,0.0,0.0,1.0,0.0,0.0,1.0,0.0,1.0,0.0,0.0,1.0,0.0,0.0,1.0,0.0,0.0,1.0
-0.8272694780953637,-0.3920808065092945,-1.727485659452309,-0.7472929962930807,-0.6634788692281958,-0.7187454693270836,-0.4364357804719845,0.2765705909745211,-0.24033101854030697,2.4925517009137783,2.152626957208659,-0.1322415262918611,-0.836331518390954,0.0,0.0,0.0,1.0,0.0,0.0,0.0,1.0,0.0,1.0,0.0,0.0,0.0,0.0,0.0,0.0,0.0,0.0,0.0,0.0,0.0,0.0,1.0,0.0,0.0,0.0,0.0,1.0,0.0,0.0,1.0,0.0,0.0,0.0,0.0,1.0,0.0,0.0,0.0,1.0,0.0,1.0,0.0,0.0,1.0,0.0,0.0,1.0,0.0,0.0,0.0,1.0,0.0,1.0
1.289592031872302,-0.314981416703476,0.052280634896496016,-0.7472929962930807,0.9671911626690604,1.045047093438766,-0.4364357804719845,-0.8362560219226924,-0.5359403949617612,-1.2858307921814802,-0.464548674655972,-0.013023576903535136,1.2434283535975954,0.0,1.0,0.0,0.0,0.0,1.0,0.0,0.0,0.0,0.0,0.0,0.0,1.0,0.0,0.0,0.0,0.0,0.0,0.0,0.0,0.0,1.0,0.0,0.0,1.0,0.0,0.0,0.0,0.0,0.0,0.0,1.0,0.0,0.0,0.0,1.0,0.0,1.0,0.0,0.0,0.0,1.0,0.0,0.0,1.0,0.0,0.0,1.0,0.0,0.0,0.0,1.0,0.0,1.0
-1.2506417800888967,0.5319890645128701,-1.727485659452309,1.053413018870969,-0.30110775102880555,-0.7187454693270836,-0.4364357804719845,5.206950628679122,0.5445897963687105,-0.3412351689076656,-0.464548674655972,0.8633152823122011,-1.8318662260302179,0.0,0.0,0.0,1.0,0.0,0.0,0.0,1.0,0.0,0.0,0.0,0.0,1.0,0.0,0.0,0.0,0.0,0.0,0.0,0.0,0.0,1.0,0.0,0.0,0.0,0.0,1.0,0.0,0.0,1.0,0.0,0.0,0.0,0.0,0.0,1.0,0.0,1.0,0.0,0.0,0.0,1.0,0.0,0.0,1.0,0.0,0.0,1.0,0.0,0.0,1.0,0.0,0.0,1.0
-0.742595017696657,-0.6690397795981571,0.052280634896496016,1.053413018870969,0.15185614672043227,-0.7187454693270836,-0.4364357804719845,-0.39276598017583836,-0.6886609634026596,1.5479560776399637,-0.464548674655972,-0.68245239229387,-0.6884914239300278,0.0,0.0,0.0,1.0,0.0,1.0,0.0,0.0,0.0,0.0,0.0,0.0,1.0,0.0,0.0,0.0,0.0,0.0,0.0,0.0,1.0,0.0,0.0,0.0,0.0,1.0,0.0,0.0,0.0,1.0,0.0,0.0,0.0,0.0,0.0,1.0,1.0,0.0,0.0,0.0,0.0,1.0,0.0,0.0,0.0,1.0,0.0,1.0,0.0,0.0,0.0,1.0,0.0,1.0
-1.2506417800888967,-0.7367824473401627,-1.727485659452309,-0.7472929962930807,-0.7540716487780433,1.045047093438766,-0.4364357804719845,0.35195263887248657,-0.6035388144529716,0.603360454366149,-0.464548674655972,-0.8618631205629753,-1.8318662260302179,0.0,0.0,0.0,1.0,0.0,1.0,0.0,0.0,0.0,0.0,0.0,0.0,1.0,0.0,0.0,0.0,0.0,0.0,0.0,0.0,0.0,0.0,0.0,1.0,1.0,0.0,0.0,0.0,0.0,0.0,0.0,1.0,0.0,0.0,0.0,1.0,0.0,1.0,0.0,0.0,0.0,1.0,0.0,0.0,1.0,0.0,0.0,1.0,0.0,0.0,1.0,0.0,0.0,1.0
0.2734985070878224,-0.7263029186286922,0.9421637820708985,-0.7472929962930807,-0.6634788692281958,-0.7187454693270836,-0.4364357804719845,-0.9495156585526363,-0.6106813103346777,-0.3412351689076656,-0.464548674655972,-0.8324366900540561,0.5193206744088694,0.0,0.0,0.0,1.0,0.0,0.0,0.0,1.0,0.0,0.0,0.0,0.0,0.0,1.0,0.0,0.0,0.0,0.0,0.0,0.0,0.0,1.0,0.0,0.0,0.0,0.0,1.0,0.0,0.0,0.0,0.0,1.0,0.0,0.0,0.0,1.0,0.0,0.0,0.0,1.0,0.0,1.0,0.0,0.0,1.0,0.0,0.0,1.0,0.0,0.0,1.0,0.0,0.0,1.0
2.3056855566567815,1.093018119459093,-1.727485659452309,0.15306001128894414,-0.3917005305786531,-0.7187454693270836,-0.4364357804719845,-0.3028976334972288,1.1600782591498227,-0.3412351689076656,2.152626957208659,1.2288663232507446,1.7622593178252401,0.0,0.0,0.0,1.0,0.0,1.0,0.0,0.0,0.0,0.0,0.0,1.0,0.0,0.0,0.0,0.0,0.0,0.0,0.0,0.0,0.0,1.0,0.0,0.0,1.0,0.0,0.0,0.0,0.0,0.0,0.0,0.0,1.0,0.0,0.0,1.0,0.0,0.0,1.0,0.0,1.0,0.0,0.0,1.0,0.0,0.0,0.0,1.0,0.0,0.0,0.0,1.0,0.0,1.0
-0.2345482553044173,-0.7985368129613281,0.052280634896496016,0.15306001128894414,-0.4822933101285007,1.045047093438766,-0.4364357804719845,-0.8925875836347001,-0.7199201212728112,-0.3412351689076656,-0.464548674655972,-1.0502755805089437,0.012431660139291227,1.0,0.0,0.0,0.0,0.0,1.0,0.0,0.0,0.0,0.0,0.0,0.0,0.0,1.0,0.0,0.0,0.0,0.0,0.0,0.0,0.0,1.0,0.0,0.0,0.0,0.0,0.0,1.0,0.0,0.0,0.0,0.0,1.0,0.0,1.0,0.0,0.0,0.0,0.0,1.0,1.0,0.0,0.0,0.0,1.0,0.0,0.0,1.0,0.0,0.0,1.0,0.0,0.0,1.0
1.289592031872302,2.195239978576256,-0.8376025122779064,1.053413018870969,-0.029329412379262863,-0.7187454693270836,2.29128784747792,0.7646543391036312,1.8756010983293985,0.603360454366149,2.152626957208659,1.7397762681742919,1.2434283535975954,0.0,0.0,0.0,1.0,0.0,0.0,0.0,1.0,0.0,0.0,0.0,1.0,0.0,0.0,0.0,0.0,0.0,0.0,0.0,0.0,0.0,0.0,0.0,1.0,1.0,0.0,0.0,0.0,0.0,0.0,0.0,0.0,1.0,0.0,0.0,1.0,0.0,0.0,1.0,0.0,0.0,1.0,0.0,1.0,0.0,0.0,0.0,0.0,0.0,1.0,0.0,1.0,0.0,1.0
-1.2506417800888967,-0.07919202069539025,-1.727485659452309,-0.7472929962930807,-0.30110775102880555,-0.7187454693270836,-0.4364357804719845,2.86824510733569,-0.048001801405054,1.5479560776399637,-0.464548674655972,0.29559507652773226,-1.8318662260302179,0.0,0.0,0.0,1.0,0.0,0.0,0.0,1.0,0.0,0.0,0.0,0.0,1.0,0.0,0.0,0.0,0.0,0.0,0.0,0.0,1.0,0.0,0.0,0.0,1.0,0.0,0.0,0.0,0.0,0.0,0.0,0.0,1.0,0.0,0.0,1.0,1.0,0.0,0.0,0.0,0.0,1.0,0.0,0.0,1.0,0.0,0.0,1.0,0.0,0.0,0.0,1.0,0.0,1.0
-0.742595017696657,-0.8621625229952559,0.9421637820708985,-0.7472929962930807,-1.2976283260771286,-0.7187454693270836,-0.4364357804719845,-0.762261710321505,-0.6387444926738843,0.603360454366149,-0.464548674655972,-1.2780331633196191,-0.6884914239300278,0.0,0.0,0.0,1.0,0.0,0.0,0.0,1.0,0.0,0.0,0.0,0.0,0.0,0.0,0.0,1.0,0.0,0.0,0.0,0.0,0.0,0.0,0.0,1.0,1.0,0.0,0.0,0.0,0.0,1.0,0.0,0.0,0.0,0.0,0.0,1.0,1.0,0.0,0.0,0.0,0.0,1.0,0.0,0.0,1.0,0.0,0.0,1.0,0.0,0.0,1.0,0.0,0.0,1.0
-0.742595017696657,-0.8569227586395207,0.9421637820708985,-0.7472929962930807,-1.1164427669774335,-0.7187454693270836,-0.4364357804719845,-0.7522366323718164,-0.6742786716354628,-0.3412351689076656,-0.464548674655972,-1.2576918568907702,-0.6884914239300278,0.0,1.0,0.0,0.0,0.0,0.0,0.0,1.0,0.0,0.0,0.0,0.0,0.0,1.0,0.0,0.0,0.0,0.0,0.0,0.0,0.0,0.0,0.0,1.0,1.0,0.0,0.0,0.0,0.0,0.0,0.0,1.0,0.0,0.0,0.0,1.0,1.0,0.0,0.0,0.0,0.0,1.0,0.0,0.0,1.0,0.0,0.0,1.0,0.0,0.0,1.0,0.0,0.0,1.0
-0.742595017696657,-0.7296713385716649,0.9421637820708985,-0.7472929962930807,0.2424489262702798,1.045047093438766,-0.4364357804719845,-0.5087704535936638,-0.7497454409863165,0.603360454366149,-0.464548674655972,-0.8418226807008108,-0.6884914239300278,0.0,0.0,0.0,1.0,0.0,1.0,0.0,0.0,0.0,0.0,0.0,0.0,0.0,0.0,0.0,1.0,0.0,0.0,0.0,0.0,0.0,0.0,0.0,1.0,0.0,0.0,0.0,1.0,0.0,1.0,0.0,0.0,0.0,0.0,0.0,1.0,0.0,0.0,0.0,1.0,0.0,1.0,0.0,0.0,1.0,0.0,0.0,1.0,0.0,0.0,0.0,1.0,0.0,1.0
-0.742595017696657,-0.39956618416034484,0.052280634896496016,-0.7472929962930807,0.3330417058201274,1.045047093438766,2.29128784747792,0.12280945723671982,-0.4968442847438388,-1.2858307921814802,-0.464548674655972,-0.14442081069292576,-0.6884914239300278,0.0,1.0,0.0,0.0,0.0,1.0,0.0,0.0,0.0,0.0,0.0,0.0,0.0,1.0,0.0,0.0,0.0,0.0,0.0,0.0,0.0,1.0,0.0,0.0,1.0,0.0,0.0,0.0,0.0,0.0,0.0,0.0,1.0,0.0,0.0,1.0,0.0,0.0,0.0,1.0,0.0,1.0,0.0,0.0,0.0,1.0,0.0,0.0,0.0,1.0,1.0,0.0,1.0,0.0
-0.48857163650053714,-0.7996596196089856,0.9421637820708985,-0.7472929962930807,-0.7540716487780433,-0.7187454693270836,-0.4364357804719845,-0.7934825668276777,-0.675793293717901,-1.2858307921814802,-0.464548674655972,-1.0539674195592352,-0.3049783695263035,0.0,1.0,0.0,0.0,0.0,0.0,0.0,1.0,0.0,0.0,0.0,0.0,0.0,0.0,0.0,1.0,0.0,0.0,0.0,0.0,0.0,1.0,0.0,0.0,0.0,0.0,1.0,0.0,0.0,0.0,0.0,1.0,0.0,0.0,0.0,1.0,0.0,0.0,0.0,1.0,0.0,1.0,0.0,0.0,1.0,0.0,0.0,1.0,0.0,0.0,1.0,0.0,1.0,0.0
-0.742595017696657,-0.5649930302485574,0.052280634896496016,-1.6476460038751053,-0.029329412379262863,-0.7187454693270836,-0.4364357804719845,-0.1936965751748785,-0.5712823033088288,0.603360454366149,-0.464548674655972,-0.4476403583323758,-0.6884914239300278,0.0,1.0,0.0,0.0,0.0,0.0,0.0,1.0,0.0,0.0,0.0,0.0,0.0,0.0,0.0,1.0,0.0,0.0,0.0,0.0,1.0,0.0,0.0,0.0,0.0,0.0,0.0,1.0,0.0,0.0,0.0,1.0,0.0,0.0,0.0,1.0,0.0,0.0,0.0,1.0,0.0,1.0,0.0,0.0,1.0,0.0,0.0,1.0,0.0,0.0,1.0,0.0,0.0,1.0
-0.48857163650053714,0.05741612143627847,0.9421637820708985,-0.7472929962930807,-0.6634788692281958,-0.7187454693270836,-0.4364357804719845,0.5183707092307507,0.257754872215616,-0.3412351689076656,-0.464548674655972,0.4457232568665593,-0.3049783695263035,0.0,0.0,0.0,1.0,0.0,1.0,0.0,0.0,0.0,0.0,0.0,0.0,1.0,0.0,0.0,0.0,0.0,0.0,0.0,0.0,0.0,1.0,0.0,0.0,1.0,0.0,0.0,0.0,0.0,0.0,0.0,0.0,1.0,0.0,0.0,1.0,0.0,0.0,1.0,0.0,0.0,1.0,0.0,1.0,0.0,0.0,0.0,1.0,0.0,0.0,0.0,1.0,0.0,1.0
-1.2506417800888967,-0.4018117974556599,-0.8376025122779064,-0.7472929962930807,0.5142272649198225,-0.7187454693270836,-0.4364357804719845,1.6337293942934124,-0.5293646064176589,0.603360454366149,-0.464548674655972,-0.1480969768206207,-1.8318662260302179,0.0,0.0,1.0,0.0,0.0,0.0,0.0,1.0,0.0,0.0,0.0,0.0,1.0,0.0,0.0,0.0,0.0,0.0,0.0,0.0,0.0,1.0,0.0,0.0,1.0,0.0,0.0,0.0,0.0,0.0,0.0,0.0,1.0,0.0,0.0,1.0,0.0,0.0,0.0,1.0,0.0,1.0,0.0,0.0,1.0,0.0,0.0,1.0,0.0,0.0,0.0,1.0,0.0,1.0
-1.2506417800888967,-1.0653905262212726,0.9421637820708985,-1.6476460038751053,-0.7540716487780433,-0.7187454693270836,-0.4364357804719845,-0.9054775189594384,-0.9811544858494473,-1.2858307921814802,-0.464548674655972,-2.5083661373816333,-1.8318662260302179,0.0,1.0,0.0,0.0,0.0,0.0,0.0,1.0,0.0,0.0,1.0,0.0,0.0,0.0,0.0,0.0,0.0,0.0,0.0,0.0,0.0,1.0,0.0,0.0,0.0,0.0,1.0,0.0,0.0,1.0,0.0,0.0,0.0,0.0,0.0,1.0,0.0,0.0,0.0,1.0,0.0,1.0,0.0,0.0,1.0,0.0,0.0,1.0,0.0,0.0,1.0,0.0,0.0,1.0
2.3056855566567815,0.529743451217555,0.052280634896496016,1.053413018870969,-1.025849987427586,1.045047093438766,2.29128784747792,-0.5723217717850568,1.0994410970328472,-1.2858307921814802,-0.464548674655972,0.8616243584481933,1.7622593178252401,0.0,1.0,0.0,0.0,0.0,0.0,0.0,0.0,1.0,0.0,0.0,0.0,0.0,0.0,0.0,0.0,0.0,0.0,1.0,0.0,0.0,1.0,0.0,0.0,0.0,0.0,0.0,1.0,0.0,0.0,0.0,0.0,1.0,0.0,0.0,1.0,0.0,0.0,1.0,0.0,0.0,1.0,0.0,1.0,0.0,0.0,0.0,1.0,0.0,0.0,1.0,0.0,0.0,1.0
0.7815452694800622,0.5016732850261162,0.9421637820708985,1.053413018870969,-0.8446644283278909,-0.7187454693270836,-0.4364357804719845,-0.09917376288370026,0.8945505935734864,-0.3412351689076656,-0.464548674655972,0.84029995757648,0.9166346534898615,0.0,0.0,0.0,1.0,0.0,1.0,0.0,0.0,0.0,0.0,0.0,0.0,0.0,0.0,0.0,1.0,0.0,0.0,0.0,0.0,0.0,1.0,0.0,0.0,0.0,1.0,0.0,0.0,0.0,1.0,0.0,0.0,0.0,0.0,0.0,1.0,1.0,0.0,0.0,0.0,0.0,1.0,0.0,0.0,0.0,1.0,1.0,0.0,0.0,0.0,0.0,1.0,0.0,1.0
2.3056855566567815,-0.05187039226905651,0.052280634896496016,1.053413018870969,1.691933399067841,-0.7187454693270836,-0.4364357804719845,-0.8505178587613257,-0.47257744928596235,-1.2858307921814802,-0.464548674655972,0.3270409880351593,1.7622593178252401,0.0,1.0,0.0,0.0,0.0,0.0,0.0,1.0,0.0,0.0,1.0,0.0,0.0,0.0,0.0,0.0,0.0,0.0,0.0,0.0,0.0,1.0,0.0,0.0,1.0,0.0,0.0,0.0,0.0,0.0,0.0,0.0,1.0,0.0,0.0,1.0,1.0,0.0,0.0,0.0,0.0,1.0,0.0,0.0,1.0,0.0,0.0,1.0,0.0,0.0,1.0,0.0,0.0,1.0
0.2734985070878224,-0.45757786095598496,0.9421637820708985,1.053413018870969,-1.3882211056269762,-0.7187454693270836,-0.4364357804719845,-0.6924439097296242,0.013398167152933856,-0.3412351689076656,-0.464548674655972,-0.24289436281624321,0.5193206744088694,1.0,0.0,0.0,0.0,0.0,0.0,0.0,1.0,0.0,0.0,0.0,0.0,0.0,0.0,0.0,1.0,0.0,0.0,0.0,0.0,0.0,1.0,0.0,0.0,0.0,0.0,0.0,1.0,0.0,1.0,0.0,0.0,0.0,0.0,0.0,1.0,1.0,0.0,0.0,0.0,0.0,1.0,0.0,0.0,1.0,0.0,0.0,1.0,0.0,0.0,0.0,1.0,0.0,1.0
1.289592031872302,0.19514707021560473,-0.8376025122779064,-0.7472929962930807,-0.7540716487780433,-0.7187454693270836,-0.4364357804719845,-0.510918192478995,0.4673757889379447,0.603360454366149,2.152626957208659,0.5813336346831185,1.2434283535975954,1.0,0.0,0.0,0.0,0.0,0.0,0.0,1.0,0.0,0.0,0.0,1.0,0.0,0.0,0.0,0.0,0.0,0.0,0.0,0.0,0.0,0.0,0.0,1.0,1.0,0.0,0.0,0.0,0.0,0.0,0.0,1.0,0.0,0.0,0.0,1.0,1.0,0.0,0.0,0.0,0.0,1.0,0.0,0.0,1.0,0.0,0.0,1.0,0.0,0.0,1.0,0.0,0.0,1.0
2.0516621754606614,0.5825153636574599,0.9421637820708985,-0.7472929962930807,-0.9352572078777385,1.045047093438766,-0.4364357804719845,-0.4904383286559232,1.075810049372958,-0.3412351689076656,-0.464548674655972,0.9007904763796817,1.645566928785122,1.0,0.0,0.0,0.0,0.0,1.0,0.0,0.0,0.0,0.0,0.0,0.0,0.0,0.0,0.0,1.0,0.0,0.0,0.0,0.0,0.0,1.0,0.0,0.0,0.0,0.0,1.0,0.0,0.0,0.0,0.0,0.0,1.0,0.0,0.0,1.0,0.0,1.0,0.0,0.0,0.0,1.0,0.0,0.0,1.0,0.0,0.0,0.0,0.0,1.0,1.0,0.0,0.0,1.0
-0.742595017696657,0.12628159582594162,-0.8376025122779064,0.15306001128894414,0.8765983831192128,-0.7187454693270836,2.29128784747792,1.1288976371876143,-0.21852552581879478,0.603360454366149,-0.464548674655972,0.5152974109013064,-0.6884914239300278,0.0,0.0,0.0,1.0,0.0,0.0,0.0,1.0,0.0,0.0,0.0,0.0,0.0,1.0,0.0,0.0,0.0,0.0,0.0,0.0,0.0,0.0,0.0,1.0,0.0,0.0,1.0,0.0,0.0,0.0,0.0,0.0,1.0,0.0,0.0,1.0,0.0,1.0,0.0,0.0,0.0,1.0,0.0,0.0,1.0,0.0,1.0,0.0,0.0,0.0,0.0,1.0,0.0,1.0
0.2734985070878224,-0.5062328156878122,0.9421637820708985,1.053413018870969,-0.11992219192911042,-0.7187454693270836,-0.4364357804719845,-0.7389889338897795,-0.5012668014754571,-0.3412351689076656,2.152626957208659,-0.33166165916712914,0.5193206744088694,1.0,0.0,0.0,0.0,1.0,0.0,0.0,0.0,0.0,0.0,0.0,1.0,0.0,0.0,0.0,0.0,0.0,0.0,0.0,0.0,0.0,1.0,0.0,0.0,0.0,1.0,0.0,0.0,0.0,1.0,0.0,0.0,0.0,0.0,0.0,1.0,0.0,0.0,1.0,0.0,1.0,0.0,0.0,1.0,0.0,0.0,0.0,0.0,0.0,1.0,1.0,0.0,0.0,1.0
1.7976387942645415,2.2805732837982298,-1.727485659452309,-0.7472929962930807,1.7825261786176885,-0.7187454693270836,-0.4364357804719845,0.5025359892598192,0.8312759904249569,-0.3412351689076656,-0.464548674655972,1.7720736513589261,1.5210018607961258,1.0,0.0,0.0,0.0,1.0,0.0,0.0,0.0,0.0,0.0,0.0,0.0,0.0,0.0,0.0,0.0,0.0,0.0,1.0,0.0,0.0,1.0,0.0,0.0,0.0,0.0,0.0,0.0,1.0,0.0,0.0,0.0,1.0,0.0,0.0,1.0,0.0,0.0,1.0,0.0,1.0,0.0,0.0,1.0,0.0,0.0,1.0,0.0,0.0,0.0,0.0,1.0,0.0,1.0
0.2734985070878224,2.278327670502915,-0.8376025122779064,1.053413018870969,1.1483767217687555,-0.7187454693270836,-0.4364357804719845,1.9248186026606526,1.1156504369885156,0.603360454366149,-0.464548674655972,1.7712339285639667,0.5193206744088694,0.0,0.0,0.0,1.0,0.0,0.0,0.0,1.0,0.0,0.0,0.0,0.0,0.0,0.0,0.0,0.0,0.0,0.0,1.0,0.0,0.0,0.0,0.0,1.0,1.0,0.0,0.0,0.0,0.0,0.0,1.0,0.0,0.0,0.0,0.0,1.0,0.0,0.0,1.0,0.0,0.0,1.0,0.0,1.0,0.0,0.0,0.0,1.0,0.0,0.0,0.0,1.0,0.0,1.0
0.01947512589170256,-0.33743754965662703,0.9421637820708985,1.053413018870969,-1.1164427669774335,-0.7187454693270836,-0.4364357804719845,-0.4604860703291661,0.02649997497854745,-0.3412351689076656,-0.464548674655972,-0.04663246777515542,0.28321049937129605,0.0,0.0,0.0,1.0,0.0,1.0,0.0,0.0,0.0,0.0,0.0,0.0,1.0,0.0,0.0,0.0,0.0,0.0,0.0,0.0,0.0,1.0,0.0,0.0,0.0,0.0,1.0,0.0,0.0,1.0,0.0,0.0,0.0,0.0,0.0,1.0,0.0,1.0,0.0,0.0,0.0,1.0,0.0,0.0,1.0,0.0,0.0,1.0,0.0,0.0,0.0,1.0,0.0,1.0
-0.742595017696657,-0.4470983322445145,0.9421637820708985,-1.6476460038751053,-0.7540716487780433,-0.7187454693270836,-0.4364357804719845,0.03186767869311566,-0.2706521064109761,0.603360454366149,-0.464548674655972,-0.22454415216758647,-0.6884914239300278,1.0,0.0,0.0,0.0,0.0,1.0,0.0,0.0,0.0,0.0,0.0,0.0,0.0,1.0,0.0,0.0,0.0,0.0,0.0,1.0,0.0,0.0,0.0,0.0,0.0,0.0,1.0,0.0,0.0,0.0,0.0,0.0,1.0,0.0,0.0,1.0,1.0,0.0,0.0,0.0,0.0,1.0,0.0,0.0,1.0,0.0,0.0,1.0,0.0,0.0,1.0,0.0,0.0,1.0
-1.16596731969019,-0.3220925254719738,-1.727485659452309,-1.6476460038751053,0.8765983831192128,-0.7187454693270836,-0.4364357804719845,1.4622809255951759,-0.5276715221874179,-0.3412351689076656,-0.464548674655972,-0.023572603524489647,-1.585231719616147,1.0,0.0,0.0,0.0,0.0,0.0,0.0,1.0,0.0,0.0,0.0,0.0,0.0,0.0,0.0,1.0,0.0,0.0,0.0,0.0,0.0,1.0,0.0,0.0,0.0,0.0,1.0,0.0,0.0,1.0,0.0,0.0,0.0,0.0,1.0,0.0,0.0,0.0,0.0,1.0,0.0,1.0,0.0,0.0,1.0,0.0,0.0,1.0,0.0,0.0,1.0,0.0,0.0,1.0
-0.9966183988927769,-0.7356596406925051,0.052280634896496016,-1.6476460038751053,-0.4822933101285007,1.045047093438766,-0.4364357804719845,-0.2280685956235932,-0.654891087525893,-0.3412351689076656,-0.464548674655972,-0.8586782121472591,-1.1730821976485595,0.0,0.0,0.0,1.0,0.0,1.0,0.0,0.0,0.0,0.0,0.0,0.0,0.0,1.0,0.0,0.0,0.0,0.0,0.0,0.0,0.0,1.0,0.0,0.0,1.0,0.0,0.0,0.0,0.0,0.0,0.0,0.0,1.0,0.0,0.0,1.0,0.0,0.0,0.0,1.0,0.0,1.0,0.0,0.0,1.0,0.0,0.0,1.0,0.0,0.0,1.0,0.0,0.0,1.0
-0.2345482553044173,-0.8037765773170632,0.9421637820708985,-0.7472929962930807,-0.21051497147895798,-0.7187454693270836,-0.4364357804719845,-0.8992709707909874,-0.762005999967568,0.603360454366149,-0.464548674655972,-1.067594652621029,0.012431660139291227,1.0,0.0,0.0,0.0,0.0,0.0,0.0,1.0,0.0,0.0,0.0,0.0,0.0,1.0,0.0,0.0,0.0,0.0,0.0,0.0,0.0,0.0,0.0,1.0,1.0,0.0,0.0,0.0,0.0,1.0,0.0,0.0,0.0,0.0,0.0,1.0,0.0,1.0,0.0,0.0,0.0,1.0,0.0,0.0,1.0,0.0,0.0,1.0,0.0,0.0,1.0,0.0,0.0,1.0
0.2734985070878224,0.21236343881302053,0.9421637820708985,1.053413018870969,2.4166756354666212,-0.7187454693270836,-0.4364357804719845,-0.05155473090902281,-0.42500434198012554,-0.3412351689076656,-0.464548674655972,0.5973311363821663,0.5193206744088694,0.0,0.0,0.0,1.0,0.0,0.0,0.0,1.0,0.0,0.0,0.0,0.0,0.0,1.0,0.0,0.0,0.0,0.0,0.0,0.0,0.0,1.0,0.0,0.0,0.0,0.0,0.0,1.0,0.0,1.0,0.0,0.0,0.0,1.0,0.0,0.0,0.0,0.0,1.0,0.0,0.0,1.0,0.0,1.0,0.0,0.0,0.0,1.0,0.0,0.0,0.0,1.0,0.0,1.0
-1.2506417800888967,-0.6765251572492075,-1.727485659452309,-1.6476460038751053,-0.6634788692281958,1.045047093438766,-0.4364357804719845,0.5825292395683179,-0.5555227562376437,-0.3412351689076656,-0.464548674655972,-0.701101832040487,-1.8318662260302179,0.0,0.0,0.0,1.0,0.0,1.0,0.0,0.0,0.0,0.0,0.0,0.0,0.0,0.0,0.0,1.0,0.0,0.0,0.0,0.0,0.0,1.0,0.0,0.0,1.0,0.0,0.0,0.0,0.0,1.0,0.0,0.0,0.0,0.0,0.0,1.0,1.0,0.0,0.0,0.0,0.0,1.0,0.0,0.0,1.0,0.0,0.0,1.0,0.0,0.0,0.0,1.0,0.0,1.0
-0.742595017696657,-0.8352151634514747,-0.8376025122779064,0.15306001128894414,1.057783942218908,1.045047093438766,2.29128784747792,-0.7107041665802492,-0.8919801957039337,-0.3412351689076656,-0.464548674655972,-1.1766582223091606,-0.6884914239300278,1.0,0.0,0.0,0.0,0.0,1.0,0.0,0.0,0.0,0.0,0.0,0.0,0.0,1.0,0.0,0.0,0.0,0.0,0.0,0.0,0.0,1.0,0.0,0.0,0.0,1.0,0.0,0.0,0.0,0.0,0.0,0.0,1.0,0.0,0.0,1.0,0.0,0.0,0.0,1.0,0.0,1.0,0.0,0.0,1.0,0.0,0.0,0.0,0.0,1.0,1.0,0.0,0.0,1.0
1.289592031872302,-0.39095799986163693,-0.8376025122779064,-1.6476460038751053,-1.025849987427586,1.045047093438766,-0.4364357804719845,-0.8847105922653709,-0.09082236789626288,-1.2858307921814802,2.152626957208659,-0.1304244434614641,1.2434283535975954,0.0,1.0,0.0,0.0,0.0,0.0,1.0,0.0,0.0,1.0,0.0,0.0,0.0,0.0,0.0,0.0,0.0,0.0,0.0,0.0,0.0,1.0,0.0,0.0,0.0,1.0,0.0,0.0,0.0,0.0,0.0,0.0,1.0,0.0,0.0,1.0,1.0,0.0,0.0,0.0,0.0,1.0,0.0,0.0,1.0,0.0,0.0,1.0,0.0,0.0,0.0,1.0,0.0,1.0
-1.2506417800888967,-1.0560338041574597,0.9421637820708985,1.053413018870969,0.2424489262702798,-0.7187454693270836,-0.4364357804719845,-0.8696736989756136,-1.0162178160174826,0.603360454366149,-0.464548674655972,-2.417241041935769,-1.8318662260302179,1.0,0.0,0.0,0.0,0.0,0.0,0.0,1.0,0.0,0.0,0.0,0.0,0.0,0.0,0.0,1.0,0.0,0.0,0.0,0.0,0.0,0.0,0.0,1.0,0.0,0.0,0.0,1.0,0.0,0.0,0.0,0.0,1.0,0.0,0.0,1.0,0.0,1.0,0.0,0.0,0.0,1.0,0.0,0.0,1.0,0.0,0.0,1.0,0.0,0.0,1.0,0.0,0.0,1.0
-0.48857163650053714,-0.3232153321196314,-0.8376025122779064,1.053413018870969,-0.7540716487780433,-0.7187454693270836,-0.4364357804719845,-0.06422963214541608,-0.12829357881162134,1.5479560776399637,2.152626957208659,-0.025246098922092716,-0.3049783695263035,1.0,0.0,0.0,0.0,0.0,1.0,0.0,0.0,0.0,1.0,0.0,0.0,0.0,0.0,0.0,0.0,0.0,0.0,0.0,0.0,1.0,0.0,0.0,0.0,1.0,0.0,0.0,0.0,0.0,0.0,0.0,0.0,1.0,0.0,0.0,1.0,1.0,0.0,0.0,0.0,1.0,0.0,0.0,0.0,1.0,0.0,0.0,1.0,0.0,0.0,1.0,0.0,0.0,1.0
-0.6579205572979504,-0.6664198974202895,-0.8376025122779064,1.053413018870969,2.5978611945663164,-0.7187454693270836,-0.4364357804719845,-0.46536511134098,-0.8730213557879641,0.603360454366149,-0.464548674655972,-0.6759878370708325,-0.551612875940375,0.0,0.0,0.0,1.0,0.0,0.0,0.0,1.0,0.0,0.0,0.0,0.0,0.0,0.0,0.0,1.0,0.0,0.0,0.0,1.0,0.0,0.0,0.0,0.0,0.0,0.0,0.0,0.0,1.0,1.0,0.0,0.0,0.0,0.0,0.0,1.0,0.0,0.0,0.0,1.0,0.0,1.0,0.0,0.0,1.0,0.0,0.0,1.0,0.0,0.0,1.0,0.0,0.0,1.0
-0.2345482553044173,-0.49612755585889423,0.9421637820708985,-0.7472929962930807,-0.4822933101285007,1.045047093438766,-0.4364357804719845,-0.5068606677575471,-0.40716143515668085,0.603360454366149,2.152626957208659,-0.3127195997721477,0.012431660139291227,0.0,0.0,0.0,1.0,0.0,1.0,0.0,0.0,0.0,0.0,0.0,1.0,0.0,0.0,0.0,0.0,0.0,0.0,0.0,1.0,0.0,0.0,0.0,0.0,1.0,0.0,0.0,0.0,0.0,1.0,0.0,0.0,0.0,0.0,0.0,1.0,0.0,0.0,0.0,1.0,0.0,1.0,0.0,0.0,1.0,0.0,0.0,1.0,0.0,0.0,1.0,0.0,0.0,1.0
0.2734985070878224,-0.6005485740910464,0.9421637820708985,0.15306001128894414,0.42363448536997494,1.045047093438766,-0.4364357804719845,-0.8292146730310039,-0.6685355339404278,-0.3412351689076656,-0.464548674655972,-0.523202867302041,0.5193206744088694,0.0,0.0,0.0,1.0,0.0,1.0,0.0,0.0,0.0,0.0,0.0,0.0,1.0,0.0,0.0,0.0,0.0,0.0,0.0,0.0,0.0,1.0,0.0,0.0,0.0,1.0,0.0,0.0,0.0,0.0,0.0,0.0,1.0,0.0,0.0,1.0,0.0,1.0,0.0,0.0,0.0,1.0,0.0,0.0,1.0,0.0,0.0,1.0,0.0,0.0,1.0,0.0,0.0,1.0
1.289592031872302,-0.04139086355758603,0.9421637820708985,1.053413018870969,0.0612633671705847,-0.7187454693270836,-0.4364357804719845,-0.661771830196102,-0.13549743046804555,0.603360454366149,-0.464548674655972,0.3389032728975253,1.2434283535975954,0.0,0.0,0.0,1.0,0.0,0.0,0.0,1.0,0.0,0.0,0.0,0.0,0.0,1.0,0.0,0.0,0.0,0.0,0.0,0.0,0.0,0.0,0.0,1.0,1.0,0.0,0.0,0.0,0.0,0.0,0.0,0.0,1.0,0.0,0.0,1.0,0.0,0.0,0.0,1.0,0.0,1.0,0.0,0.0,1.0,0.0,0.0,1.0,0.0,0.0,1.0,0.0,0.0,1.0
1.289592031872302,1.67987172730144,-0.8376025122779064,1.053413018870969,0.42363448536997494,1.045047093438766,-0.4364357804719845,0.43597481515354214,1.1003123930169658,1.5479560776399637,-0.464548674655972,1.5255362102422456,1.2434283535975954,0.0,0.0,0.0,1.0,0.0,0.0,1.0,0.0,0.0,0.0,0.0,0.0,1.0,0.0,0.0,0.0,0.0,0.0,0.0,0.0,1.0,0.0,0.0,0.0,0.0,1.0,0.0,0.0,0.0,1.0,0.0,0.0,0.0,0.0,0.0,1.0,1.0,0.0,0.0,0.0,0.0,1.0,0.0,0.0,1.0,0.0,0.0,1.0,0.0,0.0,0.0,1.0,0.0,1.0
1.289592031872302,0.022234846476341868,-0.8376025122779064,1.053413018870969,0.3330417058201274,-0.7187454693270836,2.29128784747792,-0.6211941111899181,-0.16127777068572363,-1.2858307921814802,-0.464548674655972,0.40868779395269605,1.2434283535975954,0.0,1.0,0.0,0.0,0.0,0.0,0.0,1.0,0.0,0.0,0.0,0.0,0.0,1.0,0.0,0.0,0.0,0.0,0.0,0.0,0.0,1.0,0.0,0.0,0.0,1.0,0.0,0.0,0.0,0.0,0.0,0.0,1.0,0.0,0.0,1.0,0.0,0.0,1.0,0.0,1.0,0.0,0.0,1.0,0.0,0.0,1.0,0.0,0.0,0.0,0.0,1.0,0.0,1.0
-0.742595017696657,-0.4695544651976655,0.9421637820708985,1.053413018870969,0.6954128240195177,2.8088396562046154,-0.4364357804719845,-0.01109694109126399,-0.6061192595551619,-0.3412351689076656,-0.464548674655972,-0.26418846536690105,-0.6884914239300278,0.0,0.0,0.0,1.0,0.0,1.0,0.0,0.0,0.0,0.0,0.0,0.0,1.0,0.0,0.0,0.0,0.0,0.0,0.0,0.0,0.0,1.0,0.0,0.0,0.0,0.0,0.0,1.0,0.0,0.0,0.0,0.0,1.0,0.0,0.0,1.0,0.0,0.0,0.0,1.0,0.0,1.0,0.0,0.0,1.0,0.0,0.0,1.0,0.0,0.0,0.0,1.0,0.0,1.0
-0.48857163650053714,0.1416266200105948,0.9421637820708985,-0.7472929962930807,1.691933399067841,-0.7187454693270836,-0.4364357804719845,0.6472645900661856,-0.3614001495905323,-0.3412351689076656,-0.464548674655972,0.5303054284379429,-0.3049783695263035,0.0,0.0,0.0,1.0,0.0,0.0,0.0,1.0,0.0,0.0,0.0,0.0,0.0,0.0,0.0,1.0,0.0,0.0,0.0,0.0,0.0,1.0,0.0,0.0,0.0,0.0,0.0,1.0,0.0,1.0,0.0,0.0,0.0,0.0,0.0,1.0,1.0,0.0,0.0,0.0,1.0,0.0,0.0,0.0,0.0,1.0,1.0,0.0,0.0,0.0,0.0,1.0,0.0,1.0
2.3056855566567815,1.1757315425031993,0.9421637820708985,1.053413018870969,0.9671911626690604,1.045047093438766,-0.4364357804719845,-0.2633343547187505,0.46953581406070755,-1.2858307921814802,-0.464548674655972,1.275011072537078,1.7622593178252401,0.0,1.0,0.0,0.0,0.0,1.0,0.0,0.0,0.0,0.0,0.0,0.0,0.0,0.0,0.0,0.0,0.0,0.0,1.0,0.0,0.0,1.0,0.0,0.0,0.0,0.0,0.0,1.0,0.0,0.0,0.0,0.0,1.0,0.0,0.0,1.0,0.0,0.0,1.0,0.0,0.0,1.0,0.0,1.0,0.0,0.0,0.0,1.0,0.0,0.0,0.0,1.0,0.0,1.0
0.2734985070878224,0.3456031610017166,0.052280634896496016,1.053413018870969,-0.6634788692281958,-0.7187454693270836,-0.4364357804719845,0.07590702756032561,0.5770938696194967,1.5479560776399637,-0.464548674655972,0.7148941444247192,0.5193206744088694,1.0,0.0,0.0,0.0,0.0,0.0,0.0,1.0,0.0,0.0,0.0,0.0,0.0,0.0,0.0,0.0,0.0,0.0,1.0,0.0,1.0,0.0,0.0,0.0,0.0,0.0,1.0,0.0,0.0,1.0,0.0,0.0,0.0,0.0,0.0,1.0,1.0,0.0,0.0,0.0,0.0,1.0,0.0,0.0,0.0,1.0,0.0,1.0,0.0,0.0,1.0,0.0,0.0,1.0
-0.9119439384940703,-0.10801072465193406,-1.727485659452309,1.053413018870969,-0.3917005305786531,-0.7187454693270836,-0.4364357804719845,1.0961008952847466,-0.041984940952199463,0.603360454366149,-0.464548674655972,0.26157981537153974,-0.9970428507185473,0.0,0.0,0.0,1.0,0.0,0.0,0.0,1.0,0.0,0.0,0.0,0.0,0.0,0.0,0.0,0.0,0.0,0.0,1.0,0.0,0.0,0.0,0.0,1.0,0.0,0.0,1.0,0.0,0.0,1.0,0.0,0.0,0.0,0.0,0.0,1.0,0.0,0.0,0.0,1.0,0.0,1.0,0.0,0.0,0.0,1.0,0.0,1.0,0.0,0.0,1.0,0.0,0.0,1.0
0.2734985070878224,0.35533415194808204,0.052280634896496016,0.15306001128894414,-0.7540716487780433,1.045047093438766,-0.4364357804719845,0.08521603239235677,0.6514526765890739,0.603360454366149,2.152626957208659,0.7230772803548284,0.5193206744088694,0.0,0.0,0.0,1.0,0.0,1.0,0.0,0.0,0.0,1.0,0.0,0.0,0.0,0.0,0.0,0.0,0.0,0.0,0.0,1.0,0.0,0.0,0.0,0.0,1.0,0.0,0.0,0.0,0.0,0.0,0.0,0.0,1.0,0.0,0.0,1.0,0.0,1.0,0.0,0.0,0.0,1.0,0.0,0.0,1.0,0.0,0.0,0.0,0.0,1.0,0.0,1.0,0.0,1.0
-1.2506417800888967,-1.0343262089694139,0.9421637820708985,1.053413018870969,0.3330417058201274,-0.7187454693270836,-0.4364357804719845,-0.7866088366131402,-1.0018316918800974,-0.3412351689076656,-0.464548674655972,-2.227616418182697,-1.8318662260302179,0.0,0.0,0.0,1.0,0.0,0.0,0.0,0.0,1.0,0.0,0.0,0.0,0.0,0.0,0.0,1.0,0.0,0.0,0.0,0.0,0.0,1.0,0.0,0.0,0.0,0.0,0.0,1.0,0.0,0.0,0.0,1.0,0.0,0.0,0.0,1.0,1.0,0.0,0.0,0.0,0.0,1.0,0.0,0.0,1.0,0.0,0.0,0.0,0.0,1.0,1.0,0.0,0.0,1.0
-1.2506417800888967,-0.9467472904521248,-0.8376025122779064,1.053413018870969,-1.1164427669774335,-0.7187454693270836,-0.4364357804719845,-0.4514850815645407,-0.7954507719145424,1.5479560776399637,2.152626957208659,-1.6600314317166331,-1.8318662260302179,0.0,0.0,0.0,1.0,0.0,0.0,0.0,1.0,0.0,0.0,0.0,0.0,0.0,0.0,0.0,0.0,1.0,0.0,0.0,0.0,1.0,0.0,0.0,0.0,0.0,1.0,0.0,0.0,0.0,0.0,0.0,1.0,0.0,0.0,0.0,1.0,0.0,0.0,0.0,1.0,0.0,1.0,0.0,0.0,0.0,1.0,0.0,0.0,0.0,1.0,1.0,0.0,0.0,1.0
-0.742595017696657,0.07350968338603671,0.052280634896496016,1.053413018870969,-0.029329412379262863,-0.7187454693270836,-0.4364357804719845,1.0279307806943216,-0.005264258129870831,-1.2858307921814802,-0.464548674655972,0.4623192871480633,-0.6884914239300278,0.0,1.0,0.0,0.0,0.0,0.0,0.0,1.0,0.0,0.0,0.0,0.0,0.0,0.0,0.0,0.0,0.0,0.0,1.0,0.0,0.0,1.0,0.0,0.0,0.0,0.0,0.0,1.0,0.0,0.0,0.0,0.0,1.0,0.0,0.0,1.0,0.0,0.0,1.0,0.0,0.0,1.0,0.0,1.0,0.0,0.0,0.0,1.0,0.0,0.0,0.0,1.0,0.0,1.0
1.289592031872302,1.473649573015003,-0.8376025122779064,1.053413018870969,-1.1164427669774335,1.045047093438766,-0.4364357804719845,0.304455267080558,2.4696324468554898,-0.3412351689076656,-0.464548674655972,1.4288210511993655,1.2434283535975954,0.0,0.0,0.0,1.0,0.0,1.0,0.0,0.0,0.0,0.0,0.0,0.0,1.0,0.0,0.0,0.0,0.0,0.0,0.0,0.0,0.0,1.0,0.0,0.0,0.0,0.0,1.0,0.0,0.0,1.0,0.0,0.0,0.0,0.0,0.0,1.0,0.0,1.0,0.0,0.0,0.0,1.0,0.0,0.0,0.0,1.0,0.0,1.0,0.0,0.0,0.0,1.0,0.0,1.0
-0.9966183988927769,-0.631987160225458,-0.8376025122779064,0.15306001128894414,-0.11992219192911042,1.045047093438766,-0.4364357804719845,0.03640243491836418,-0.6160239243526494,-0.3412351689076656,2.152626957208659,-0.593886456366483,-1.1730821976485595,1.0,0.0,0.0,0.0,0.0,1.0,0.0,0.0,0.0,0.0,0.0,1.0,0.0,0.0,0.0,0.0,0.0,0.0,0.0,0.0,0.0,1.0,0.0,0.0,0.0,0.0,0.0,1.0,0.0,1.0,0.0,0.0,0.0,0.0,0.0,1.0,1.0,0.0,0.0,0.0,0.0,1.0,0.0,0.0,1.0,0.0,1.0,0.0,0.0,0.0,0.0,1.0,0.0,1.0
-0.06519933450700406,1.1072403369960888,0.052280634896496016,1.053413018870969,-0.3917005305786531,1.045047093438766,-0.4364357804719845,1.244759775693993,1.1743127252152255,0.603360454366149,-0.464548674655972,1.2369183268925346,0.19728732528481788,1.0,0.0,0.0,0.0,0.0,0.0,0.0,0.0,1.0,0.0,0.0,0.0,0.0,0.0,0.0,0.0,0.0,0.0,1.0,1.0,0.0,0.0,0.0,0.0,0.0,0.0,0.0,1.0,0.0,0.0,0.0,1.0,0.0,0.0,0.0,1.0,1.0,0.0,0.0,0.0,1.0,0.0,0.0,0.0,1.0,0.0,0.0,1.0,0.0,0.0,0.0,1.0,0.0,1.0
-0.2345482553044173,-0.4639404319593778,0.9421637820708985,-1.6476460038751053,-0.11992219192911042,1.045047093438766,-0.4364357804719845,-0.4658055752260679,-0.46267288812687757,-0.3412351689076656,2.152626957208659,-0.25416337445393283,0.012431660139291227,0.0,0.0,0.0,1.0,0.0,0.0,0.0,1.0,0.0,1.0,0.0,0.0,0.0,0.0,0.0,0.0,0.0,0.0,0.0,0.0,0.0,1.0,0.0,0.0,0.0,1.0,0.0,0.0,0.0,0.0,0.0,0.0,1.0,0.0,0.0,1.0,1.0,0.0,0.0,0.0,0.0,0.0,1.0,0.0,1.0,0.0,0.0,1.0,0.0,0.0,0.0,1.0,0.0,1.0
-1.2506417800888967,-0.5968058852655214,0.052280634896496016,-0.7472929962930807,1.4201550604182982,-0.7187454693270836,2.29128784747792,0.887577785830505,-0.7655041490034756,-0.3412351689076656,-0.464548674655972,-0.5150387224812445,-1.8318662260302179,0.0,0.0,0.0,1.0,0.0,0.0,0.0,1.0,0.0,0.0,0.0,0.0,0.0,0.0,0.0,1.0,0.0,0.0,0.0,0.0,0.0,1.0,0.0,0.0,0.0,1.0,0.0,0.0,0.0,0.0,0.0,0.0,1.0,0.0,0.0,1.0,0.0,1.0,0.0,0.0,0.0,1.0,0.0,0.0,1.0,0.0,0.0,1.0,0.0,0.0,1.0,0.0,0.0,1.0
0.2734985070878224,0.12066756258765385,-0.8376025122779064,0.15306001128894414,0.2424489262702798,1.045047093438766,-0.4364357804719845,-0.13927419951854653,-0.05545044549226907,0.603360454366149,-0.464548674655972,0.5097630558531051,0.5193206744088694,1.0,0.0,0.0,0.0,0.0,0.0,0.0,1.0,0.0,0.0,0.0,0.0,0.0,1.0,0.0,0.0,0.0,0.0,0.0,1.0,0.0,0.0,0.0,0.0,0.0,1.0,0.0,0.0,0.0,0.0,0.0,0.0,1.0,0.0,0.0,1.0,1.0,0.0,0.0,0.0,1.0,0.0,0.0,0.0,1.0,0.0,0.0,1.0,0.0,0.0,0.0,1.0,0.0,1.0
-0.9966183988927769,-0.7618584624711814,-0.8376025122779064,1.053413018870969,0.15185614672043227,2.8088396562046154,-0.4364357804719845,-0.294902430056579,-0.7664949469271098,-0.3412351689076656,-0.464548674655972,-0.9351067945673949,-1.1730821976485595,1.0,0.0,0.0,0.0,0.0,1.0,0.0,0.0,0.0,0.0,0.0,0.0,0.0,0.0,0.0,1.0,0.0,0.0,0.0,0.0,0.0,1.0,0.0,0.0,0.0,0.0,0.0,1.0,0.0,0.0,0.0,0.0,1.0,0.0,0.0,1.0,0.0,0.0,0.0,1.0,0.0,1.0,0.0,0.0,1.0,0.0,0.0,0.0,0.0,1.0,1.0,0.0,0.0,1.0
1.289592031872302,-0.5043614712750496,0.9421637820708985,1.053413018870969,-0.11992219192911042,-0.7187454693270836,-0.4364357804719845,-0.9570344090822749,-0.4995591061945465,-1.2858307921814802,-0.464548674655972,-0.32813296597609914,1.2434283535975954,0.0,1.0,0.0,0.0,0.0,0.0,0.0,1.0,0.0,0.0,0.0,0.0,0.0,1.0,0.0,0.0,0.0,0.0,0.0,0.0,0.0,1.0,0.0,0.0,0.0,0.0,1.0,0.0,0.0,1.0,0.0,0.0,0.0,0.0,0.0,1.0,1.0,0.0,0.0,0.0,0.0,1.0,0.0,0.0,1.0,0.0,0.0,1.0,0.0,0.0,0.0,1.0,0.0,1.0
-0.48857163650053714,-0.7072152056185138,0.9421637820708985,1.053413018870969,0.8765983831192128,-0.7187454693270836,2.29128784747792,-0.651985728755,-0.793206772824574,0.603360454366149,-0.464548674655972,-0.7804936895110683,-0.3049783695263035,0.0,0.0,0.0,1.0,0.0,0.0,0.0,1.0,0.0,0.0,0.0,0.0,0.0,0.0,0.0,0.0,0.0,0.0,1.0,0.0,0.0,0.0,0.0,1.0,0.0,0.0,0.0,1.0,0.0,0.0,0.0,0.0,1.0,0.0,0.0,1.0,0.0,0.0,1.0,0.0,1.0,0.0,0.0,1.0,0.0,0.0,0.0,1.0,0.0,0.0,1.0,0.0,0.0,1.0
0.2734985070878224,1.6959652892511983,-1.727485659452309,-0.7472929962930807,-0.4822933101285007,-0.7187454693270836,-0.4364357804719845,1.367710467328331,1.8599519616034377,-0.3412351689076656,-0.464548674655972,1.5327894178545327,0.5193206744088694,0.0,1.0,0.0,0.0,0.0,0.0,0.0,1.0,0.0,0.0,0.0,0.0,1.0,0.0,0.0,0.0,0.0,0.0,0.0,0.0,0.0,0.0,0.0,1.0,0.0,0.0,1.0,0.0,0.0,1.0,0.0,0.0,0.0,0.0,0.0,1.0,0.0,1.0,0.0,0.0,0.0,1.0,0.0,0.0,1.0,0.0,0.0,1.0,0.0,0.0,0.0,1.0,1.0,0.0
0.7815452694800622,0.7651585783430882,0.9421637820708985,-0.7472929962930807,-0.6634788692281958,1.045047093438766,-0.4364357804719845,0.10247362012792983,1.0420016827230683,-0.3412351689076656,-0.464548674655972,1.027894135670723,0.9166346534898615,1.0,0.0,0.0,0.0,0.0,1.0,0.0,0.0,0.0,0.0,0.0,0.0,0.0,1.0,0.0,0.0,0.0,0.0,0.0,0.0,0.0,1.0,0.0,0.0,0.0,0.0,0.0,0.0,1.0,0.0,0.0,1.0,0.0,0.0,0.0,1.0,1.0,0.0,0.0,0.0,0.0,1.0,0.0,0.0,1.0,0.0,1.0,0.0,0.0,0.0,1.0,0.0,0.0,1.0
-0.48857163650053714,0.1371353934199646,0.052280634896496016,-0.7472929962930807,-0.5728860896783482,-0.7187454693270836,-0.4364357804719845,0.6403902497549626,0.2952375369612996,0.603360454366149,-0.464548674655972,0.5259307585780354,-0.3049783695263035,0.0,0.0,0.0,1.0,0.0,0.0,0.0,1.0,0.0,0.0,0.0,0.0,0.0,1.0,0.0,0.0,0.0,0.0,0.0,0.0,0.0,0.0,0.0,1.0,1.0,0.0,0.0,0.0,0.0,0.0,0.0,0.0,1.0,0.0,0.0,1.0,0.0,0.0,1.0,0.0,0.0,1.0,0.0,0.0,1.0,0.0,0.0,1.0,0.0,0.0,1.0,0.0,0.0,1.0
-0.48857163650053714,-0.4530866343653548,0.9421637820708985,-0.7472929962930807,-0.029329412379262863,-0.7187454693270836,-0.4364357804719845,-0.2630126394782871,-0.47207984404241127,0.603360454366149,-0.464548674655972,-0.23499822199651,-0.3049783695263035,0.0,0.0,0.0,1.0,0.0,0.0,0.0,1.0,0.0,0.0,0.0,0.0,0.0,0.0,0.0,1.0,0.0,0.0,0.0,0.0,0.0,0.0,0.0,1.0,0.0,0.0,0.0,1.0,0.0,0.0,0.0,0.0,1.0,0.0,0.0,1.0,1.0,0.0,0.0,0.0,0.0,1.0,0.0,0.0,1.0,0.0,0.0,1.0,0.0,0.0,1.0,0.0,0.0,1.0
-0.742595017696657,0.15996579525566815,-1.727485659452309,1.053413018870969,-0.6634788692281958,2.8088396562046154,-0.4364357804719845,1.193344566864184,0.3713897881749188,-0.3412351689076656,-0.464548674655972,0.5480173063479279,-0.6884914239300278,1.0,0.0,0.0,0.0,0.0,1.0,0.0,0.0,0.0,0.0,0.0,0.0,1.0,0.0,0.0,0.0,0.0,0.0,0.0,0.0,0.0,1.0,0.0,0.0,0.0,0.0,0.0,1.0,0.0,0.0,0.0,0.0,1.0,0.0,0.0,1.0,1.0,0.0,0.0,0.0,0.0,1.0,0.0,0.0,0.0,1.0,0.0,1.0,0.0,0.0,0.0,1.0,0.0,1.0
-0.9966183988927769,-0.6933672569640708,0.9421637820708985,-0.7472929962930807,-0.11992219192911042,1.045047093438766,-0.4364357804719845,-0.12017969146748787,-0.672036329566517,0.603360454366149,-0.464548674655972,-0.7440686326302465,-1.1730821976485595,0.0,0.0,1.0,0.0,0.0,0.0,0.0,0.0,1.0,0.0,0.0,0.0,0.0,0.0,0.0,1.0,0.0,0.0,0.0,0.0,0.0,1.0,0.0,0.0,0.0,0.0,1.0,0.0,0.0,0.0,0.0,0.0,1.0,0.0,0.0,1.0,1.0,0.0,0.0,0.0,0.0,1.0,0.0,0.0,1.0,0.0,1.0,0.0,0.0,0.0,0.0,1.0,0.0,1.0
0.4428474278852357,1.7876611654765648,-0.8376025122779064,0.15306001128894414,-0.4822933101285007,1.045047093438766,-0.4364357804719845,1.2360349537762811,1.9547859691510268,-0.3412351689076656,-0.464548674655972,1.5733604048308663,0.661468884059431,1.0,0.0,0.0,0.0,0.0,0.0,0.0,1.0,0.0,0.0,0.0,0.0,0.0,0.0,0.0,0.0,0.0,0.0,1.0,0.0,0.0,1.0,0.0,0.0,0.0,0.0,1.0,0.0,0.0,0.0,0.0,0.0,1.0,0.0,0.0,1.0,1.0,0.0,0.0,0.0,0.0,1.0,0.0,0.0,1.0,0.0,0.0,1.0,0.0,0.0,1.0,0.0,0.0,1.0
-1.2506417800888967,-0.41528547722755055,-1.727485659452309,-0.7472929962930807,-1.025849987427586,-0.7187454693270836,-0.4364357804719845,1.582171893516705,-0.12227241879886126,1.5479560776399637,-0.464548674655972,-0.1703751798868541,-1.8318662260302179,0.0,0.0,0.0,1.0,0.0,1.0,0.0,0.0,0.0,0.0,0.0,0.0,0.0,1.0,0.0,0.0,0.0,0.0,0.0,0.0,1.0,0.0,0.0,0.0,1.0,0.0,0.0,0.0,0.0,0.0,0.0,1.0,0.0,0.0,0.0,1.0,1.0,0.0,0.0,0.0,0.0,1.0,0.0,0.0,1.0,0.0,0.0,1.0,0.0,0.0,1.0,0.0,0.0,1.0
-0.2345482553044173,-0.6499520665879788,0.052280634896496016,-1.6476460038751053,-0.8446644283278909,-0.7187454693270836,-0.4364357804719845,-0.7030658192742673,-0.4797236274294201,-0.3412351689076656,-0.464548674655972,-0.6360740183969725,0.012431660139291227,0.0,0.0,0.0,1.0,0.0,0.0,0.0,1.0,0.0,0.0,0.0,0.0,0.0,0.0,0.0,1.0,0.0,0.0,0.0,0.0,0.0,1.0,0.0,0.0,0.0,0.0,1.0,0.0,0.0,1.0,0.0,0.0,0.0,0.0,0.0,1.0,0.0,0.0,0.0,1.0,0.0,1.0,0.0,0.0,1.0,0.0,0.0,1.0,0.0,0.0,1.0,0.0,0.0,1.0
-0.2345482553044173,0.020363502063579283,-1.727485659452309,1.053413018870969,-0.21051497147895798,1.045047093438766,-0.4364357804719845,0.15193035193363,0.0128529645882903,-0.3412351689076656,-0.464548674655972,0.4066879303324437,0.012431660139291227,1.0,0.0,0.0,0.0,0.0,0.0,0.0,0.0,1.0,0.0,0.0,0.0,1.0,0.0,0.0,0.0,0.0,0.0,0.0,0.0,0.0,1.0,0.0,0.0,1.0,0.0,0.0,0.0,0.0,1.0,0.0,0.0,0.0,0.0,0.0,1.0,1.0,0.0,0.0,0.0,1.0,0.0,0.0,0.0,1.0,0.0,0.0,1.0,0.0,0.0,0.0,1.0,0.0,1.0
1.289592031872302,0.9949596722303337,0.9421637820708985,-1.6476460038751053,-1.025849987427586,-0.7187454693270836,-0.4364357804719845,-0.0008323953247899462,1.7008628396779217,0.603360454366149,-0.464548674655972,1.1719484004178191,1.2434283535975954,0.0,0.0,1.0,0.0,0.0,0.0,0.0,1.0,0.0,0.0,0.0,0.0,0.0,0.0,0.0,1.0,0.0,0.0,0.0,0.0,0.0,1.0,0.0,0.0,1.0,0.0,0.0,0.0,0.0,0.0,0.0,0.0,1.0,0.0,0.0,1.0,1.0,0.0,0.0,0.0,0.0,1.0,0.0,0.0,1.0,0.0,0.0,1.0,0.0,0.0,1.0,0.0,0.0,1.0
-0.742595017696657,-1.049671233154067,0.9421637820708985,0.15306001128894414,2.054304517267231,4.572632218970465,-0.4364357804719845,-1.1210162855210766,-1.0515922064832026,-1.2858307921814802,-0.464548674655972,-2.3587371408130315,-0.6884914239300278,0.0,1.0,0.0,0.0,0.0,1.0,0.0,0.0,0.0,0.0,0.0,0.0,0.0,0.0,0.0,1.0,0.0,0.0,0.0,0.0,0.0,1.0,0.0,0.0,0.0,1.0,0.0,0.0,0.0,1.0,0.0,0.0,0.0,0.0,0.0,1.0,0.0,0.0,0.0,1.0,0.0,1.0,0.0,0.0,1.0,0.0,0.0,0.0,0.0,1.0,0.0,1.0,0.0,1.0
-0.9966183988927769,-0.8501859187535754,0.9421637820708985,-1.6476460038751053,-0.4822933101285007,-0.7187454693270836,-0.4364357804719845,-0.5202279290020735,-0.7733368275649226,-0.3412351689076656,-0.464548674655972,-1.2319982708217345,-1.1730821976485595,1.0,0.0,0.0,0.0,0.0,0.0,0.0,1.0,0.0,0.0,0.0,0.0,1.0,0.0,0.0,0.0,0.0,0.0,0.0,0.0,0.0,1.0,0.0,0.0,1.0,0.0,0.0,0.0,0.0,1.0,0.0,0.0,0.0,0.0,0.0,1.0,0.0,1.0,0.0,0.0,0.0,1.0,0.0,0.0,1.0,0.0,0.0,1.0,0.0,0.0,1.0,0.0,0.0,1.0
-0.48857163650053714,-0.18024461898456987,-0.8376025122779064,0.15306001128894414,-0.7540716487780433,1.045047093438766,-0.4364357804719845,0.1546035344285227,0.03599934427887269,-0.3412351689076656,-0.464548674655972,0.17218798088956463,-0.3049783695263035,0.0,0.0,0.0,1.0,0.0,0.0,0.0,1.0,0.0,0.0,0.0,0.0,1.0,0.0,0.0,0.0,0.0,0.0,0.0,0.0,0.0,1.0,0.0,0.0,0.0,0.0,1.0,0.0,0.0,0.0,0.0,0.0,1.0,0.0,0.0,1.0,0.0,1.0,0.0,0.0,1.0,0.0,0.0,0.0,1.0,0.0,0.0,0.0,0.0,1.0,1.0,0.0,0.0,1.0
-1.2506417800888967,-0.9459987526870197,0.052280634896496016,1.053413018870969,0.5142272649198225,-0.7187454693270836,2.29128784747792,-0.4486207759658347,-0.9411774266437309,-1.2858307921814802,-0.464548674655972,-1.656107225817138,-1.8318662260302179,0.0,1.0,0.0,0.0,0.0,0.0,0.0,1.0,0.0,0.0,0.0,0.0,0.0,1.0,0.0,0.0,0.0,0.0,0.0,0.0,0.0,1.0,0.0,0.0,0.0,0.0,1.0,0.0,0.0,0.0,0.0,0.0,1.0,0.0,0.0,1.0,0.0,0.0,0.0,1.0,0.0,1.0,0.0,0.0,1.0,0.0,0.0,0.0,0.0,1.0,0.0,1.0,0.0,1.0
-0.742595017696657,-0.6802678460747327,-0.8376025122779064,0.15306001128894414,0.0612633671705847,-0.7187454693270836,-0.4364357804719845,-0.4142482900680283,-0.6861153212066748,-1.2858307921814802,-0.464548674655972,-0.7105279341096958,-0.6884914239300278,0.0,1.0,0.0,0.0,0.0,0.0,0.0,1.0,0.0,0.0,0.0,0.0,0.0,1.0,0.0,0.0,0.0,0.0,0.0,0.0,0.0,1.0,0.0,0.0,0.0,1.0,0.0,0.0,0.0,0.0,1.0,0.0,0.0,0.0,0.0,1.0,1.0,0.0,0.0,0.0,0.0,1.0,0.0,0.0,1.0,0.0,0.0,1.0,0.0,0.0,1.0,0.0,0.0,1.0
1.289592031872302,1.2816496362655616,0.9421637820708985,1.053413018870969,-0.11992219192911042,1.045047093438766,-0.4364357804719845,0.18200603266777962,1.1302652699065296,-0.3412351689076656,-0.464548674655972,1.331804216892907,1.2434283535975954,0.0,0.0,0.0,1.0,0.0,1.0,0.0,0.0,0.0,0.0,0.0,0.0,0.0,1.0,0.0,0.0,0.0,0.0,0.0,0.0,0.0,1.0,0.0,0.0,0.0,0.0,0.0,1.0,0.0,0.0,0.0,0.0,1.0,0.0,0.0,1.0,1.0,0.0,0.0,0.0,0.0,1.0,0.0,0.0,1.0,0.0,1.0,0.0,0.0,0.0,0.0,1.0,0.0,1.0
1.6282898734671283,1.0511000046132113,0.9421637820708985,0.15306001128894414,-0.7540716487780433,-0.7187454693270836,-0.4364357804719845,-0.1081962301739313,1.4509828965504046,-1.2858307921814802,2.152626957208659,1.2048395357155692,1.4330321323071809,0.0,1.0,0.0,0.0,0.0,1.0,0.0,0.0,0.0,0.0,0.0,1.0,0.0,0.0,0.0,0.0,0.0,0.0,0.0,0.0,0.0,1.0,0.0,0.0,1.0,0.0,0.0,0.0,0.0,0.0,0.0,0.0,1.0,0.0,0.0,1.0,0.0,0.0,1.0,0.0,1.0,0.0,0.0,0.0,1.0,0.0,0.0,1.0,0.0,0.0,0.0,1.0,0.0,1.0
0.2734985070878224,1.2026789020469806,-1.727485659452309,-0.7472929962930807,-0.21051497147895798,-0.7187454693270836,-0.4364357804719845,0.8958155300738325,1.124469435538316,-0.3412351689076656,-0.464548674655972,1.2896974105051884,0.5193206744088694,1.0,0.0,0.0,0.0,0.0,0.0,1.0,0.0,0.0,0.0,0.0,0.0,0.0,0.0,0.0,1.0,0.0,0.0,0.0,0.0,0.0,1.0,0.0,0.0,0.0,0.0,1.0,0.0,0.0,0.0,0.0,0.0,1.0,0.0,0.0,1.0,1.0,0.0,0.0,0.0,0.0,1.0,0.0,0.0,1.0,0.0,0.0,1.0,0.0,0.0,1.0,0.0,0.0,1.0
0.2734985070878224,0.08997751421834745,0.052280634896496016,-0.7472929962930807,-0.3917005305786531,-0.7187454693270836,2.29128784747792,-0.16863336860418296,0.15617381032669422,1.5479560776399637,-0.464548674655972,0.47908458039764257,0.5193206744088694,0.0,0.0,0.0,1.0,0.0,0.0,0.0,1.0,0.0,0.0,0.0,0.0,0.0,0.0,0.0,1.0,0.0,0.0,0.0,0.0,1.0,0.0,0.0,0.0,0.0,0.0,0.0,1.0,0.0,0.0,0.0,0.0,1.0,0.0,0.0,1.0,1.0,0.0,0.0,0.0,0.0,1.0,0.0,0.0,1.0,0.0,0.0,1.0,0.0,0.0,0.0,1.0,0.0,1.0
0.01947512589170256,-0.2670749997367538,0.9421637820708985,1.053413018870969,0.9671911626690604,-0.7187454693270836,-0.4364357804719845,-0.38355891409841025,-0.503627827862872,0.603360454366149,-0.464548674655972,0.05589462947179255,0.28321049937129605,0.0,0.0,0.0,1.0,0.0,0.0,0.0,1.0,0.0,0.0,0.0,0.0,0.0,0.0,0.0,0.0,0.0,0.0,1.0,0.0,0.0,0.0,0.0,1.0,0.0,0.0,0.0,1.0,0.0,0.0,0.0,0.0,1.0,0.0,0.0,1.0,0.0,0.0,0.0,1.0,0.0,1.0,0.0,0.0,1.0,0.0,1.0,0.0,0.0,0.0,0.0,1.0,0.0,1.0
-1.2506417800888967,0.5712872971808843,-1.727485659452309,0.15306001128894414,0.7860056035693652,1.045047093438766,2.29128784747792,5.357326672611186,0.11595645425305007,-0.3412351689076656,-0.464548674655972,0.8925555935685324,-1.8318662260302179,0.0,1.0,0.0,0.0,0.0,1.0,0.0,0.0,0.0,0.0,0.0,0.0,0.0,1.0,0.0,0.0,0.0,0.0,0.0,0.0,0.0,0.0,0.0,1.0,0.0,0.0,1.0,0.0,0.0,0.0,0.0,0.0,1.0,0.0,0.0,1.0,0.0,0.0,0.0,1.0,0.0,1.0,0.0,0.0,1.0,0.0,0.0,0.0,0.0,1.0,1.0,0.0,0.0,1.0
-0.742595017696657,-0.6166421360408048,-0.8376025122779064,1.053413018870969,0.0612633671705847,-0.7187454693270836,-0.4364357804719845,-0.2925152006789521,-0.6312793274014218,-0.3412351689076656,2.152626957208659,-0.5589054537592143,-0.6884914239300278,0.0,0.0,0.0,1.0,0.0,0.0,0.0,1.0,0.0,1.0,0.0,0.0,0.0,0.0,0.0,0.0,0.0,0.0,0.0,0.0,0.0,1.0,0.0,0.0,0.0,1.0,0.0,0.0,0.0,0.0,0.0,0.0,1.0,0.0,0.0,1.0,1.0,0.0,0.0,0.0,0.0,1.0,0.0,0.0,1.0,0.0,0.0,1.0,0.0,0.0,0.0,1.0,0.0,1.0
0.7815452694800622,-0.04213940132269106,0.052280634896496016,-0.7472929962930807,0.42363448536997494,1.045047093438766,2.29128784747792,-0.5153579212869656,-0.2353956837811578,0.603360454366149,-0.464548674655972,0.33805955012361394,0.9166346534898615,0.0,0.0,0.0,1.0,0.0,1.0,0.0,0.0,0.0,0.0,0.0,0.0,0.0,0.0,0.0,1.0,0.0,0.0,0.0,0.0,0.0,0.0,0.0,1.0,0.0,0.0,0.0,1.0,0.0,0.0,0.0,0.0,1.0,0.0,0.0,1.0,1.0,0.0,0.0,0.0,0.0,1.0,0.0,0.0,1.0,0.0,0.0,1.0,0.0,0.0,0.0,1.0,0.0,1.0
-0.9966183988927769,-0.1461861506722908,-0.8376025122779064,-0.7472929962930807,0.0612633671705847,1.045047093438766,2.29128784747792,1.2756926791185843,-0.22581553791199174,-1.2858307921814802,-0.464548674655972,0.21510381623394048,-1.1730821976485595,0.0,1.0,0.0,0.0,0.0,1.0,0.0,0.0,0.0,0.0,0.0,0.0,0.0,1.0,0.0,0.0,0.0,0.0,0.0,0.0,0.0,1.0,0.0,0.0,1.0,0.0,0.0,0.0,0.0,0.0,0.0,0.0,1.0,0.0,0.0,1.0,0.0,0.0,0.0,1.0,0.0,1.0,0.0,0.0,0.0,1.0,0.0,1.0,0.0,0.0,1.0,0.0,0.0,1.0
0.01947512589170256,0.15322895536972284,-1.727485659452309,1.053413018870969,-0.8446644283278909,-0.7187454693270836,-0.4364357804719845,0.07595808827998772,0.478739966419211,-1.2858307921814802,-0.464548674655972,0.5415389329945094,0.28321049937129605,0.0,1.0,0.0,0.0,0.0,0.0,0.0,1.0,0.0,0.0,0.0,0.0,1.0,0.0,0.0,0.0,0.0,0.0,0.0,0.0,0.0,1.0,0.0,0.0,0.0,1.0,0.0,0.0,0.0,1.0,0.0,0.0,0.0,0.0,0.0,1.0,1.0,0.0,0.0,0.0,0.0,1.0,0.0,0.0,0.0,1.0,0.0,0.0,0.0,1.0,1.0,0.0,0.0,1.0
0.2734985070878224,0.17605935720542637,-0.8376025122779064,1.053413018870969,-0.6634788692281958,-0.7187454693270836,-0.4364357804719845,-0.08628447970544667,0.38922300491305784,-1.2858307921814802,-0.464548674655972,0.5633638731316466,0.5193206744088694,0.0,1.0,0.0,0.0,0.0,0.0,0.0,1.0,0.0,0.0,0.0,0.0,0.0,0.0,0.0,1.0,0.0,0.0,0.0,0.0,0.0,1.0,0.0,0.0,1.0,0.0,0.0,0.0,0.0,1.0,0.0,0.0,0.0,0.0,0.0,1.0,1.0,0.0,0.0,0.0,0.0,1.0,0.0,0.0,1.0,0.0,0.0,1.0,0.0,0.0,1.0,0.0,0.0,1.0
0.2734985070878224,-0.2865369816294847,0.9421637820708985,1.053413018870969,1.6013406195179933,1.045047093438766,-0.4364357804719845,-0.5288202478743086,-0.5975743151873889,0.603360454366149,-0.464548674655972,0.028336116928772234,0.5193206744088694,0.0,0.0,0.0,1.0,0.0,1.0,0.0,0.0,0.0,0.0,0.0,0.0,0.0,0.0,0.0,1.0,0.0,0.0,0.0,0.0,0.0,0.0,0.0,1.0,0.0,0.0,0.0,1.0,0.0,0.0,0.0,0.0,1.0,0.0,0.0,1.0,0.0,1.0,0.0,0.0,0.0,1.0,0.0,0.0,1.0,0.0,0.0,1.0,0.0,0.0,1.0,0.0,0.0,1.0
-0.48857163650053714,-0.6686655107156046,-0.8376025122779064,1.053413018870969,-0.6634788692281958,-0.7187454693270836,-0.4364357804719845,-0.5929809744170008,-0.5468135108539015,-1.2858307921814802,-0.464548674655972,-0.6815269122655728,-0.3049783695263035,0.0,1.0,0.0,0.0,0.0,0.0,0.0,1.0,0.0,0.0,0.0,0.0,0.0,1.0,0.0,0.0,0.0,0.0,0.0,0.0,0.0,1.0,0.0,0.0,1.0,0.0,0.0,0.0,0.0,1.0,0.0,0.0,0.0,0.0,0.0,1.0,1.0,0.0,0.0,0.0,0.0,1.0,0.0,0.0,0.0,1.0,0.0,1.0,0.0,0.0,1.0,0.0,0.0,1.0
2.3056855566567815,3.373812689734132,-0.8376025122779064,-0.7472929962930807,1.1483767217687555,-0.7187454693270836,-0.4364357804719845,0.788046352367239,1.8237605767568277,0.603360454366149,2.152626957208659,2.1273949770418326,1.7622593178252401,1.0,0.0,0.0,0.0,0.0,0.0,0.0,0.0,1.0,1.0,0.0,0.0,0.0,0.0,0.0,0.0,0.0,0.0,0.0,0.0,0.0,0.0,0.0,1.0,1.0,0.0,0.0,0.0,0.0,0.0,0.0,0.0,1.0,0.0,0.0,1.0,1.0,0.0,0.0,0.0,1.0,0.0,0.0,0.0,1.0,0.0,1.0,0.0,0.0,0.0,0.0,1.0,0.0,1.0
1.289592031872302,1.5878015821935207,-0.8376025122779064,-0.7472929962930807,1.691933399067841,-0.7187454693270836,-0.4364357804719845,0.3772564688269466,0.46952651583140603,-0.3412351689076656,-0.464548674655972,1.483243942496148,1.2434283535975954,1.0,0.0,0.0,0.0,0.0,0.0,1.0,0.0,0.0,0.0,0.0,0.0,0.0,1.0,0.0,0.0,0.0,0.0,0.0,0.0,0.0,1.0,0.0,0.0,1.0,0.0,0.0,0.0,0.0,1.0,0.0,0.0,0.0,0.0,0.0,1.0,0.0,1.0,0.0,0.0,0.0,1.0,0.0,0.0,0.0,1.0,0.0,1.0,0.0,0.0,1.0,0.0,0.0,1.0
0.2734985070878224,0.13563831788975453,0.052280634896496016,1.053413018870969,-0.7540716487780433,-0.7187454693270836,-0.4364357804719845,-0.12495265362311404,0.3989920853479222,-1.2858307921814802,-0.464548674655972,0.524469255003573,0.5193206744088694,0.0,1.0,0.0,0.0,1.0,0.0,0.0,0.0,0.0,0.0,0.0,0.0,1.0,0.0,0.0,0.0,0.0,0.0,0.0,0.0,0.0,1.0,0.0,0.0,0.0,1.0,0.0,0.0,0.0,0.0,0.0,0.0,1.0,0.0,0.0,1.0,1.0,0.0,0.0,0.0,1.0,0.0,0.0,0.0,1.0,0.0,0.0,1.0,0.0,0.0,1.0,0.0,0.0,1.0
-1.2506417800888967,-1.0672618706340353,0.9421637820708985,1.053413018870969,1.5107478399681458,1.045047093438766,-0.4364357804719845,-0.9126382829562033,-1.0531939085811355,0.603360454366149,-0.464548674655972,-2.527384210136937,-1.8318662260302179,0.0,1.0,0.0,0.0,0.0,1.0,0.0,0.0,0.0,0.0,0.0,0.0,0.0,0.0,0.0,1.0,0.0,0.0,0.0,0.0,1.0,0.0,0.0,0.0,0.0,0.0,0.0,1.0,0.0,0.0,0.0,0.0,1.0,0.0,0.0,1.0,1.0,0.0,0.0,0.0,0.0,1.0,0.0,0.0,1.0,0.0,0.0,1.0,0.0,0.0,1.0,0.0,0.0,1.0
-0.742595017696657,-0.7502561271120534,0.052280634896496016,-0.7472929962930807,-0.7540716487780433,1.045047093438766,-0.4364357804719845,-0.5481546883960121,-0.6190219171525994,-0.3412351689076656,2.152626957208659,-0.9007038898278682,-0.6884914239300278,0.0,0.0,0.0,1.0,0.0,1.0,0.0,0.0,0.0,1.0,0.0,0.0,0.0,0.0,0.0,0.0,0.0,0.0,0.0,0.0,0.0,1.0,0.0,0.0,1.0,0.0,0.0,0.0,0.0,1.0,0.0,0.0,0.0,0.0,0.0,1.0,0.0,0.0,0.0,1.0,0.0,1.0,0.0,0.0,1.0,0.0,0.0,1.0,0.0,0.0,1.0,0.0,0.0,1.0
-1.2506417800888967,-0.9119402843747406,-0.8376025122779064,0.15306001128894414,2.5978611945663164,-0.7187454693270836,-0.4364357804719845,-0.31829487122471256,-0.9920477332773148,-0.3412351689076656,-0.464548674655972,-1.4890446777812387,-1.8318662260302179,1.0,0.0,0.0,0.0,0.0,0.0,0.0,1.0,0.0,0.0,0.0,0.0,0.0,0.0,0.0,1.0,0.0,0.0,0.0,0.0,0.0,1.0,0.0,0.0,1.0,0.0,0.0,0.0,0.0,1.0,0.0,0.0,0.0,0.0,1.0,0.0,0.0,0.0,0.0,1.0,0.0,1.0,0.0,0.0,1.0,0.0,0.0,1.0,0.0,0.0,1.0,0.0,0.0,1.0
1.289592031872302,-0.5129696555737575,0.9421637820708985,1.053413018870969,0.15185614672043227,-0.7187454693270836,-0.4364357804719845,-0.9625243357713469,-0.5577868862667896,-0.3412351689076656,2.152626957208659,-0.344444923068517,1.2434283535975954,0.0,0.0,0.0,1.0,0.0,0.0,0.0,1.0,0.0,0.0,0.0,1.0,0.0,0.0,0.0,0.0,0.0,0.0,0.0,0.0,0.0,1.0,0.0,0.0,1.0,0.0,0.0,0.0,0.0,0.0,0.0,0.0,1.0,0.0,0.0,1.0,0.0,0.0,1.0,0.0,0.0,0.0,1.0,1.0,0.0,0.0,0.0,1.0,0.0,0.0,0.0,1.0,0.0,1.0
1.289592031872302,-0.1660224014475742,0.9421637820708985,1.053413018870969,-0.3917005305786531,-0.7187454693270836,-0.4364357804719845,-0.7412564209552738,-0.10004657885055203,-1.2858307921814802,-0.464548674655972,0.19028161079781827,1.2434283535975954,0.0,1.0,0.0,0.0,1.0,0.0,0.0,0.0,0.0,0.0,0.0,0.0,1.0,0.0,0.0,0.0,0.0,0.0,0.0,0.0,0.0,1.0,0.0,0.0,0.0,0.0,0.0,1.0,0.0,0.0,0.0,0.0,1.0,0.0,0.0,1.0,1.0,0.0,0.0,0.0,1.0,0.0,0.0,0.0,1.0,0.0,0.0,1.0,0.0,0.0,1.0,0.0,0.0,1.0
-0.9966183988927769,-0.3943264198046096,0.052280634896496016,-0.7472929962930807,-0.9352572078777385,-0.7187454693270836,-0.4364357804719845,0.6426807901318771,-0.1365168560871073,-1.2858307921814802,-0.464548674655972,-0.13588333568154906,-1.1730821976485595,0.0,1.0,0.0,0.0,0.0,0.0,0.0,1.0,0.0,0.0,0.0,0.0,1.0,0.0,0.0,0.0,0.0,0.0,0.0,0.0,0.0,1.0,0.0,0.0,1.0,0.0,0.0,0.0,0.0,0.0,0.0,0.0,1.0,0.0,0.0,1.0,0.0,0.0,0.0,1.0,0.0,1.0,0.0,0.0,1.0,0.0,0.0,1.0,0.0,0.0,1.0,0.0,0.0,1.0
0.2734985070878224,0.5574393485264413,0.052280634896496016,0.15306001128894414,-0.029329412379262863,1.045047093438766,-0.4364357804719845,0.27855690198069455,0.42372831655734655,-0.3412351689076656,-0.464548674655972,0.8823268053466573,0.5193206744088694,0.0,0.0,0.0,1.0,0.0,0.0,1.0,0.0,0.0,0.0,0.0,0.0,0.0,0.0,0.0,0.0,0.0,0.0,1.0,0.0,0.0,1.0,0.0,0.0,0.0,1.0,0.0,0.0,0.0,0.0,0.0,0.0,1.0,0.0,0.0,1.0,1.0,0.0,0.0,0.0,0.0,1.0,0.0,0.0,1.0,0.0,0.0,0.0,0.0,1.0,0.0,1.0,0.0,1.0
-0.2345482553044173,-0.6069111450944393,0.052280634896496016,1.053413018870969,-1.025849987427586,-0.7187454693270836,-0.4364357804719845,-0.6481665676333358,-0.3700020505239444,0.603360454366149,2.152626957208659,-0.5372007776066794,0.012431660139291227,0.0,0.0,0.0,1.0,0.0,0.0,0.0,1.0,0.0,1.0,0.0,0.0,0.0,0.0,0.0,0.0,0.0,0.0,0.0,1.0,0.0,0.0,0.0,0.0,1.0,0.0,0.0,0.0,0.0,1.0,0.0,0.0,0.0,0.0,0.0,1.0,0.0,1.0,0.0,0.0,0.0,1.0,0.0,0.0,0.0,1.0,0.0,0.0,0.0,1.0,1.0,0.0,0.0,1.0
0.7815452694800622,0.9661409682737898,0.9421637820708985,-0.7472929962930807,-0.9352572078777385,1.045047093438766,-0.4364357804719845,0.2562870358626535,1.5519154432796884,-0.3412351689076656,-0.464548674655972,1.154735144519685,0.9166346534898615,0.0,0.0,0.0,1.0,0.0,1.0,0.0,0.0,0.0,0.0,0.0,0.0,0.0,0.0,0.0,1.0,0.0,0.0,0.0,0.0,0.0,1.0,0.0,0.0,0.0,1.0,0.0,0.0,0.0,1.0,0.0,0.0,0.0,0.0,0.0,1.0,1.0,0.0,0.0,0.0,0.0,1.0,0.0,0.0,1.0,0.0,0.0,1.0,0.0,0.0,1.0,0.0,0.0,1.0
1.289592031872302,-0.21580016282705897,0.9421637820708985,-0.7472929962930807,-0.7540716487780433,1.045047093438766,-0.4364357804719845,-0.773002518765994,-0.004858843400700478,-0.3412351689076656,2.152626957208659,0.12581951780185419,1.2434283535975954,0.0,0.0,0.0,1.0,0.0,0.0,0.0,0.0,1.0,0.0,0.0,0.0,0.0,0.0,0.0,0.0,1.0,0.0,0.0,0.0,0.0,1.0,0.0,0.0,1.0,0.0,0.0,0.0,0.0,0.0,0.0,0.0,1.0,0.0,0.0,1.0,1.0,0.0,0.0,0.0,0.0,1.0,0.0,0.0,1.0,0.0,0.0,1.0,0.0,0.0,1.0,0.0,0.0,1.0
-0.48857163650053714,-0.6065368762118868,0.9421637820708985,1.053413018870969,-0.11992219192911042,-0.7187454693270836,2.29128784747792,-0.4978859334450799,-0.5927992685322652,0.603360454366149,-0.464548674655972,-0.536373182061151,-0.3049783695263035,0.0,0.0,0.0,1.0,1.0,0.0,0.0,0.0,0.0,0.0,0.0,0.0,0.0,0.0,0.0,1.0,0.0,0.0,0.0,1.0,0.0,0.0,0.0,0.0,0.0,0.0,0.0,1.0,0.0,0.0,0.0,0.0,1.0,0.0,0.0,1.0,1.0,0.0,0.0,0.0,1.0,0.0,0.0,0.0,1.0,0.0,0.0,0.0,0.0,1.0,1.0,0.0,0.0,1.0
-0.742595017696657,-0.8423262722199725,0.9421637820708985,-0.7472929962930807,-0.6634788692281958,2.8088396562046154,-0.4364357804719845,-0.7243096295119695,-0.7392463612375387,2.4925517009137783,-0.464548674655972,-1.2026509929151232,-0.6884914239300278,0.0,0.0,1.0,0.0,0.0,1.0,0.0,0.0,0.0,0.0,0.0,0.0,0.0,1.0,0.0,0.0,0.0,0.0,0.0,0.0,1.0,0.0,0.0,0.0,0.0,1.0,0.0,0.0,0.0,0.0,0.0,1.0,0.0,0.0,0.0,1.0,0.0,0.0,0.0,1.0,0.0,1.0,0.0,0.0,1.0,0.0,0.0,1.0,0.0,0.0,0.0,1.0,0.0,1.0
0.2734985070878224,-0.4822796072044511,0.9421637820708985,1.053413018870969,-0.5728860896783482,-0.7187454693270836,-0.4364357804719845,-0.7160744604570878,-0.36746597051470703,0.603360454366149,-0.464548674655972,-0.2872026055078191,0.5193206744088694,0.0,0.0,0.0,1.0,0.0,0.0,0.0,1.0,0.0,0.0,0.0,0.0,0.0,0.0,0.0,1.0,0.0,0.0,0.0,1.0,0.0,0.0,0.0,0.0,1.0,0.0,0.0,0.0,0.0,0.0,0.0,0.0,1.0,0.0,0.0,1.0,1.0,0.0,0.0,0.0,0.0,1.0,0.0,0.0,0.0,1.0,1.0,0.0,0.0,0.0,0.0,1.0,0.0,1.0
-0.742595017696657,-0.6907473747862031,0.9421637820708985,-0.7472929962930807,0.6954128240195177,1.045047093438766,2.29128784747792,-0.43429844596740547,-0.7657212646109595,-1.2858307921814802,-0.464548674655972,-0.7372908474763166,-0.6884914239300278,0.0,1.0,0.0,0.0,0.0,0.0,1.0,0.0,0.0,0.0,0.0,0.0,0.0,1.0,0.0,0.0,0.0,0.0,0.0,0.0,0.0,1.0,0.0,0.0,1.0,0.0,0.0,0.0,0.0,0.0,0.0,0.0,1.0,0.0,0.0,1.0,0.0,0.0,0.0,1.0,0.0,1.0,0.0,0.0,1.0,0.0,0.0,0.0,0.0,1.0,1.0,0.0,0.0,1.0
1.289592031872302,1.7929009298323002,0.9421637820708985,1.053413018870969,-0.7540716487780433,1.045047093438766,-0.4364357804719845,0.5080599395057039,2.3034137174021296,0.603360454366149,2.152626957208659,1.5756409116001056,1.2434283535975954,0.0,0.0,0.0,1.0,0.0,0.0,1.0,0.0,0.0,1.0,0.0,0.0,0.0,0.0,0.0,0.0,0.0,0.0,0.0,0.0,0.0,0.0,0.0,1.0,0.0,0.0,1.0,0.0,0.0,0.0,0.0,0.0,1.0,0.0,0.0,1.0,1.0,0.0,0.0,0.0,0.0,1.0,0.0,0.0,0.0,1.0,0.0,1.0,0.0,0.0,0.0,1.0,0.0,1.0
-0.9966183988927769,-0.18436157669264755,-1.727485659452309,-0.7472929962930807,-0.30110775102880555,-0.7187454693270836,2.29128784747792,1.1783062346590907,-0.1499725539919664,-0.3412351689076656,-0.464548674655972,0.1669029642355465,-1.1730821976485595,0.0,0.0,0.0,1.0,0.0,0.0,0.0,1.0,0.0,0.0,0.0,0.0,0.0,0.0,0.0,1.0,0.0,0.0,0.0,0.0,0.0,1.0,0.0,0.0,1.0,0.0,0.0,0.0,0.0,0.0,0.0,0.0,1.0,0.0,0.0,1.0,0.0,0.0,0.0,1.0,0.0,1.0,0.0,0.0,1.0,0.0,0.0,1.0,0.0,0.0,1.0,0.0,0.0,1.0
1.289592031872302,2.9434034747987377,0.9421637820708985,-0.7472929962930807,-0.4822933101285007,-0.7187454693270836,-0.4364357804719845,1.2418005761234048,3.1500815418324755,0.603360454366149,-0.464548674655972,1.9988509749267611,1.2434283535975954,0.0,0.0,0.0,1.0,0.0,1.0,0.0,0.0,0.0,0.0,0.0,0.0,0.0,0.0,0.0,0.0,0.0,0.0,1.0,0.0,0.0,0.0,0.0,1.0,1.0,0.0,0.0,0.0,0.0,0.0,0.0,0.0,1.0,0.0,0.0,1.0,1.0,0.0,0.0,0.0,0.0,1.0,0.0,0.0,1.0,0.0,1.0,0.0,0.0,0.0,0.0,1.0,0.0,1.0
-0.742595017696657,-0.7584900425282087,0.9421637820708985,1.053413018870969,0.7860056035693652,-0.7187454693270836,-0.4364357804719845,-0.5639083823169514,-0.821739087175125,1.5479560776399637,-0.464548674655972,-0.9250246391761636,-0.6884914239300278,0.0,0.0,0.0,1.0,0.0,1.0,0.0,0.0,0.0,0.0,0.0,0.0,0.0,1.0,0.0,0.0,0.0,0.0,0.0,0.0,1.0,0.0,0.0,0.0,1.0,0.0,0.0,0.0,0.0,0.0,0.0,0.0,1.0,0.0,0.0,1.0,0.0,0.0,0.0,1.0,0.0,1.0,0.0,0.0,1.0,0.0,0.0,1.0,0.0,0.0,0.0,1.0,0.0,1.0
-0.742595017696657,-0.9497414415125449,0.9421637820708985,1.053413018870969,-1.025849987427586,-0.7187454693270836,-0.4364357804719845,-0.9298237274805864,-0.8132058447821009,-1.2858307921814802,-0.464548674655972,-1.6758478970329422,-0.6884914239300278,0.0,1.0,0.0,0.0,0.0,0.0,0.0,1.0,0.0,0.0,0.0,0.0,1.0,0.0,0.0,0.0,0.0,0.0,0.0,0.0,0.0,1.0,0.0,0.0,0.0,0.0,0.0,1.0,0.0,1.0,0.0,0.0,0.0,0.0,0.0,1.0,0.0,1.0,0.0,0.0,0.0,1.0,0.0,0.0,0.0,1.0,0.0,1.0,0.0,0.0,1.0,0.0,0.0,1.0
-0.742595017696657,-0.9287823840896039,-0.8376025122779064,0.15306001128894414,0.2424489262702798,-0.7187454693270836,2.29128784747792,-0.8897234156818319,-0.9123180367622113,-1.2858307921814802,-0.464548674655972,-1.5689755682185587,-0.6884914239300278,0.0,1.0,0.0,0.0,0.0,0.0,0.0,1.0,0.0,0.0,0.0,0.0,1.0,0.0,0.0,0.0,0.0,0.0,0.0,0.0,0.0,1.0,0.0,0.0,1.0,0.0,0.0,0.0,0.0,0.0,0.0,0.0,1.0,0.0,1.0,0.0,0.0,1.0,0.0,0.0,0.0,1.0,0.0,0.0,1.0,0.0,0.0,0.0,0.0,1.0,1.0,0.0,0.0,1.0
0.2734985070878224,1.0305152160728228,-1.727485659452309,-1.6476460038751053,0.7860056035693652,1.045047093438766,-0.4364357804719845,0.7311177522763594,0.43978207466745234,0.603360454366149,-0.464548674655972,1.1928759387799466,0.5193206744088694,0.0,0.0,0.0,1.0,0.0,0.0,0.0,1.0,0.0,0.0,0.0,0.0,0.0,0.0,0.0,1.0,0.0,0.0,0.0,0.0,0.0,0.0,0.0,1.0,0.0,0.0,1.0,0.0,0.0,1.0,0.0,0.0,0.0,0.0,0.0,1.0,1.0,0.0,0.0,0.0,0.0,1.0,0.0,0.0,1.0,0.0,0.0,1.0,0.0,0.0,0.0,1.0,0.0,1.0
-0.2345482553044173,-0.05261893003416154,-1.727485659452309,-1.6476460038751053,0.8765983831192128,-0.7187454693270836,-0.4364357804719845,0.058840316542485484,-0.34187426226637563,0.603360454366149,-0.464548674655972,0.32618952214772645,0.012431660139291227,0.0,0.0,1.0,0.0,0.0,0.0,0.0,1.0,0.0,0.0,0.0,0.0,1.0,0.0,0.0,0.0,0.0,0.0,0.0,0.0,0.0,1.0,0.0,0.0,0.0,0.0,1.0,0.0,0.0,1.0,0.0,0.0,0.0,0.0,0.0,1.0,0.0,1.0,0.0,0.0,0.0,0.0,1.0,0.0,1.0,0.0,0.0,0.0,0.0,1.0,1.0,0.0,0.0,1.0
-0.2345482553044173,-1.031706326791546,0.052280634896496016,1.053413018870969,-1.207035546527281,-0.7187454693270836,-0.4364357804719845,-1.1899983120894853,-0.900122357751994,-0.3412351689076656,-0.464548674655972,-2.2064954460774495,0.012431660139291227,0.0,0.0,0.0,1.0,0.0,0.0,0.0,1.0,0.0,0.0,0.0,0.0,0.0,0.0,0.0,1.0,0.0,0.0,0.0,0.0,0.0,1.0,0.0,0.0,0.0,0.0,0.0,0.0,1.0,1.0,0.0,0.0,0.0,1.0,0.0,0.0,0.0,0.0,0.0,1.0,0.0,1.0,0.0,0.0,0.0,1.0,0.0,1.0,0.0,0.0,1.0,0.0,0.0,1.0
-0.742595017696657,-0.7083380122661714,0.052280634896496016,1.053413018870969,-1.1164427669774335,-0.7187454693270836,-0.4364357804719845,-0.46795406479850304,-0.4738398224238187,0.603360454366149,-0.464548674655972,-0.7834923314694728,-0.6884914239300278,0.0,0.0,1.0,0.0,0.0,0.0,0.0,1.0,0.0,0.0,0.0,0.0,0.0,0.0,0.0,1.0,0.0,0.0,0.0,0.0,0.0,1.0,0.0,0.0,1.0,0.0,0.0,0.0,0.0,0.0,0.0,1.0,0.0,0.0,0.0,1.0,0.0,0.0,0.0,1.0,0.0,1.0,0.0,0.0,0.0,1.0,0.0,1.0,0.0,0.0,1.0,0.0,0.0,1.0
0.7815452694800622,-0.3890866554488744,0.9421637820708985,-0.7472929962930807,-1.025849987427586,-0.7187454693270836,-0.4364357804719845,-0.7808794043150638,-0.0884031332114476,-0.3412351689076656,-0.464548674655972,-0.1274016095052281,0.9166346534898615,1.0,0.0,0.0,0.0,0.0,0.0,0.0,1.0,0.0,0.0,0.0,0.0,0.0,1.0,0.0,0.0,0.0,0.0,0.0,0.0,0.0,1.0,0.0,0.0,1.0,0.0,0.0,0.0,0.0,1.0,0.0,0.0,0.0,0.0,1.0,0.0,0.0,0.0,1.0,0.0,1.0,0.0,0.0,0.0,1.0,0.0,0.0,1.0,0.0,0.0,1.0,0.0,0.0,1.0
-0.742595017696657,-0.6420924200543758,0.9421637820708985,-1.6476460038751053,-0.21051497147895798,-0.7187454693270836,-0.4364357804719845,-0.3412084364345825,-0.6099900723162824,0.603360454366149,-0.464548674655972,-0.6174481379857476,-0.6884914239300278,0.0,0.0,1.0,0.0,0.0,0.0,0.0,1.0,0.0,0.0,0.0,0.0,1.0,0.0,0.0,0.0,0.0,0.0,0.0,0.0,0.0,1.0,0.0,0.0,0.0,0.0,1.0,0.0,0.0,1.0,0.0,0.0,0.0,0.0,0.0,1.0,0.0,1.0,0.0,0.0,1.0,0.0,0.0,0.0,1.0,0.0,1.0,0.0,0.0,0.0,0.0,1.0,0.0,1.0
-0.742595017696657,-0.7910514353102777,-0.8376025122779064,-0.7472929962930807,-0.8446644283278909,-0.7187454693270836,-0.4364357804719845,-0.6262070810043021,-0.6481023668893147,-0.3412351689076656,2.152626957208659,-1.0259278917172916,-0.6884914239300278,0.0,0.0,0.0,1.0,0.0,0.0,0.0,1.0,0.0,1.0,0.0,0.0,0.0,0.0,0.0,0.0,0.0,0.0,0.0,0.0,0.0,1.0,0.0,0.0,1.0,0.0,0.0,0.0,0.0,0.0,0.0,1.0,0.0,0.0,0.0,1.0,0.0,0.0,0.0,1.0,0.0,1.0,0.0,0.0,1.0,0.0,0.0,1.0,0.0,0.0,0.0,1.0,1.0,0.0
0.2734985070878224,0.21984881646407087,0.9421637820708985,1.053413018870969,1.3295622808684506,-0.7187454693270836,-0.4364357804719845,-0.04439395796130681,-0.25147871478656536,2.4925517009137783,-0.464548674655972,0.6042255855028261,0.5193206744088694,0.0,0.0,0.0,1.0,0.0,1.0,0.0,0.0,0.0,0.0,0.0,0.0,1.0,0.0,0.0,0.0,0.0,0.0,0.0,0.0,0.0,0.0,1.0,0.0,1.0,0.0,0.0,0.0,0.0,0.0,0.0,0.0,1.0,0.0,0.0,1.0,0.0,0.0,0.0,1.0,0.0,1.0,0.0,0.0,1.0,0.0,0.0,1.0,0.0,0.0,0.0,1.0,0.0,1.0
-1.2506417800888967,-0.9658350034623031,0.9421637820708985,0.15306001128894414,0.15185614672043227,1.045047093438766,-0.4364357804719845,-0.5245248743315432,-0.9375414026562443,-1.2858307921814802,-0.464548674655972,-1.7643273513087931,-1.8318662260302179,0.0,1.0,0.0,0.0,0.0,1.0,0.0,0.0,0.0,0.0,0.0,0.0,0.0,1.0,0.0,0.0,0.0,0.0,0.0,0.0,0.0,1.0,0.0,0.0,0.0,1.0,0.0,0.0,0.0,1.0,0.0,0.0,0.0,0.0,0.0,1.0,0.0,1.0,0.0,0.0,0.0,1.0,0.0,0.0,1.0,0.0,0.0,1.0,0.0,0.0,1.0,0.0,1.0,0.0
-0.2345482553044173,-0.35203403607617517,0.9421637820708985,0.15306001128894414,-0.4822933101285007,-0.7187454693270836,2.29128784747792,-0.3230675209596462,-0.2581365661533266,-0.3412351689076656,-0.464548674655972,-0.0689540285127848,0.012431660139291227,0.0,1.0,0.0,0.0,0.0,0.0,0.0,1.0,0.0,0.0,0.0,0.0,0.0,1.0,0.0,0.0,0.0,0.0,0.0,1.0,0.0,0.0,0.0,0.0,0.0,1.0,0.0,0.0,0.0,0.0,0.0,0.0,1.0,0.0,0.0,1.0,1.0,0.0,0.0,0.0,0.0,1.0,0.0,0.0,1.0,0.0,1.0,0.0,0.0,0.0,0.0,1.0,0.0,1.0
0.5275218882839423,0.5001762094959061,0.9421637820708985,-0.7472929962930807,-0.30110775102880555,1.045047093438766,2.29128784747792,0.04372339805404961,0.513744550924271,2.4925517009137783,-0.464548674655972,0.8391527628322101,0.7286404741494683,0.0,0.0,0.0,1.0,0.0,1.0,0.0,0.0,0.0,0.0,0.0,0.0,1.0,0.0,0.0,0.0,0.0,0.0,0.0,0.0,0.0,0.0,1.0,0.0,0.0,0.0,1.0,0.0,0.0,0.0,0.0,0.0,1.0,0.0,0.0,1.0,0.0,0.0,0.0,1.0,0.0,0.0,1.0,0.0,1.0,0.0,0.0,0.0,0.0,1.0,0.0,1.0,0.0,1.0
-0.5732460968992438,-0.8936011091296674,0.9421637820708985,-0.7472929962930807,-0.7540716487780433,1.045047093438766,-0.4364357804719845,-0.9044540838636864,-0.7837449264291942,-0.3412351689076656,-0.464548674655972,-1.4072621836815362,-0.42418199642336746,0.0,0.0,0.0,1.0,0.0,0.0,1.0,0.0,0.0,0.0,0.0,0.0,0.0,1.0,0.0,0.0,0.0,0.0,0.0,0.0,0.0,1.0,0.0,0.0,1.0,0.0,0.0,0.0,0.0,0.0,0.0,0.0,1.0,0.0,0.0,1.0,1.0,0.0,0.0,0.0,0.0,1.0,0.0,0.0,1.0,0.0,0.0,0.0,0.0,1.0,1.0,0.0,0.0,1.0
-0.2345482553044173,-0.27231476409248906,-0.8376025122779064,-0.7472929962930807,-1.207035546527281,-0.7187454693270836,-0.4364357804719845,-0.2213845592247036,0.17085080360598612,-1.2858307921814802,-0.464548674655972,0.048532360244593016,0.012431660139291227,0.0,1.0,0.0,0.0,0.0,0.0,0.0,1.0,0.0,0.0,0.0,0.0,1.0,0.0,0.0,0.0,0.0,0.0,0.0,0.0,0.0,1.0,0.0,0.0,1.0,0.0,0.0,0.0,0.0,0.0,0.0,0.0,1.0,0.0,0.0,1.0,1.0,0.0,0.0,0.0,0.0,1.0,0.0,0.0,1.0,0.0,0.0,1.0,0.0,0.0,1.0,0.0,0.0,1.0
0.2734985070878224,-0.4732971540231907,-0.8376025122779064,-0.7472929962930807,-0.8446644283278909,-0.7187454693270836,-0.4364357804719845,-0.7074815329198283,-0.26891523213745644,0.603360454366149,-0.464548674655972,-0.27091510476455494,0.5193206744088694,0.0,0.0,1.0,0.0,0.0,0.0,0.0,1.0,0.0,0.0,0.0,0.0,1.0,0.0,0.0,0.0,0.0,0.0,0.0,0.0,0.0,1.0,0.0,0.0,1.0,0.0,0.0,0.0,0.0,0.0,0.0,0.0,1.0,0.0,0.0,1.0,0.0,0.0,0.0,1.0,0.0,1.0,0.0,0.0,1.0,0.0,0.0,1.0,0.0,0.0,1.0,0.0,0.0,1.0
-0.742595017696657,-0.7794490999511496,-0.8376025122779064,-0.7472929962930807,-1.3882211056269762,-0.7187454693270836,2.29128784747792,-0.6040086941157058,-0.485931830182121,-1.2858307921814802,-0.464548674655972,-0.9890684426057087,-0.6884914239300278,0.0,1.0,0.0,0.0,0.0,0.0,0.0,1.0,0.0,0.0,0.0,0.0,0.0,0.0,0.0,1.0,0.0,0.0,0.0,0.0,0.0,1.0,0.0,0.0,1.0,0.0,0.0,0.0,0.0,0.0,0.0,0.0,1.0,0.0,0.0,1.0,0.0,0.0,0.0,1.0,0.0,1.0,0.0,0.0,0.0,1.0,1.0,0.0,0.0,0.0,0.0,1.0,0.0,1.0
0.2734985070878224,-0.216548700592164,0.9421637820708985,0.15306001128894414,0.9671911626690604,1.045047093438766,-0.4364357804719845,-0.461867020813162,-0.4695481672507621,-0.3412351689076656,-0.464548674655972,0.12482532627626862,0.5193206744088694,0.0,0.0,0.0,1.0,0.0,1.0,0.0,0.0,0.0,0.0,0.0,0.0,0.0,0.0,0.0,1.0,0.0,0.0,0.0,0.0,0.0,1.0,0.0,0.0,0.0,0.0,0.0,1.0,0.0,0.0,0.0,1.0,0.0,1.0,0.0,0.0,0.0,0.0,0.0,1.0,0.0,1.0,0.0,0.0,1.0,0.0,0.0,1.0,0.0,0.0,1.0,0.0,0.0,1.0
-0.48857163650053714,-0.15030310838036848,-0.8376025122779064,0.15306001128894414,-1.025849987427586,1.045047093438766,-0.4364357804719845,0.2004324698366773,0.22029121257098014,-0.3412351689076656,-0.464548674655972,0.20999090112882257,-0.3049783695263035,0.0,0.0,0.0,1.0,0.0,1.0,0.0,0.0,0.0,0.0,0.0,0.0,1.0,0.0,0.0,0.0,0.0,0.0,0.0,0.0,0.0,1.0,0.0,0.0,0.0,1.0,0.0,0.0,0.0,1.0,0.0,0.0,0.0,1.0,0.0,0.0,1.0,0.0,0.0,0.0,1.0,0.0,0.0,0.0,1.0,0.0,0.0,1.0,0.0,0.0,1.0,0.0,0.0,1.0
-0.2345482553044173,1.0016965121162789,-0.8376025122779064,-0.7472929962930807,-0.4822933101285007,1.045047093438766,-0.4364357804719845,1.4036332893468668,1.141923047314549,0.603360454366149,-0.464548674655972,1.1759395952559073,0.012431660139291227,1.0,0.0,0.0,0.0,0.0,0.0,0.0,1.0,0.0,0.0,0.0,0.0,0.0,1.0,0.0,0.0,0.0,0.0,0.0,1.0,0.0,0.0,0.0,0.0,1.0,0.0,0.0,0.0,0.0,0.0,0.0,0.0,1.0,0.0,0.0,1.0,1.0,0.0,0.0,0.0,0.0,1.0,0.0,0.0,1.0,0.0,0.0,1.0,0.0,0.0,0.0,1.0,0.0,1.0
-1.16596731969019,-0.9205484686734485,0.9421637820708985,-0.7472929962930807,0.9671911626690604,1.045047093438766,-0.4364357804719845,-0.5005872498954085,-0.9443914384461584,0.603360454366149,-0.464548674655972,-1.529283527590013,-1.585231719616147,0.0,0.0,0.0,1.0,0.0,1.0,0.0,0.0,0.0,0.0,0.0,0.0,0.0,0.0,0.0,1.0,0.0,0.0,0.0,0.0,0.0,0.0,0.0,1.0,0.0,0.0,0.0,1.0,0.0,0.0,0.0,0.0,1.0,0.0,0.0,1.0,0.0,1.0,0.0,0.0,0.0,1.0,0.0,0.0,0.0,1.0,0.0,0.0,0.0,1.0,0.0,1.0,0.0,1.0
-0.2345482553044173,-0.38197554668037653,0.9421637820708985,-0.7472929962930807,-0.6634788692281958,-0.7187454693270836,-0.4364357804719845,-0.36125830470985937,-0.22913341733263848,-0.3412351689076656,2.152626957208659,-0.11597857262092892,0.012431660139291227,0.0,0.0,0.0,1.0,0.0,0.0,1.0,0.0,0.0,1.0,0.0,0.0,0.0,0.0,0.0,0.0,0.0,0.0,0.0,0.0,0.0,1.0,0.0,0.0,1.0,0.0,0.0,0.0,0.0,0.0,0.0,1.0,0.0,0.0,0.0,1.0,1.0,0.0,0.0,0.0,0.0,1.0,0.0,0.0,1.0,0.0,0.0,1.0,0.0,0.0,0.0,1.0,0.0,1.0
-0.9966183988927769,-0.7423964805784504,0.9421637820708985,1.053413018870969,-0.9352572078777385,-0.7187454693270836,-0.4364357804719845,-0.24525443876350395,-0.5684954086073605,-0.3412351689076656,-0.464548674655972,-0.8779058666717926,-1.1730821976485595,1.0,0.0,0.0,0.0,0.0,0.0,0.0,1.0,0.0,0.0,0.0,0.0,0.0,0.0,0.0,1.0,0.0,0.0,0.0,0.0,0.0,1.0,0.0,0.0,0.0,0.0,0.0,1.0,0.0,1.0,0.0,0.0,0.0,0.0,0.0,1.0,0.0,0.0,0.0,1.0,0.0,1.0,0.0,0.0,1.0,0.0,0.0,1.0,0.0,0.0,1.0,0.0,0.0,1.0
-0.742595017696657,-0.9291566529721564,0.9421637820708985,-0.7472929962930807,-0.4822933101285007,1.045047093438766,-0.4364357804719845,-0.8904394926782381,-0.8550101973303973,-0.3412351689076656,-0.464548674655972,-1.5708088940906824,-0.6884914239300278,0.0,0.0,0.0,1.0,0.0,0.0,0.0,1.0,0.0,0.0,0.0,0.0,0.0,0.0,0.0,1.0,0.0,0.0,0.0,0.0,0.0,1.0,0.0,0.0,1.0,0.0,0.0,0.0,0.0,0.0,0.0,0.0,1.0,0.0,0.0,1.0,0.0,0.0,0.0,1.0,1.0,0.0,0.0,0.0,1.0,0.0,0.0,1.0,0.0,0.0,1.0,0.0,0.0,1.0
0.2734985070878224,-0.9254139641466312,0.9421637820708985,1.053413018870969,1.691933399067841,1.045047093438766,-0.4364357804719845,-1.1399922189618876,-0.9744881214119467,0.603360454366149,-0.464548674655972,-1.552591047561582,0.5193206744088694,0.0,0.0,0.0,1.0,0.0,0.0,1.0,0.0,0.0,0.0,0.0,0.0,0.0,1.0,0.0,0.0,0.0,0.0,0.0,0.0,0.0,0.0,0.0,1.0,0.0,0.0,0.0,1.0,0.0,0.0,0.0,1.0,0.0,0.0,0.0,1.0,1.0,0.0,0.0,0.0,0.0,1.0,0.0,0.0,1.0,0.0,0.0,1.0,0.0,0.0,0.0,1.0,0.0,1.0
0.2734985070878224,0.15996579525566815,0.9421637820708985,1.053413018870969,-1.3882211056269762,1.045047093438766,-0.4364357804719845,-0.10168014154303649,0.9714150225050739,1.5479560776399637,-0.464548674655972,0.5480173063479279,0.5193206744088694,0.0,0.0,1.0,0.0,0.0,1.0,0.0,0.0,0.0,0.0,0.0,0.0,1.0,0.0,0.0,0.0,0.0,0.0,0.0,0.0,0.0,0.0,0.0,1.0,0.0,0.0,0.0,1.0,0.0,0.0,0.0,0.0,1.0,1.0,0.0,0.0,0.0,0.0,1.0,0.0,0.0,1.0,0.0,0.0,0.0,1.0,0.0,1.0,0.0,0.0,1.0,0.0,0.0,1.0
-0.742595017696657,-0.4179053594054182,0.9421637820708985,-0.7472929962930807,-0.6634788692281958,-0.7187454693270836,-0.4364357804719845,0.08772168441280961,-0.2689471105154599,0.603360454366149,-0.464548674655972,-0.17475178000987754,-0.6884914239300278,0.0,0.0,0.0,1.0,0.0,0.0,0.0,1.0,0.0,0.0,0.0,0.0,0.0,0.0,0.0,1.0,0.0,0.0,0.0,1.0,0.0,0.0,0.0,0.0,1.0,0.0,0.0,0.0,0.0,1.0,0.0,0.0,0.0,1.0,0.0,0.0,0.0,0.0,0.0,1.0,0.0,1.0,0.0,0.0,1.0,0.0,0.0,1.0,0.0,0.0,1.0,0.0,0.0,1.0
-0.742595017696657,-0.9624665835193305,0.9421637820708985,1.053413018870969,1.8731189581675358,-0.7187454693270836,-0.4364357804719845,-0.9541703453584016,-1.0005236998658222,-0.3412351689076656,-0.464548674655972,-1.7453030885607825,-0.6884914239300278,0.0,0.0,0.0,1.0,0.0,1.0,0.0,0.0,0.0,0.0,0.0,0.0,0.0,0.0,0.0,1.0,0.0,0.0,0.0,0.0,0.0,1.0,0.0,0.0,0.0,0.0,0.0,1.0,0.0,0.0,0.0,0.0,1.0,0.0,0.0,1.0,0.0,0.0,0.0,1.0,0.0,1.0,0.0,0.0,1.0,0.0,0.0,1.0,0.0,0.0,1.0,0.0,0.0,1.0
-0.48857163650053714,-0.8288525924480818,-0.8376025122779064,0.15306001128894414,-0.9352572078777385,1.045047093438766,-0.4364357804719845,-0.8381657788506286,-0.6757933071365846,-1.2858307921814802,-0.464548674655972,-1.1538343898014989,-0.3049783695263035,0.0,1.0,0.0,0.0,0.0,1.0,0.0,0.0,0.0,0.0,0.0,0.0,1.0,0.0,0.0,0.0,0.0,0.0,0.0,0.0,0.0,1.0,0.0,0.0,1.0,0.0,0.0,0.0,0.0,0.0,1.0,0.0,0.0,0.0,0.0,1.0,0.0,1.0,0.0,0.0,0.0,1.0,0.0,0.0,1.0,0.0,0.0,1.0,0.0,0.0,1.0,0.0,0.0,1.0
-0.742595017696657,-0.5440339728256164,0.052280634896496016,1.053413018870969,-0.3917005305786531,-0.7187454693270836,-0.4364357804719845,-0.15359626337612392,-0.47838370322046236,-0.3412351689076656,-0.464548674655972,-0.40507421746984584,-0.6884914239300278,0.0,0.0,0.0,1.0,0.0,0.0,0.0,1.0,0.0,0.0,0.0,0.0,1.0,0.0,0.0,0.0,0.0,0.0,0.0,0.0,0.0,1.0,0.0,0.0,0.0,1.0,0.0,0.0,0.0,1.0,0.0,0.0,0.0,0.0,0.0,1.0,0.0,0.0,0.0,1.0,0.0,1.0,0.0,0.0,1.0,0.0,0.0,0.0,0.0,1.0,1.0,0.0,0.0,1.0
-0.9966183988927769,-0.6825134593700477,0.052280634896496016,1.053413018870969,-1.207035546527281,-0.7187454693270836,-0.4364357804719845,-0.09249138863096527,-0.4076541667480534,-1.2858307921814802,-0.464548674655972,-0.7162166052378344,-1.1730821976485595,0.0,1.0,0.0,0.0,0.0,0.0,0.0,1.0,0.0,0.0,0.0,0.0,0.0,0.0,0.0,1.0,0.0,0.0,0.0,0.0,0.0,1.0,0.0,0.0,0.0,0.0,1.0,0.0,0.0,1.0,0.0,0.0,0.0,0.0,0.0,1.0,0.0,1.0,0.0,0.0,0.0,1.0,0.0,0.0,0.0,1.0,0.0,1.0,0.0,0.0,1.0,0.0,0.0,1.0
-0.742595017696657,-0.3812270089152715,0.9421637820708985,1.053413018870969,0.2424489262702798,1.045047093438766,-0.4364357804719845,0.15789723006063003,-0.4652433983785004,-1.2858307921814802,-0.464548674655972,-0.11478197081841691,-0.6884914239300278,0.0,1.0,0.0,0.0,0.0,1.0,0.0,0.0,0.0,0.0,0.0,0.0,0.0,1.0,0.0,0.0,0.0,0.0,0.0,0.0,0.0,1.0,0.0,0.0,1.0,0.0,0.0,0.0,0.0,0.0,0.0,0.0,1.0,0.0,0.0,1.0,0.0,1.0,0.0,0.0,1.0,0.0,0.0,0.0,1.0,0.0,0.0,0.0,0.0,1.0,1.0,0.0,1.0,0.0
1.289592031872302,1.1656262826742814,0.9421637820708985,1.053413018870969,0.0612633671705847,1.045047093438766,-0.4364357804719845,0.10801136859767967,0.9047736284845493,0.603360454366149,2.152626957208659,1.2694606009355256,1.2434283535975954,0.0,0.0,0.0,1.0,0.0,1.0,0.0,0.0,0.0,1.0,0.0,0.0,0.0,0.0,0.0,0.0,0.0,0.0,0.0,0.0,0.0,0.0,0.0,1.0,0.0,0.0,0.0,1.0,0.0,0.0,0.0,0.0,1.0,0.0,0.0,1.0,0.0,0.0,0.0,1.0,0.0,1.0,0.0,0.0,1.0,0.0,0.0,1.0,0.0,0.0,1.0,0.0,0.0,1.0
-0.742595017696657,-0.2292738425989496,-0.8376025122779064,-1.6476460038751053,0.6048200444696701,-0.7187454693270836,-0.4364357804719845,0.44862449060160026,-0.4161747452764534,-1.2858307921814802,-0.464548674655972,0.10780659356333354,-0.6884914239300278,0.0,1.0,0.0,0.0,0.0,0.0,0.0,1.0,0.0,0.0,0.0,0.0,1.0,0.0,0.0,0.0,0.0,0.0,0.0,0.0,0.0,1.0,0.0,0.0,1.0,0.0,0.0,0.0,0.0,0.0,1.0,0.0,0.0,0.0,0.0,1.0,1.0,0.0,0.0,0.0,0.0,1.0,0.0,0.0,1.0,0.0,0.0,1.0,0.0,0.0,1.0,0.0,0.0,1.0
0.2734985070878224,-0.47254861625808564,0.052280634896496016,-0.7472929962930807,-0.21051497147895798,1.045047093438766,-0.4364357804719845,-0.7067654556250565,-0.4505844815152816,0.603360454366149,2.152626957208659,-0.2695669871917853,0.5193206744088694,0.0,0.0,0.0,1.0,0.0,1.0,0.0,0.0,0.0,0.0,0.0,1.0,0.0,0.0,0.0,0.0,0.0,0.0,0.0,0.0,0.0,0.0,0.0,1.0,1.0,0.0,0.0,0.0,0.0,1.0,0.0,0.0,0.0,0.0,0.0,1.0,1.0,0.0,0.0,0.0,0.0,1.0,0.0,0.0,1.0,0.0,0.0,1.0,0.0,0.0,0.0,1.0,0.0,1.0
0.7815452694800622,-0.07432652522220753,-0.8376025122779064,1.053413018870969,-0.9352572078777385,-0.7187454693270836,-0.4364357804719845,-0.5399909822798634,0.26062471639119006,0.603360454366149,-0.464548674655972,0.3012510376138244,0.9166346534898615,1.0,0.0,0.0,0.0,0.0,0.0,0.0,1.0,0.0,0.0,0.0,0.0,0.0,0.0,0.0,1.0,0.0,0.0,0.0,0.0,0.0,0.0,0.0,1.0,0.0,0.0,0.0,1.0,0.0,1.0,0.0,0.0,0.0,0.0,0.0,1.0,1.0,0.0,0.0,0.0,0.0,1.0,0.0,0.0,1.0,0.0,0.0,1.0,0.0,0.0,1.0,0.0,0.0,1.0
0.2734985070878224,-0.13645515972592537,0.9421637820708985,0.15306001128894414,-0.11992219192911042,1.045047093438766,2.29128784747792,-0.3852467502725985,-0.16382621396752264,0.603360454366149,2.152626957208659,0.2271094794801202,0.5193206744088694,1.0,0.0,0.0,0.0,0.0,1.0,0.0,0.0,0.0,1.0,0.0,0.0,0.0,0.0,0.0,0.0,0.0,0.0,0.0,0.0,0.0,0.0,0.0,1.0,0.0,1.0,0.0,0.0,0.0,0.0,0.0,0.0,1.0,0.0,0.0,1.0,0.0,0.0,1.0,0.0,0.0,1.0,0.0,0.0,1.0,0.0,0.0,1.0,0.0,0.0,0.0,1.0,0.0,1.0
-1.2506417800888967,-0.698607021319806,-0.8376025122779064,1.053413018870969,-0.6634788692281958,1.045047093438766,2.29128784747792,0.49803222440649153,-0.5799915885062528,1.5479560776399637,-0.464548674655972,-0.7577312351608478,-1.8318662260302179,0.0,0.0,1.0,0.0,0.0,1.0,0.0,0.0,0.0,0.0,0.0,0.0,0.0,1.0,0.0,0.0,0.0,0.0,0.0,1.0,0.0,0.0,0.0,0.0,0.0,0.0,0.0,1.0,0.0,0.0,1.0,0.0,0.0,0.0,0.0,1.0,1.0,0.0,0.0,0.0,0.0,1.0,0.0,0.0,1.0,0.0,0.0,1.0,0.0,0.0,0.0,1.0,0.0,1.0
-0.742595017696657,0.9773690347503654,-0.8376025122779064,1.053413018870969,1.238969501318603,-0.7187454693270836,-0.4364357804719845,2.7572567270156103,0.24608350889205632,0.603360454366149,-0.464548674655972,1.1614687581729226,-0.6884914239300278,0.0,0.0,0.0,1.0,0.0,1.0,0.0,0.0,0.0,0.0,0.0,0.0,1.0,0.0,0.0,0.0,0.0,0.0,0.0,0.0,0.0,0.0,0.0,1.0,0.0,0.0,0.0,1.0,0.0,0.0,0.0,0.0,1.0,0.0,0.0,1.0,0.0,1.0,0.0,0.0,0.0,1.0,0.0,0.0,0.0,1.0,0.0,1.0,0.0,0.0,0.0,1.0,0.0,1.0
0.10414958629040919,-0.19259549210880292,0.052280634896496016,1.053413018870969,0.42363448536997494,-0.7187454693270836,-0.4364357804719845,-0.3518840977063979,-0.3520995844272882,1.5479560776399637,-0.464548674655972,0.15626797902435885,0.3653135786952786,0.0,0.0,0.0,1.0,0.0,0.0,0.0,1.0,0.0,0.0,0.0,0.0,0.0,0.0,0.0,1.0,0.0,0.0,0.0,0.0,1.0,0.0,0.0,0.0,0.0,0.0,0.0,1.0,0.0,0.0,0.0,0.0,1.0,0.0,0.0,1.0,1.0,0.0,0.0,0.0,0.0,1.0,0.0,0.0,1.0,0.0,0.0,1.0,0.0,0.0,1.0,0.0,0.0,1.0
2.2210110962580747,2.8191462057913017,-1.727485659452309,-1.6476460038751053,-0.029329412379262863,-0.7187454693270836,-0.4364357804719845,0.563578918533788,2.428679692299693,-1.2858307921814802,-0.464548674655972,1.9592447743314152,1.7241751817887327,0.0,1.0,0.0,0.0,0.0,0.0,0.0,1.0,0.0,0.0,0.0,0.0,0.0,1.0,0.0,0.0,0.0,0.0,0.0,0.0,0.0,1.0,0.0,0.0,0.0,0.0,1.0,0.0,0.0,1.0,0.0,0.0,0.0,0.0,0.0,1.0,0.0,0.0,0.0,1.0,0.0,1.0,0.0,0.0,1.0,0.0,0.0,0.0,0.0,1.0,0.0,1.0,0.0,1.0
-0.2345482553044173,-0.7090865500312764,0.9421637820708985,-1.6476460038751053,-0.7540716487780433,1.045047093438766,-0.4364357804719845,-0.7784926171809383,-0.5717124366815147,-0.3412351689076656,-0.464548674655972,-0.7854952789207401,0.012431660139291227,1.0,0.0,0.0,0.0,0.0,1.0,0.0,0.0,0.0,0.0,0.0,0.0,1.0,0.0,0.0,0.0,0.0,0.0,0.0,0.0,0.0,1.0,0.0,0.0,0.0,0.0,1.0,0.0,0.0,1.0,0.0,0.0,0.0,0.0,0.0,1.0,0.0,1.0,0.0,0.0,0.0,1.0,0.0,0.0,1.0,0.0,0.0,1.0,0.0,0.0,1.0,0.0,0.0,1.0
0.2734985070878224,-0.46768312078490293,0.9421637820708985,1.053413018870969,2.235490076366926,-0.7187454693270836,-0.4364357804719845,-0.7021109532090412,-0.7532087307323921,2.4925517009137783,-0.464548674655972,-0.26083816388408315,0.5193206744088694,0.0,0.0,0.0,1.0,0.0,1.0,0.0,0.0,0.0,0.0,0.0,0.0,0.0,1.0,0.0,0.0,0.0,0.0,0.0,0.0,0.0,0.0,1.0,0.0,0.0,0.0,0.0,1.0,0.0,0.0,0.0,0.0,1.0,0.0,0.0,1.0,0.0,0.0,0.0,1.0,0.0,1.0,0.0,0.0,1.0,0.0,0.0,1.0,0.0,0.0,0.0,1.0,0.0,1.0
-0.2345482553044173,-0.49013925373805395,0.9421637820708985,-1.6476460038751053,-0.30110775102880555,1.045047093438766,-0.4364357804719845,-0.49922251100750437,-0.4464497954991102,-1.2858307921814802,-0.464548674655972,-0.3016236547540713,0.012431660139291227,0.0,1.0,0.0,0.0,0.0,1.0,0.0,0.0,0.0,0.0,0.0,0.0,0.0,0.0,0.0,1.0,0.0,0.0,0.0,0.0,0.0,1.0,0.0,0.0,0.0,1.0,0.0,0.0,0.0,0.0,0.0,1.0,0.0,0.0,0.0,1.0,0.0,1.0,0.0,0.0,0.0,1.0,0.0,0.0,1.0,0.0,1.0,0.0,0.0,0.0,0.0,1.0,0.0,1.0
1.7976387942645415,1.0346321737809006,-0.8376025122779064,-1.6476460038751053,0.5142272649198225,1.045047093438766,-0.4364357804719845,-0.17855593644789602,0.557662631565604,-0.3412351689076656,2.152626957208659,1.1952774896468454,1.5210018607961258,1.0,0.0,0.0,0.0,0.0,1.0,0.0,0.0,0.0,1.0,0.0,0.0,0.0,0.0,0.0,0.0,0.0,0.0,0.0,0.0,0.0,1.0,0.0,0.0,0.0,1.0,0.0,0.0,0.0,1.0,0.0,0.0,0.0,0.0,0.0,1.0,0.0,0.0,0.0,1.0,1.0,0.0,0.0,0.0,1.0,0.0,0.0,0.0,0.0,1.0,1.0,0.0,0.0,1.0
0.2734985070878224,0.32464410357877566,0.052280634896496016,0.15306001128894414,0.6954128240195177,-0.7187454693270836,-0.4364357804719845,0.05585686330672032,-0.03306434461708735,-0.3412351689076656,-0.464548674655972,0.6970918527350033,0.5193206744088694,1.0,0.0,0.0,0.0,0.0,0.0,0.0,1.0,0.0,0.0,0.0,0.0,1.0,0.0,0.0,0.0,0.0,0.0,0.0,0.0,0.0,1.0,0.0,0.0,0.0,1.0,0.0,0.0,0.0,0.0,1.0,0.0,0.0,0.0,0.0,1.0,1.0,0.0,0.0,0.0,0.0,1.0,0.0,0.0,1.0,0.0,0.0,1.0,0.0,0.0,0.0,1.0,0.0,1.0
-0.742595017696657,-0.9328993417976816,0.9421637820708985,-0.7472929962930807,0.9671911626690604,1.045047093438766,-0.4364357804719845,-0.8976002626423014,-0.9527220221513408,-1.2858307921814802,-0.464548674655972,-1.5892858936300884,-0.6884914239300278,0.0,1.0,0.0,0.0,1.0,0.0,0.0,0.0,0.0,0.0,0.0,0.0,0.0,1.0,0.0,0.0,0.0,0.0,0.0,0.0,0.0,1.0,0.0,0.0,0.0,0.0,1.0,0.0,0.0,0.0,0.0,0.0,1.0,0.0,0.0,1.0,1.0,0.0,0.0,0.0,1.0,0.0,0.0,0.0,1.0,0.0,0.0,1.0,0.0,0.0,0.0,1.0,0.0,1.0
1.289592031872302,-0.3430515828949148,0.052280634896496016,-1.6476460038751053,-0.30110775102880555,1.045047093438766,2.29128784747792,-0.8541579567783618,-0.3038358959736421,-0.3412351689076656,2.152626957208659,-0.05517234840403261,1.2434283535975954,1.0,0.0,0.0,0.0,0.0,0.0,0.0,1.0,0.0,0.0,0.0,1.0,0.0,0.0,0.0,0.0,0.0,0.0,0.0,0.0,0.0,1.0,0.0,0.0,0.0,1.0,0.0,0.0,0.0,0.0,0.0,0.0,1.0,0.0,0.0,1.0,1.0,0.0,0.0,0.0,0.0,1.0,0.0,0.0,1.0,0.0,0.0,1.0,0.0,0.0,1.0,0.0,0.0,1.0
-0.48857163650053714,0.16969678620203357,-1.727485659452309,1.053413018870969,-0.7540716487780433,1.045047093438766,-0.4364357804719845,0.6902292170113307,0.43812992828309233,-1.2858307921814802,-0.464548674655972,0.5573182797945818,-0.3049783695263035,0.0,1.0,0.0,0.0,0.0,0.0,1.0,0.0,0.0,0.0,0.0,0.0,1.0,0.0,0.0,0.0,0.0,0.0,0.0,0.0,0.0,1.0,0.0,0.0,0.0,0.0,0.0,1.0,0.0,1.0,0.0,0.0,0.0,0.0,0.0,1.0,0.0,1.0,0.0,0.0,0.0,1.0,0.0,0.0,1.0,0.0,0.0,0.0,0.0,1.0,1.0,0.0,0.0,1.0
-0.742595017696657,-0.43474745912028145,0.9421637820708985,-0.7472929962930807,-0.4822933101285007,-0.7187454693270836,-0.4364357804719845,0.05549821957452469,-0.34368071173707027,0.603360454366149,-0.464548674655972,-0.20324475891960206,-0.6884914239300278,1.0,0.0,0.0,0.0,0.0,0.0,0.0,1.0,0.0,0.0,0.0,0.0,0.0,0.0,0.0,0.0,0.0,0.0,1.0,0.0,0.0,0.0,0.0,1.0,1.0,0.0,0.0,0.0,0.0,0.0,0.0,0.0,1.0,0.0,0.0,1.0,1.0,0.0,0.0,0.0,0.0,1.0,0.0,0.0,1.0,0.0,0.0,1.0,0.0,0.0,1.0,0.0,0.0,1.0
1.035568650676182,-0.1592855615616289,-0.8376025122779064,-0.7472929962930807,-0.8446644283278909,1.045047093438766,-0.4364357804719845,-0.6769830681694914,0.10580562305313118,-0.3412351689076656,2.152626957208659,0.1987650955863047,1.0872495760826633,0.0,0.0,0.0,1.0,0.0,0.0,1.0,0.0,0.0,1.0,0.0,0.0,0.0,0.0,0.0,0.0,0.0,0.0,0.0,0.0,0.0,1.0,0.0,0.0,1.0,0.0,0.0,0.0,0.0,1.0,0.0,0.0,0.0,0.0,0.0,1.0,1.0,0.0,0.0,0.0,0.0,1.0,0.0,0.0,1.0,0.0,0.0,1.0,0.0,0.0,0.0,1.0,0.0,1.0
0.2734985070878224,0.8688310588101354,0.9421637820708985,-1.6476460038751053,-0.9352572078777385,-0.7187454693270836,-0.4364357804719845,0.5764450566056891,1.4311472458009082,0.603360454366149,-0.464548674655972,1.0948668907808836,0.5193206744088694,0.0,0.0,0.0,1.0,0.0,0.0,0.0,1.0,0.0,0.0,0.0,0.0,1.0,0.0,0.0,0.0,0.0,0.0,0.0,1.0,0.0,0.0,0.0,0.0,1.0,0.0,0.0,0.0,0.0,0.0,0.0,0.0,1.0,0.0,0.0,1.0,1.0,0.0,0.0,0.0,0.0,0.0,1.0,0.0,1.0,0.0,0.0,1.0,0.0,0.0,1.0,0.0,0.0,1.0
0.01947512589170256,0.08398921209750718,-0.8376025122779064,-1.6476460038751053,-0.8446644283278909,1.045047093438766,-0.4364357804719845,0.00025849305291411893,0.3961137945357083,-1.2858307921814802,2.152626957208659,0.47301311779881894,0.28321049937129605,0.0,1.0,0.0,0.0,0.0,0.0,1.0,0.0,0.0,0.0,0.0,1.0,0.0,0.0,0.0,0.0,0.0,0.0,0.0,0.0,0.0,1.0,0.0,0.0,0.0,0.0,1.0,0.0,0.0,0.0,0.0,0.0,1.0,0.0,0.0,1.0,0.0,1.0,0.0,0.0,0.0,1.0,0.0,0.0,1.0,0.0,0.0,1.0,0.0,0.0,1.0,0.0,0.0,1.0
-0.742595017696657,-1.0406887799728066,0.052280634896496016,0.15306001128894414,0.6048200444696701,1.045047093438766,-0.4364357804719845,-1.1038304376073247,-1.0155920862214474,3.4371473241875927,-0.464548674655972,-2.2803870918224334,-0.6884914239300278,0.0,0.0,1.0,0.0,1.0,0.0,0.0,0.0,0.0,0.0,0.0,0.0,0.0,0.0,0.0,1.0,0.0,0.0,0.0,0.0,0.0,0.0,1.0,0.0,1.0,0.0,0.0,0.0,0.0,1.0,0.0,0.0,0.0,0.0,0.0,1.0,0.0,0.0,0.0,1.0,0.0,1.0,0.0,0.0,0.0,1.0,0.0,1.0,0.0,0.0,1.0,0.0,0.0,1.0
1.289592031872302,2.187380332042653,0.9421637820708985,-1.6476460038751053,-0.5728860896783482,-0.7187454693270836,-0.4364357804719845,0.7596417973440437,2.4887661254528797,0.603360454366149,-0.464548674655972,1.7367607193697345,1.2434283535975954,1.0,0.0,0.0,0.0,0.0,0.0,0.0,1.0,0.0,0.0,0.0,0.0,1.0,0.0,0.0,0.0,0.0,0.0,0.0,1.0,0.0,0.0,0.0,0.0,0.0,0.0,1.0,0.0,0.0,0.0,0.0,0.0,1.0,1.0,0.0,0.0,0.0,0.0,1.0,0.0,0.0,1.0,0.0,0.0,0.0,1.0,1.0,0.0,0.0,0.0,0.0,1.0,0.0,1.0
-0.48857163650053714,-0.0013440931244667065,-0.8376025122779064,0.15306001128894414,-1.3882211056269762,-0.7187454693270836,-0.4364357804719845,0.42843142349224705,0.7211694075615754,2.4925517009137783,-0.464548674655972,0.38326165868147694,-0.3049783695263035,0.0,0.0,0.0,1.0,0.0,0.0,0.0,1.0,0.0,0.0,0.0,0.0,0.0,1.0,0.0,0.0,0.0,0.0,0.0,0.0,0.0,0.0,1.0,0.0,0.0,1.0,0.0,0.0,0.0,1.0,0.0,0.0,0.0,0.0,0.0,1.0,1.0,0.0,0.0,0.0,0.0,1.0,0.0,0.0,0.0,1.0,0.0,1.0,0.0,0.0,1.0,0.0,0.0,1.0
0.2734985070878224,1.2685502253762235,0.9421637820708985,-0.7472929962930807,-0.5728860896783482,-0.7187454693270836,-0.4364357804719845,0.9588303320137352,1.5057225539401327,-1.2858307921814802,-0.464548674655972,1.3249134253220987,0.5193206744088694,0.0,1.0,0.0,0.0,0.0,0.0,0.0,1.0,0.0,0.0,0.0,0.0,0.0,0.0,0.0,0.0,0.0,0.0,1.0,0.0,0.0,1.0,0.0,0.0,0.0,0.0,0.0,0.0,1.0,0.0,0.0,0.0,1.0,0.0,0.0,1.0,0.0,0.0,1.0,0.0,0.0,1.0,0.0,1.0,0.0,0.0,1.0,0.0,0.0,0.0,0.0,1.0,0.0,1.0
-0.2345482553044173,-0.9583496258112528,0.9421637820708985,0.15306001128894414,-0.30110775102880555,1.045047093438766,-0.4364357804719845,-1.096430891901463,-0.9004192313931577,1.5479560776399637,-0.464548674655972,-1.7224233571886043,0.012431660139291227,0.0,0.0,0.0,1.0,0.0,1.0,0.0,0.0,0.0,0.0,0.0,0.0,0.0,0.0,0.0,1.0,0.0,0.0,0.0,0.0,1.0,0.0,0.0,0.0,0.0,0.0,0.0,1.0,0.0,0.0,0.0,0.0,1.0,0.0,0.0,1.0,0.0,1.0,0.0,0.0,1.0,0.0,0.0,0.0,1.0,0.0,1.0,0.0,0.0,0.0,0.0,1.0,0.0,1.0
2.3056855566567815,0.5982346567246656,0.9421637820708985,0.15306001128894414,-0.8446644283278909,-0.7187454693270836,2.29128784747792,-0.5395612287241449,1.0097806062542631,-1.2858307921814802,-0.464548674655972,0.9122323013963676,1.7622593178252401,0.0,1.0,0.0,0.0,0.0,0.0,0.0,1.0,0.0,0.0,0.0,0.0,0.0,0.0,0.0,0.0,0.0,0.0,1.0,0.0,0.0,1.0,0.0,0.0,0.0,1.0,0.0,0.0,0.0,0.0,0.0,0.0,1.0,0.0,0.0,1.0,0.0,1.0,0.0,0.0,0.0,1.0,0.0,0.0,1.0,0.0,0.0,1.0,0.0,0.0,1.0,0.0,0.0,1.0
1.035568650676182,1.5208074522166202,0.052280634896496016,-0.7472929962930807,-0.029329412379262863,1.045047093438766,-0.4364357804719845,0.49191560147068697,1.2777320963291154,-0.3412351689076656,-0.464548674655972,1.4515810281463921,1.0872495760826633,0.0,0.0,0.0,1.0,0.0,1.0,0.0,0.0,0.0,0.0,0.0,0.0,0.0,0.0,0.0,0.0,0.0,0.0,1.0,0.0,0.0,1.0,0.0,0.0,0.0,1.0,0.0,0.0,0.0,0.0,0.0,0.0,1.0,0.0,0.0,1.0,1.0,0.0,0.0,0.0,0.0,1.0,0.0,0.0,1.0,0.0,1.0,0.0,0.0,0.0,0.0,1.0,0.0,1.0
-0.9966183988927769,-0.29327382151543,-0.8376025122779064,0.15306001128894414,-0.3917005305786531,-0.7187454693270836,-0.4364357804719845,0.900468437230536,-0.22740759101468022,-0.3412351689076656,-0.464548674655972,0.018658753884274168,-1.1730821976485595,0.0,0.0,0.0,1.0,0.0,1.0,0.0,0.0,0.0,0.0,0.0,0.0,1.0,0.0,0.0,0.0,0.0,0.0,0.0,0.0,0.0,1.0,0.0,0.0,0.0,0.0,0.0,0.0,1.0,0.0,0.0,0.0,1.0,0.0,0.0,1.0,1.0,0.0,0.0,0.0,0.0,1.0,0.0,0.0,1.0,0.0,1.0,0.0,0.0,0.0,1.0,0.0,0.0,1.0
-0.742595017696657,-0.8168759882064014,0.9421637820708985,-1.6476460038751053,-1.207035546527281,-0.7187454693270836,-0.4364357804719845,-0.6756163937563389,-0.5971462145191302,2.4925517009137783,-0.464548674655972,-1.111930395681309,-0.6884914239300278,1.0,0.0,0.0,0.0,0.0,0.0,0.0,1.0,0.0,0.0,0.0,0.0,0.0,1.0,0.0,0.0,0.0,0.0,0.0,0.0,0.0,0.0,1.0,0.0,1.0,0.0,0.0,0.0,0.0,0.0,0.0,1.0,0.0,0.0,0.0,1.0,0.0,0.0,0.0,1.0,0.0,1.0,0.0,0.0,1.0,0.0,0.0,1.0,0.0,0.0,1.0,0.0,0.0,1.0
0.2734985070878224,-0.30487615687455805,0.9421637820708985,-0.7472929962930807,0.7860056035693652,1.045047093438766,2.29128784747792,-0.5463641415962134,-0.5018722151765468,1.5479560776399637,2.152626957208659,0.0018212837004706426,0.5193206744088694,0.0,0.0,0.0,1.0,0.0,0.0,1.0,0.0,0.0,1.0,0.0,0.0,0.0,0.0,0.0,0.0,0.0,0.0,0.0,0.0,1.0,0.0,0.0,0.0,1.0,0.0,0.0,0.0,0.0,0.0,0.0,0.0,1.0,0.0,0.0,1.0,1.0,0.0,0.0,0.0,0.0,1.0,0.0,0.0,1.0,0.0,0.0,1.0,0.0,0.0,0.0,1.0,0.0,1.0
-0.742595017696657,-0.0825604406383629,0.9421637820708985,0.15306001128894414,-0.9352572078777385,1.045047093438766,-0.4364357804719845,0.7293266731928819,0.25040586891221617,-0.3412351689076656,-0.464548674655972,0.29166493384778064,-0.6884914239300278,1.0,0.0,0.0,0.0,0.0,0.0,0.0,0.0,1.0,0.0,0.0,0.0,1.0,0.0,0.0,0.0,0.0,0.0,0.0,0.0,0.0,1.0,0.0,0.0,0.0,0.0,1.0,0.0,0.0,1.0,0.0,0.0,0.0,0.0,0.0,1.0,0.0,1.0,0.0,0.0,0.0,1.0,0.0,0.0,0.0,1.0,0.0,1.0,0.0,0.0,1.0,0.0,0.0,1.0
-0.48857163650053714,-0.6405953445241658,0.9421637820708985,1.053413018870969,0.7860056035693652,1.045047093438766,2.29128784747792,-0.5500163474718559,-0.7386053704428212,-1.2858307921814802,-0.464548674655972,-0.6139304346447856,-0.3049783695263035,0.0,1.0,0.0,0.0,0.0,1.0,0.0,0.0,0.0,0.0,0.0,0.0,1.0,0.0,0.0,0.0,0.0,0.0,0.0,0.0,0.0,1.0,0.0,0.0,0.0,0.0,0.0,1.0,0.0,0.0,0.0,0.0,1.0,0.0,0.0,1.0,1.0,0.0,0.0,0.0,0.0,1.0,0.0,0.0,1.0,0.0,0.0,1.0,0.0,0.0,0.0,1.0,0.0,1.0
0.01947512589170256,-0.7491333204643957,-0.8376025122779064,1.053413018870969,0.3330417058201274,-0.7187454693270836,2.29128784747792,-0.9105917716793333,-0.7749446610794907,-0.3412351689076656,2.152626957208659,-0.8974224282979343,0.28321049937129605,1.0,0.0,0.0,0.0,0.0,0.0,0.0,1.0,0.0,1.0,0.0,0.0,0.0,0.0,0.0,0.0,0.0,0.0,0.0,0.0,0.0,1.0,0.0,0.0,0.0,0.0,0.0,1.0,0.0,1.0,0.0,0.0,0.0,0.0,0.0,1.0,0.0,1.0,0.0,0.0,0.0,1.0,0.0,0.0,1.0,0.0,0.0,1.0,0.0,0.0,1.0,0.0,0.0,1.0
0.2734985070878224,-0.21954285165258414,-0.8376025122779064,1.053413018870969,-0.6634788692281958,-0.7187454693270836,-0.4364357804719845,-0.46473132999224853,-0.049142346068632985,2.4925517009137783,-0.464548674655972,0.12084093307605055,0.5193206744088694,0.0,0.0,0.0,1.0,0.0,0.0,0.0,1.0,0.0,0.0,0.0,0.0,0.0,0.0,0.0,0.0,0.0,0.0,1.0,0.0,0.0,0.0,1.0,0.0,1.0,0.0,0.0,0.0,0.0,1.0,0.0,0.0,0.0,0.0,0.0,1.0,1.0,0.0,0.0,0.0,0.0,1.0,0.0,0.0,0.0,1.0,0.0,1.0,0.0,0.0,0.0,1.0,0.0,1.0
-1.2506417800888967,-0.743519287226108,0.052280634896496016,-0.7472929962930807,0.6954128240195177,-0.7187454693270836,-0.4364357804719845,0.3261738884841327,-0.8037989003349313,-0.3412351689076656,-0.464548674655972,-0.8811383307990166,-1.8318662260302179,0.0,1.0,0.0,0.0,0.0,0.0,0.0,1.0,0.0,0.0,0.0,0.0,0.0,1.0,0.0,0.0,0.0,0.0,0.0,1.0,0.0,0.0,0.0,0.0,0.0,0.0,0.0,1.0,0.0,0.0,0.0,0.0,1.0,0.0,0.0,1.0,0.0,1.0,0.0,0.0,0.0,1.0,0.0,0.0,1.0,0.0,0.0,1.0,0.0,0.0,0.0,1.0,0.0,1.0
-0.9119439384940703,-0.8052736528472734,0.9421637820708985,0.15306001128894414,1.238969501318603,1.045047093438766,-0.4364357804719845,-0.5047605710712243,-0.8826822628649311,-1.2858307921814802,-0.464548674655972,-1.072585671882952,-0.9970428507185473,0.0,1.0,0.0,0.0,0.0,1.0,0.0,0.0,0.0,0.0,0.0,0.0,0.0,1.0,0.0,0.0,0.0,0.0,0.0,0.0,0.0,1.0,0.0,0.0,0.0,1.0,0.0,0.0,0.0,0.0,0.0,0.0,1.0,1.0,0.0,0.0,0.0,1.0,0.0,0.0,0.0,1.0,0.0,0.0,1.0,0.0,0.0,1.0,0.0,0.0,0.0,1.0,0.0,1.0
2.3056855566567815,1.335544355353124,0.052280634896496016,-0.7472929962930807,-0.3917005305786531,-0.7187454693270836,-0.4364357804719845,-0.1868930875766226,1.4028133646861614,-1.2858307921814802,-0.464548674655972,1.3597764669767025,1.7622593178252401,0.0,1.0,0.0,0.0,0.0,0.0,0.0,1.0,0.0,0.0,0.0,0.0,0.0,0.0,0.0,1.0,0.0,0.0,0.0,0.0,0.0,1.0,0.0,0.0,1.0,0.0,0.0,0.0,0.0,1.0,0.0,0.0,0.0,0.0,0.0,1.0,1.0,0.0,0.0,0.0,0.0,1.0,0.0,0.0,1.0,0.0,0.0,1.0,0.0,0.0,0.0,1.0,0.0,1.0
1.289592031872302,0.05704185255372595,0.9421637820708985,-0.7472929962930807,1.4201550604182982,-0.7187454693270836,-0.4364357804719845,-0.5989957119688881,-0.3677249559054179,0.603360454366149,-0.464548674655972,0.44533476840403474,1.2434283535975954,0.0,0.0,0.0,1.0,0.0,1.0,0.0,0.0,0.0,0.0,0.0,0.0,0.0,0.0,0.0,1.0,0.0,0.0,0.0,0.0,0.0,0.0,0.0,1.0,0.0,0.0,0.0,1.0,0.0,0.0,0.0,0.0,1.0,0.0,0.0,1.0,1.0,0.0,0.0,0.0,0.0,1.0,0.0,0.0,1.0,0.0,0.0,1.0,0.0,0.0,0.0,1.0,0.0,1.0
-0.742595017696657,-0.3812270089152715,-0.8376025122779064,-0.7472929962930807,-0.5728860896783482,-0.7187454693270836,-0.4364357804719845,0.15789723006063003,-0.2593511989023071,-0.3412351689076656,-0.464548674655972,-0.11478197081841691,-0.6884914239300278,0.0,0.0,0.0,1.0,0.0,0.0,0.0,1.0,0.0,0.0,0.0,0.0,0.0,0.0,0.0,1.0,0.0,0.0,0.0,0.0,0.0,1.0,0.0,0.0,0.0,0.0,1.0,0.0,0.0,1.0,0.0,0.0,0.0,0.0,0.0,1.0,1.0,0.0,0.0,0.0,1.0,0.0,0.0,0.0,1.0,0.0,0.0,1.0,0.0,0.0,1.0,0.0,0.0,1.0
0.2734985070878224,-0.43474745912028145,-0.8376025122779064,-0.7472929962930807,-0.4822933101285007,1.045047093438766,-0.4364357804719845,-0.6706035522390897,-0.34368071173707027,-0.3412351689076656,-0.464548674655972,-0.20324475891960206,0.5193206744088694,0.0,0.0,0.0,1.0,0.0,1.0,0.0,0.0,0.0,0.0,0.0,0.0,1.0,0.0,0.0,0.0,0.0,0.0,0.0,0.0,0.0,1.0,0.0,0.0,0.0,1.0,0.0,0.0,0.0,0.0,0.0,0.0,1.0,0.0,0.0,1.0,0.0,1.0,0.0,0.0,0.0,1.0,0.0,0.0,1.0,0.0,0.0,0.0,0.0,1.0,1.0,0.0,0.0,1.0
0.5275218882839423,-0.24761301784402293,0.9421637820708985,-1.6476460038751053,-0.30110775102880555,-0.7187454693270836,2.29128784747792,-0.5921532691418726,-0.21130015964032303,-0.3412351689076656,2.152626957208659,0.08288057036479589,0.7286404741494683,1.0,0.0,0.0,0.0,0.0,0.0,0.0,1.0,0.0,1.0,0.0,0.0,0.0,0.0,0.0,0.0,0.0,0.0,0.0,0.0,0.0,1.0,0.0,0.0,0.0,0.0,1.0,0.0,0.0,1.0,0.0,0.0,0.0,0.0,0.0,1.0,0.0,1.0,0.0,0.0,0.0,1.0,0.0,0.0,1.0,0.0,0.0,1.0,0.0,0.0,0.0,1.0,0.0,1.0
0.01947512589170256,-0.5069813534529173,0.052280634896496016,-0.7472929962930807,-0.9352572078777385,1.045047093438766,-0.4364357804719845,-0.6458477818851895,-0.27632926932215696,-1.2858307921814802,-0.464548674655972,-0.3330758249734093,0.28321049937129605,0.0,1.0,0.0,0.0,0.0,0.0,0.0,1.0,0.0,0.0,0.0,0.0,0.0,0.0,0.0,1.0,0.0,0.0,0.0,0.0,0.0,1.0,0.0,0.0,1.0,0.0,0.0,0.0,0.0,1.0,0.0,0.0,0.0,0.0,0.0,1.0,0.0,0.0,0.0,1.0,0.0,1.0,0.0,0.0,1.0,0.0,0.0,1.0,0.0,0.0,0.0,1.0,0.0,1.0
-0.48857163650053714,-0.8382093145118948,0.9421637820708985,0.15306001128894414,-0.21051497147895798,1.045047093438766,2.29128784747792,-0.8524873211656769,-0.7943797623377492,-1.2858307921814802,-0.464548674655972,-1.1875392171624244,-0.3049783695263035,0.0,1.0,0.0,0.0,0.0,0.0,0.0,0.0,1.0,0.0,0.0,0.0,0.0,1.0,0.0,0.0,0.0,0.0,0.0,0.0,0.0,1.0,0.0,0.0,0.0,0.0,0.0,1.0,0.0,0.0,0.0,0.0,1.0,0.0,0.0,1.0,1.0,0.0,0.0,0.0,0.0,1.0,0.0,0.0,0.0,1.0,0.0,1.0,0.0,0.0,1.0,0.0,0.0,1.0
1.7976387942645415,1.7562225793421535,-0.8376025122779064,1.053413018870969,0.8765983831192128,-0.7187454693270836,2.29128784747792,0.21590042665347825,0.9052898449536204,-1.2858307921814802,-0.464548674655972,1.5595926370888507,1.5210018607961258,0.0,1.0,0.0,0.0,0.0,0.0,0.0,1.0,0.0,0.0,0.0,0.0,1.0,0.0,0.0,0.0,0.0,0.0,0.0,0.0,0.0,1.0,0.0,0.0,0.0,1.0,0.0,0.0,0.0,0.0,0.0,0.0,1.0,0.0,1.0,0.0,0.0,1.0,0.0,0.0,0.0,1.0,0.0,1.0,0.0,0.0,0.0,1.0,0.0,0.0,1.0,0.0,0.0,1.0
-0.742595017696657,-0.39245507539184704,0.052280634896496016,-1.6476460038751053,-0.029329412379262863,-0.7187454693270836,-0.4364357804719845,0.1364149201684401,-0.41833135440642577,0.603360454366149,-0.464548674655972,-0.13284778588968876,-0.6884914239300278,0.0,0.0,0.0,1.0,0.0,0.0,0.0,1.0,0.0,0.0,0.0,0.0,0.0,0.0,0.0,1.0,0.0,0.0,0.0,1.0,0.0,0.0,0.0,0.0,0.0,1.0,0.0,0.0,0.0,0.0,0.0,0.0,1.0,0.0,0.0,1.0,0.0,0.0,1.0,0.0,0.0,1.0,0.0,0.0,1.0,0.0,0.0,1.0,0.0,0.0,1.0,0.0,0.0,1.0
3.321779081441261,1.5825618178377856,-1.727485659452309,-1.6476460038751053,-0.7540716487780433,-0.7187454693270836,-0.4364357804719845,-0.334333389021312,2.0617052808134977,0.603360454366149,-0.464548674655972,1.4807951461464597,2.166854575032126,1.0,0.0,0.0,0.0,0.0,0.0,1.0,0.0,0.0,0.0,0.0,0.0,0.0,0.0,0.0,1.0,0.0,0.0,0.0,0.0,0.0,0.0,0.0,1.0,1.0,0.0,0.0,0.0,0.0,0.0,0.0,0.0,1.0,0.0,0.0,1.0,0.0,0.0,0.0,1.0,0.0,1.0,0.0,0.0,1.0,0.0,0.0,0.0,0.0,1.0,1.0,0.0,0.0,1.0
0.2734985070878224,0.25390728477634994,0.9421637820708985,-0.7472929962930807,0.5142272649198225,1.045047093438766,-0.4364357804719845,-0.011812441049197863,-0.033149983971938,-0.3412351689076656,-0.464548674655972,0.6351413684322907,0.5193206744088694,0.0,0.0,0.0,1.0,0.0,1.0,0.0,0.0,0.0,0.0,0.0,0.0,0.0,0.0,0.0,0.0,0.0,0.0,1.0,0.0,0.0,1.0,0.0,0.0,0.0,0.0,0.0,1.0,0.0,1.0,0.0,0.0,0.0,0.0,0.0,1.0,1.0,0.0,0.0,0.0,0.0,1.0,0.0,0.0,0.0,1.0,1.0,0.0,0.0,0.0,0.0,1.0,0.0,1.0
-0.2345482553044173,3.6627482670646754,0.052280634896496016,1.053413018870969,0.2424489262702798,-0.7187454693270836,-0.4364357804719845,4.797839195147062,2.836630468836809,-0.3412351689076656,-0.464548674655972,2.2070609083504693,0.012431660139291227,1.0,0.0,0.0,0.0,0.0,0.0,0.0,1.0,0.0,0.0,0.0,0.0,0.0,0.0,0.0,0.0,0.0,0.0,1.0,0.0,0.0,1.0,0.0,0.0,0.0,0.0,0.0,0.0,1.0,1.0,0.0,0.0,0.0,0.0,0.0,1.0,0.0,0.0,1.0,0.0,0.0,1.0,0.0,1.0,0.0,0.0,1.0,0.0,0.0,0.0,0.0,1.0,0.0,1.0
0.2734985070878224,0.016995082120606627,0.052280634896496016,-0.7472929962930807,-0.8446644283278909,-0.7187454693270836,-0.4364357804719845,-0.23845090484441608,0.3161673903889678,1.5479560776399637,-0.464548674655972,0.4030803981622776,0.5193206744088694,0.0,0.0,0.0,1.0,0.0,0.0,0.0,1.0,0.0,0.0,0.0,0.0,0.0,0.0,0.0,1.0,0.0,0.0,0.0,0.0,1.0,0.0,0.0,0.0,0.0,0.0,0.0,1.0,0.0,0.0,1.0,0.0,0.0,0.0,0.0,1.0,1.0,0.0,0.0,0.0,0.0,1.0,0.0,0.0,1.0,0.0,1.0,0.0,0.0,0.0,0.0,1.0,0.0,1.0
3.321779081441261,4.338677868954521,0.052280634896496016,1.053413018870969,2.235490076366926,1.045047093438766,-0.4364357804719845,0.7203055143779481,1.7322168364155508,0.603360454366149,-0.464548674655972,2.376308139681288,2.166854575032126,1.0,0.0,0.0,0.0,1.0,0.0,0.0,0.0,0.0,0.0,0.0,0.0,0.0,0.0,1.0,0.0,0.0,0.0,0.0,1.0,0.0,0.0,0.0,0.0,0.0,0.0,0.0,1.0,0.0,1.0,0.0,0.0,0.0,0.0,0.0,1.0,0.0,0.0,1.0,0.0,1.0,0.0,0.0,1.0,0.0,0.0,1.0,0.0,0.0,0.0,0.0,1.0,0.0,1.0
1.289592031872302,0.5600592307043089,-0.8376025122779064,-0.7472929962930807,-0.30110775102880555,-0.7187454693270836,-0.4364357804719845,-0.2781930393552936,0.5718061894079222,-0.3412351689076656,-0.464548674655972,0.8842681696780207,1.2434283535975954,0.0,0.0,0.0,1.0,0.0,0.0,0.0,1.0,0.0,0.0,0.0,0.0,0.0,0.0,0.0,0.0,0.0,0.0,1.0,0.0,0.0,1.0,0.0,0.0,1.0,0.0,0.0,0.0,0.0,0.0,0.0,0.0,1.0,0.0,0.0,1.0,0.0,0.0,1.0,0.0,0.0,1.0,0.0,1.0,0.0,0.0,1.0,0.0,0.0,0.0,0.0,1.0,0.0,1.0
0.6121963486826489,1.7345149841541074,0.052280634896496016,1.053413018870969,0.42363448536997494,1.045047093438766,2.29128784747792,1.0044036799112603,1.142697391759093,0.603360454366149,-0.464548674655972,1.5500004305784303,0.7934546737991884,0.0,0.0,0.0,1.0,1.0,0.0,0.0,0.0,0.0,0.0,0.0,0.0,0.0,0.0,0.0,0.0,0.0,0.0,1.0,0.0,0.0,0.0,0.0,1.0,0.0,0.0,1.0,0.0,0.0,0.0,0.0,0.0,1.0,0.0,1.0,0.0,0.0,0.0,0.0,1.0,1.0,0.0,0.0,0.0,0.0,1.0,0.0,1.0,0.0,0.0,0.0,1.0,0.0,1.0
-0.2345482553044173,0.014749468825291526,-0.8376025122779064,1.053413018870969,0.2424489262702798,-0.7187454693270836,-0.4364357804719845,0.14476957998046516,-0.14193173234298018,0.603360454366149,-0.464548674655972,0.40066979833998934,0.012431660139291227,0.0,0.0,0.0,1.0,0.0,1.0,0.0,0.0,0.0,0.0,0.0,0.0,0.0,0.0,0.0,0.0,0.0,0.0,1.0,0.0,0.0,0.0,0.0,1.0,0.0,0.0,0.0,0.0,1.0,0.0,0.0,0.0,1.0,0.0,0.0,1.0,0.0,0.0,1.0,0.0,0.0,1.0,0.0,0.0,1.0,0.0,1.0,0.0,0.0,0.0,0.0,1.0,0.0,1.0
1.5436154130684216,-0.23226799365936973,0.9421637820708985,1.053413018870969,-1.025849987427586,-0.7187454693270836,-0.4364357804719845,-0.8306742783447988,0.11432873337607156,1.5479560776399637,-0.464548674655972,0.10376957037652498,1.3874245025311263,0.0,0.0,0.0,1.0,0.0,0.0,0.0,1.0,0.0,0.0,0.0,0.0,0.0,0.0,0.0,0.0,0.0,0.0,1.0,0.0,1.0,0.0,0.0,0.0,1.0,0.0,0.0,0.0,0.0,0.0,0.0,0.0,1.0,0.0,0.0,1.0,1.0,0.0,0.0,0.0,0.0,1.0,0.0,0.0,1.0,0.0,0.0,1.0,0.0,0.0,1.0,0.0,0.0,1.0
0.01947512589170256,0.6787024664734568,-1.727485659452309,1.053413018870969,-0.5728860896783482,1.045047093438766,-0.4364357804719845,0.6504566380032921,0.8746526277877539,0.603360454366149,-0.464548674655972,0.9692752467569427,0.28321049937129605,0.0,0.0,0.0,1.0,0.0,0.0,0.0,0.0,1.0,0.0,0.0,0.0,0.0,1.0,0.0,0.0,0.0,0.0,0.0,0.0,0.0,0.0,0.0,1.0,1.0,0.0,0.0,0.0,0.0,1.0,0.0,0.0,0.0,0.0,0.0,1.0,0.0,1.0,0.0,0.0,1.0,0.0,0.0,0.0,1.0,0.0,0.0,1.0,0.0,0.0,0.0,1.0,0.0,1.0
-0.9966183988927769,-0.7723379911826518,-0.8376025122779064,1.053413018870969,1.238969501318603,-0.7187454693270836,-0.4364357804719845,-0.32163596382977316,-0.8618274680056797,1.5479560776399637,-0.464548674655972,-0.9669835149342502,-1.1730821976485595,0.0,0.0,1.0,0.0,0.0,0.0,0.0,1.0,0.0,0.0,0.0,0.0,0.0,0.0,0.0,1.0,0.0,0.0,0.0,1.0,0.0,0.0,0.0,0.0,0.0,0.0,0.0,1.0,0.0,0.0,1.0,0.0,0.0,0.0,0.0,1.0,0.0,0.0,0.0,1.0,0.0,1.0,0.0,0.0,1.0,0.0,0.0,1.0,0.0,0.0,1.0,0.0,0.0,1.0
1.289592031872302,0.09596581633918773,0.9421637820708985,-0.7472929962930807,0.6048200444696701,-0.7187454693270836,2.29128784747792,-0.5741716956356933,-0.17591013767442398,-1.2858307921814802,-0.464548674655972,0.4851277953218899,1.2434283535975954,0.0,1.0,0.0,0.0,0.0,0.0,0.0,1.0,0.0,0.0,0.0,0.0,1.0,0.0,0.0,0.0,0.0,0.0,0.0,0.0,0.0,1.0,0.0,0.0,0.0,0.0,0.0,1.0,0.0,0.0,0.0,0.0,1.0,0.0,0.0,1.0,1.0,0.0,0.0,0.0,0.0,1.0,0.0,0.0,1.0,0.0,0.0,1.0,0.0,0.0,1.0,0.0,0.0,1.0
1.289592031872302,-0.36101648925743557,0.9421637820708985,1.053413018870969,1.9637117377173834,1.045047093438766,-0.4364357804719845,-0.86561519508599,-0.6753857552866,-0.3412351689076656,-0.464548674655972,-0.08288350425548331,1.2434283535975954,1.0,0.0,0.0,0.0,0.0,0.0,1.0,0.0,0.0,0.0,0.0,0.0,0.0,1.0,0.0,0.0,0.0,0.0,0.0,0.0,0.0,1.0,0.0,0.0,0.0,0.0,0.0,1.0,0.0,0.0,0.0,0.0,1.0,0.0,0.0,1.0,0.0,0.0,1.0,0.0,1.0,0.0,0.0,1.0,0.0,0.0,0.0,1.0,0.0,0.0,0.0,1.0,0.0,1.0
-0.6579205572979504,-0.5212035709899129,0.052280634896496016,-1.6476460038751053,-0.6634788692281958,1.045047093438766,-0.4364357804719845,-0.20889936449566054,-0.3834114784160717,-1.2858307921814802,2.152626957208659,-0.36024171567904634,-0.551612875940375,0.0,1.0,0.0,0.0,0.0,1.0,0.0,0.0,0.0,1.0,0.0,0.0,0.0,0.0,0.0,0.0,0.0,0.0,0.0,0.0,0.0,1.0,0.0,0.0,0.0,0.0,1.0,0.0,0.0,0.0,0.0,0.0,1.0,0.0,0.0,1.0,0.0,1.0,0.0,0.0,1.0,0.0,0.0,0.0,1.0,0.0,0.0,0.0,0.0,1.0,1.0,0.0,0.0,1.0
-0.742595017696657,-0.9385133750359694,0.9421637820708985,0.15306001128894414,1.4201550604182982,1.045047093438766,-0.4364357804719845,-0.9083414175883965,-0.9733876082470513,0.603360454366149,-0.464548674655972,-1.6175037556577019,-0.6884914239300278,0.0,0.0,0.0,1.0,0.0,1.0,0.0,0.0,0.0,0.0,0.0,0.0,0.0,1.0,0.0,0.0,0.0,0.0,0.0,1.0,0.0,0.0,0.0,0.0,0.0,1.0,0.0,0.0,0.0,1.0,0.0,0.0,0.0,0.0,0.0,1.0,1.0,0.0,0.0,0.0,0.0,1.0,0.0,0.0,1.0,0.0,0.0,1.0,0.0,0.0,0.0,1.0,0.0,1.0
-0.48857163650053714,-0.20906332294111366,-0.8376025122779064,1.053413018870969,-0.6634788692281958,1.045047093438766,-0.4364357804719845,0.1104931840981737,-0.037530018890309984,0.603360454366149,-0.464548674655972,0.13473316352018333,-0.3049783695263035,1.0,0.0,0.0,0.0,0.0,0.0,0.0,1.0,0.0,0.0,0.0,0.0,0.0,1.0,0.0,0.0,0.0,0.0,0.0,1.0,0.0,0.0,0.0,0.0,1.0,0.0,0.0,0.0,0.0,1.0,0.0,0.0,0.0,0.0,0.0,1.0,1.0,0.0,0.0,0.0,0.0,1.0,0.0,0.0,0.0,1.0,0.0,1.0,0.0,0.0,0.0,1.0,0.0,1.0
-0.742595017696657,-0.8471917676931552,-1.727485659452309,-0.7472929962930807,0.2424489262702798,-0.7187454693270836,-0.4364357804719845,-0.7336186304652517,-0.8456999430044199,-0.3412351689076656,-0.464548674655972,-1.2207400320660817,-0.6884914239300278,0.0,0.0,0.0,1.0,0.0,1.0,0.0,0.0,0.0,0.0,0.0,0.0,0.0,1.0,0.0,0.0,0.0,0.0,0.0,0.0,0.0,1.0,0.0,0.0,0.0,0.0,0.0,0.0,1.0,1.0,0.0,0.0,0.0,0.0,0.0,1.0,0.0,1.0,0.0,0.0,0.0,1.0,0.0,0.0,1.0,0.0,0.0,0.0,1.0,0.0,1.0,0.0,0.0,1.0
-0.9966183988927769,-0.8434490788676301,0.9421637820708985,-0.7472929962930807,1.5107478399681458,1.045047093438766,-0.4364357804719845,-0.5030420858621628,-0.9196521240180476,1.5479560776399637,2.152626957208659,-1.2068030832853205,-1.1730821976485595,0.0,0.0,0.0,1.0,0.0,1.0,0.0,0.0,0.0,0.0,0.0,1.0,0.0,0.0,0.0,0.0,0.0,0.0,0.0,0.0,1.0,0.0,0.0,0.0,0.0,0.0,0.0,1.0,0.0,0.0,0.0,0.0,1.0,0.0,0.0,1.0,1.0,0.0,0.0,0.0,0.0,1.0,0.0,0.0,1.0,0.0,0.0,1.0,0.0,0.0,0.0,1.0,0.0,1.0
2.3056855566567815,1.711684582318404,0.9421637820708985,1.053413018870969,0.6048200444696701,-0.7187454693270836,-0.4364357804719845,-0.0069786297830895915,1.017671347961895,-1.2858307921814802,-0.464548674655972,1.5398350594251287,1.7622593178252401,0.0,1.0,0.0,0.0,0.0,0.0,0.0,1.0,0.0,0.0,0.0,0.0,0.0,1.0,0.0,0.0,0.0,0.0,0.0,0.0,0.0,1.0,0.0,0.0,0.0,0.0,0.0,1.0,0.0,0.0,0.0,0.0,1.0,0.0,0.0,1.0,0.0,0.0,1.0,0.0,1.0,0.0,0.0,1.0,0.0,0.0,1.0,0.0,0.0,0.0,1.0,0.0,0.0,1.0
0.7815452694800622,1.6076378329688041,0.9421637820708985,-1.6476460038751053,1.6013406195179933,-0.7187454693270836,-0.4364357804719845,0.7472296700699463,0.5112935668898737,0.603360454366149,-0.464548674655972,1.4924727891132061,0.9166346534898615,0.0,0.0,0.0,1.0,1.0,0.0,0.0,0.0,0.0,0.0,0.0,0.0,0.0,0.0,0.0,0.0,0.0,0.0,1.0,0.0,0.0,0.0,0.0,1.0,0.0,0.0,0.0,0.0,1.0,1.0,0.0,0.0,0.0,0.0,0.0,1.0,0.0,0.0,0.0,1.0,1.0,0.0,0.0,0.0,1.0,0.0,1.0,0.0,0.0,0.0,0.0,1.0,0.0,1.0
-0.742595017696657,-0.6196362871012249,-1.727485659452309,-1.6476460038751053,-1.1164427669774335,-0.7187454693270836,-0.4364357804719845,-0.2982438166502027,-0.3541823733982276,-0.3412351689076656,-0.464548674655972,-0.5656574438286559,-0.6884914239300278,1.0,0.0,0.0,0.0,0.0,0.0,0.0,1.0,0.0,0.0,0.0,0.0,0.0,0.0,0.0,1.0,0.0,0.0,0.0,0.0,0.0,1.0,0.0,0.0,0.0,0.0,1.0,0.0,0.0,0.0,0.0,1.0,0.0,0.0,0.0,1.0,0.0,0.0,0.0,1.0,0.0,1.0,0.0,0.0,0.0,1.0,0.0,1.0,0.0,0.0,1.0,0.0,0.0,1.0
2.3056855566567815,2.660081930706482,0.9421637820708985,1.053413018870969,0.3330417058201274,2.8088396562046154,2.29128784747792,0.4466564309619976,1.9372783882154265,-1.2858307921814802,-0.464548674655972,1.9067151629080932,1.7622593178252401,0.0,1.0,0.0,0.0,0.0,0.0,0.0,1.0,0.0,0.0,0.0,0.0,0.0,0.0,0.0,0.0,0.0,0.0,1.0,0.0,0.0,1.0,0.0,0.0,0.0,1.0,0.0,0.0,0.0,0.0,0.0,0.0,1.0,0.0,0.0,1.0,0.0,0.0,1.0,0.0,0.0,0.0,1.0,1.0,0.0,0.0,0.0,1.0,0.0,0.0,0.0,1.0,0.0,1.0
1.5436154130684216,0.6525036446947806,-0.8376025122779064,-0.7472929962930807,-0.9352572078777385,1.045047093438766,-0.4364357804719845,-0.30981058722997656,1.1626702529442348,-0.3412351689076656,-0.464548674655972,0.9509767389576828,1.3874245025311263,1.0,0.0,0.0,0.0,0.0,1.0,0.0,0.0,0.0,0.0,0.0,0.0,0.0,0.0,0.0,1.0,0.0,0.0,0.0,0.0,0.0,1.0,0.0,0.0,0.0,1.0,0.0,0.0,0.0,0.0,0.0,0.0,1.0,0.0,1.0,0.0,0.0,0.0,0.0,1.0,0.0,1.0,0.0,0.0,1.0,0.0,0.0,1.0,0.0,0.0,1.0,0.0,0.0,1.0
1.289592031872302,-0.2977650481060602,0.9421637820708985,1.053413018870969,-0.9352572078777385,-0.7187454693270836,-0.4364357804719845,-0.8252761685445485,-0.016677644742778965,0.603360454366149,-0.464548674655972,0.012166889484842264,1.2434283535975954,0.0,0.0,0.0,1.0,0.0,0.0,0.0,1.0,0.0,0.0,0.0,0.0,0.0,0.0,0.0,1.0,0.0,0.0,0.0,0.0,0.0,0.0,0.0,1.0,1.0,0.0,0.0,0.0,0.0,1.0,0.0,0.0,0.0,0.0,0.0,1.0,1.0,0.0,0.0,0.0,0.0,1.0,0.0,0.0,1.0,0.0,0.0,1.0,0.0,0.0,1.0,0.0,0.0,1.0
-0.742595017696657,-0.820992945914479,0.9421637820708985,1.053413018870969,-1.1164427669774335,1.045047093438766,-0.4364357804719845,-0.6834932407168086,-0.6258098315238311,0.603360454366149,2.152626957208659,-1.1261829305124686,-0.6884914239300278,0.0,0.0,0.0,1.0,0.0,1.0,0.0,0.0,0.0,0.0,0.0,0.0,0.0,0.0,0.0,0.0,1.0,0.0,0.0,0.0,0.0,0.0,0.0,1.0,0.0,1.0,0.0,0.0,0.0,1.0,0.0,0.0,0.0,0.0,0.0,1.0,0.0,0.0,0.0,1.0,0.0,1.0,0.0,0.0,1.0,0.0,0.0,1.0,0.0,0.0,1.0,0.0,0.0,1.0
-0.2345482553044173,0.3605739163038173,-0.8376025122779064,0.15306001128894414,0.6048200444696701,-0.7187454693270836,-0.4364357804719845,0.5858731322954273,0.019564059764741584,-1.2858307921814802,-0.464548674655972,0.7274623234167062,0.012431660139291227,0.0,1.0,0.0,0.0,0.0,0.0,0.0,1.0,0.0,0.0,0.0,0.0,1.0,0.0,0.0,0.0,0.0,0.0,0.0,0.0,0.0,1.0,0.0,0.0,1.0,0.0,0.0,0.0,0.0,0.0,0.0,0.0,1.0,1.0,0.0,0.0,1.0,0.0,0.0,0.0,0.0,1.0,0.0,0.0,1.0,0.0,0.0,1.0,0.0,0.0,1.0,0.0,0.0,1.0
0.2734985070878224,-0.7330397585146375,0.9421637820708985,1.053413018870969,1.9637117377173834,1.045047093438766,-0.4364357804719845,-0.955960354205581,-0.8778884800690893,1.5479560776399637,-0.464548674655972,-0.8512769889043901,0.5193206744088694,0.0,1.0,0.0,0.0,0.0,1.0,0.0,0.0,0.0,0.0,0.0,0.0,0.0,0.0,0.0,1.0,0.0,0.0,0.0,0.0,0.0,0.0,1.0,0.0,0.0,0.0,0.0,1.0,0.0,1.0,0.0,0.0,0.0,0.0,0.0,1.0,0.0,1.0,0.0,0.0,0.0,1.0,0.0,0.0,0.0,1.0,1.0,0.0,0.0,0.0,0.0,1.0,0.0,1.0
-1.16596731969019,-0.8771332782973565,0.052280634896496016,1.053413018870969,0.0612633671705847,-0.7187454693270836,-0.4364357804719845,-0.35819030908433414,-0.8557843373335167,0.603360454366149,-0.464548674655972,-1.3379704937480994,-1.585231719616147,0.0,0.0,0.0,1.0,0.0,0.0,1.0,0.0,0.0,0.0,0.0,0.0,0.0,0.0,0.0,1.0,0.0,0.0,0.0,0.0,0.0,0.0,0.0,1.0,0.0,0.0,0.0,1.0,0.0,0.0,0.0,0.0,1.0,0.0,0.0,1.0,0.0,0.0,1.0,0.0,0.0,1.0,0.0,1.0,0.0,0.0,0.0,1.0,0.0,0.0,1.0,0.0,0.0,1.0
0.2734985070878224,-0.5009930513320769,0.9421637820708985,-0.7472929962930807,-0.21051497147895798,1.045047093438766,-0.4364357804719845,-0.7339763928263782,-0.47732802434282257,-0.3412351689076656,-0.464548674655972,-0.3218053753935187,0.5193206744088694,0.0,0.0,0.0,1.0,0.0,1.0,0.0,0.0,0.0,0.0,0.0,0.0,0.0,0.0,0.0,1.0,0.0,0.0,0.0,0.0,0.0,1.0,0.0,0.0,0.0,1.0,0.0,0.0,0.0,0.0,0.0,1.0,0.0,0.0,1.0,0.0,1.0,0.0,0.0,0.0,0.0,1.0,0.0,0.0,1.0,0.0,0.0,1.0,0.0,0.0,0.0,1.0,0.0,1.0
-0.742595017696657,-0.7139520455044591,-0.8376025122779064,1.053413018870969,-1.3882211056269762,-0.7187454693270836,-0.4364357804719845,-0.478695219744598,-0.3843239818871971,-1.2858307921814802,-0.464548674655972,-0.7985902678004866,-0.6884914239300278,0.0,1.0,0.0,0.0,0.0,0.0,0.0,1.0,0.0,0.0,0.0,0.0,1.0,0.0,0.0,0.0,0.0,0.0,0.0,0.0,0.0,1.0,0.0,0.0,1.0,0.0,0.0,0.0,0.0,1.0,0.0,0.0,0.0,0.0,0.0,1.0,1.0,0.0,0.0,0.0,0.0,1.0,0.0,0.0,0.0,1.0,0.0,1.0,0.0,0.0,1.0,0.0,0.0,1.0
-0.2345482553044173,1.5660939870054749,0.9421637820708985,1.053413018870969,0.42363448536997494,1.045047093438766,-0.4364357804719845,2.1235295630383852,1.0120586970059617,-0.3412351689076656,-0.464548674655972,1.4730687354707743,0.012431660139291227,1.0,0.0,0.0,0.0,0.0,1.0,0.0,0.0,0.0,0.0,0.0,0.0,1.0,0.0,0.0,0.0,0.0,0.0,0.0,0.0,0.0,1.0,0.0,0.0,0.0,0.0,0.0,0.0,1.0,0.0,0.0,0.0,1.0,0.0,0.0,1.0,0.0,1.0,0.0,0.0,0.0,0.0,1.0,0.0,1.0,0.0,1.0,0.0,0.0,0.0,0.0,1.0,0.0,1.0
0.2734985070878224,1.4137665518066003,0.9421637820708985,1.053413018870969,0.0612633671705847,-0.7187454693270836,-0.4364357804719845,1.0977493271994299,1.1186340043250365,0.603360454366149,2.152626957208659,1.3993325846237246,0.5193206744088694,1.0,0.0,0.0,0.0,0.0,0.0,1.0,0.0,0.0,1.0,0.0,0.0,0.0,0.0,0.0,0.0,0.0,0.0,0.0,1.0,0.0,0.0,0.0,0.0,0.0,1.0,0.0,0.0,0.0,0.0,0.0,0.0,1.0,0.0,0.0,1.0,1.0,0.0,0.0,0.0,0.0,1.0,0.0,0.0,0.0,1.0,1.0,0.0,0.0,0.0,0.0,1.0,0.0,1.0
1.289592031872302,2.154818939260584,0.052280634896496016,-0.7472929962930807,-0.3917005305786531,-0.7187454693270836,2.29128784747792,0.7388755529114673,2.222793528295799,0.603360454366149,-0.464548674655972,1.7241926102680618,1.2434283535975954,0.0,0.0,0.0,1.0,0.0,0.0,1.0,0.0,0.0,0.0,0.0,0.0,0.0,0.0,0.0,0.0,0.0,0.0,1.0,0.0,0.0,0.0,0.0,1.0,0.0,1.0,0.0,0.0,0.0,0.0,0.0,0.0,1.0,0.0,0.0,1.0,1.0,0.0,0.0,0.0,0.0,0.0,1.0,0.0,1.0,0.0,1.0,0.0,0.0,0.0,0.0,1.0,0.0,1.0
0.2734985070878224,-0.610279565037412,0.9421637820708985,1.053413018870969,1.3295622808684506,-0.7187454693270836,-0.4364357804719845,-0.8385236778630349,-0.7666016293648282,-0.3412351689076656,2.152626957208659,-0.5446729621522376,0.5193206744088694,0.0,0.0,0.0,1.0,1.0,0.0,0.0,0.0,0.0,1.0,0.0,0.0,0.0,0.0,0.0,0.0,0.0,0.0,0.0,0.0,0.0,1.0,0.0,0.0,0.0,1.0,0.0,0.0,0.0,0.0,0.0,0.0,1.0,0.0,0.0,1.0,1.0,0.0,0.0,0.0,1.0,0.0,0.0,0.0,1.0,0.0,0.0,1.0,0.0,0.0,0.0,1.0,0.0,1.0
-0.48857163650053714,-1.0470513509761994,0.9421637820708985,1.053413018870969,-1.1164427669774335,-0.7187454693270836,-0.4364357804719845,-1.1721441456375559,-0.9307596172261814,0.603360454366149,2.152626957208659,-2.3353927944980564,-0.3049783695263035,0.0,0.0,1.0,0.0,0.0,0.0,0.0,1.0,0.0,0.0,0.0,1.0,0.0,0.0,0.0,0.0,0.0,0.0,0.0,0.0,0.0,1.0,0.0,0.0,0.0,0.0,1.0,0.0,0.0,1.0,0.0,0.0,0.0,0.0,0.0,1.0,0.0,1.0,0.0,0.0,0.0,1.0,0.0,0.0,0.0,1.0,0.0,1.0,0.0,0.0,0.0,1.0,0.0,1.0
-0.742595017696657,-0.7229344986857196,-0.8376025122779064,1.053413018870969,-1.207035546527281,1.045047093438766,-0.4364357804719845,-0.4958810676583499,-0.4646601309800207,-0.3412351689076656,-0.464548674655972,-0.82311803670748,-0.6884914239300278,0.0,0.0,0.0,1.0,0.0,1.0,0.0,0.0,0.0,0.0,0.0,0.0,1.0,0.0,0.0,0.0,0.0,0.0,0.0,0.0,0.0,1.0,0.0,0.0,0.0,0.0,1.0,0.0,0.0,1.0,0.0,0.0,0.0,0.0,0.0,1.0,0.0,1.0,0.0,0.0,0.0,1.0,0.0,0.0,0.0,1.0,0.0,0.0,0.0,1.0,1.0,0.0,0.0,1.0
2.3056855566567815,0.156971644195248,-1.727485659452309,-1.6476460038751053,-0.7540716487780433,-0.7187454693270836,-0.4364357804719845,-0.7506250553296926,0.42350699795566615,-0.3412351689076656,2.152626957208659,0.5451420175927243,1.7622593178252401,0.0,0.0,0.0,1.0,1.0,0.0,0.0,0.0,0.0,1.0,0.0,0.0,0.0,0.0,0.0,0.0,0.0,0.0,0.0,0.0,0.0,1.0,0.0,0.0,1.0,0.0,0.0,0.0,0.0,1.0,0.0,0.0,0.0,0.0,0.0,1.0,0.0,0.0,0.0,1.0,0.0,0.0,1.0,0.0,1.0,0.0,0.0,1.0,0.0,0.0,1.0,0.0,0.0,1.0
-0.2345482553044173,-0.3411802384821522,0.052280634896496016,0.15306001128894414,-0.6634788692281958,1.045047093438766,-0.4364357804719845,-0.30922336185019395,-0.18392828653130983,0.603360454366149,-0.464548674655972,-0.05231947845691146,0.012431660139291227,1.0,0.0,0.0,0.0,0.0,0.0,0.0,0.0,1.0,0.0,0.0,0.0,0.0,1.0,0.0,0.0,0.0,0.0,0.0,1.0,0.0,0.0,0.0,0.0,0.0,0.0,1.0,0.0,0.0,1.0,0.0,0.0,0.0,0.0,0.0,1.0,1.0,0.0,0.0,0.0,0.0,1.0,0.0,0.0,1.0,0.0,0.0,1.0,0.0,0.0,1.0,0.0,0.0,1.0
-0.742595017696657,-0.7105836255614865,0.9421637820708985,-0.7472929962930807,-0.029329412379262863,1.045047093438766,-0.4364357804719845,-0.472250526776941,-0.7003450345952383,-0.3412351689076656,-0.464548674655972,-0.789510463461926,-0.6884914239300278,0.0,0.0,0.0,1.0,0.0,1.0,0.0,0.0,0.0,0.0,0.0,0.0,0.0,0.0,0.0,1.0,0.0,0.0,0.0,0.0,0.0,1.0,0.0,0.0,1.0,0.0,0.0,0.0,0.0,1.0,0.0,0.0,0.0,0.0,0.0,1.0,0.0,1.0,0.0,0.0,0.0,1.0,0.0,0.0,1.0,0.0,0.0,1.0,0.0,0.0,1.0,0.0,0.0,1.0
-1.0812928592914834,-0.909320402196873,0.9421637820708985,-0.7472929962930807,0.7860056035693652,-0.7187454693270836,-0.4364357804719845,-0.580378493370445,-0.9280974612802627,-0.3412351689076656,-0.464548674655972,-1.4770414528867502,-1.3676846672556044,1.0,0.0,0.0,0.0,0.0,0.0,0.0,1.0,0.0,0.0,0.0,0.0,0.0,0.0,0.0,1.0,0.0,0.0,0.0,0.0,0.0,1.0,0.0,0.0,0.0,1.0,0.0,0.0,0.0,1.0,0.0,0.0,0.0,0.0,1.0,0.0,0.0,0.0,0.0,1.0,0.0,1.0,0.0,0.0,1.0,0.0,0.0,0.0,0.0,1.0,1.0,0.0,0.0,1.0
1.289592031872302,1.383825041202399,0.9421637820708985,0.15306001128894414,-0.5728860896783482,-0.7187454693270836,-0.4364357804719845,0.24716907554241602,1.6290534785942772,-1.2858307921814802,2.152626957208659,1.3843334437663746,1.2434283535975954,0.0,1.0,0.0,0.0,0.0,0.0,1.0,0.0,0.0,0.0,0.0,1.0,0.0,0.0,0.0,0.0,0.0,0.0,0.0,0.0,0.0,1.0,0.0,0.0,1.0,0.0,0.0,0.0,0.0,0.0,0.0,0.0,1.0,0.0,0.0,1.0,0.0,1.0,0.0,0.0,0.0,0.0,1.0,0.0,1.0,0.0,0.0,1.0,0.0,0.0,0.0,1.0,0.0,1.0
-1.2506417800888967,-0.6929929880815182,-1.727485659452309,1.053413018870969,2.4166756354666212,-0.7187454693270836,-0.4364357804719845,0.5195145163967864,-0.878072486268883,1.5479560776399637,-0.464548674655972,-0.7430982096005997,-1.8318662260302179,0.0,0.0,0.0,1.0,0.0,0.0,0.0,1.0,0.0,0.0,1.0,0.0,0.0,0.0,0.0,0.0,0.0,0.0,0.0,0.0,1.0,0.0,0.0,0.0,1.0,0.0,0.0,0.0,0.0,0.0,1.0,0.0,0.0,0.0,0.0,1.0,0.0,0.0,0.0,1.0,0.0,1.0,0.0,0.0,1.0,0.0,0.0,1.0,0.0,0.0,1.0,0.0,0.0,1.0
-0.2345482553044173,-0.862911060760361,0.9421637820708985,1.053413018870969,0.0612633671705847,-0.7187454693270836,2.29128784747792,-0.9746977686976583,-0.8435268798946953,-0.3412351689076656,-0.464548674655972,-1.2809652439433723,0.012431660139291227,1.0,0.0,0.0,0.0,0.0,1.0,0.0,0.0,0.0,0.0,0.0,0.0,0.0,1.0,0.0,0.0,0.0,0.0,0.0,0.0,0.0,1.0,0.0,0.0,0.0,0.0,0.0,1.0,0.0,0.0,0.0,0.0,1.0,0.0,0.0,1.0,1.0,0.0,0.0,0.0,1.0,0.0,0.0,0.0,1.0,0.0,0.0,1.0,0.0,0.0,0.0,1.0,0.0,1.0
-1.0812928592914834,0.07800090997666691,-1.727485659452309,1.053413018870969,0.3330417058201274,1.045047093438766,-0.4364357804719845,2.2531370007789335,-0.11691272135594621,-1.2858307921814802,-0.464548674655972,0.46691314220973323,-1.3676846672556044,0.0,1.0,0.0,0.0,0.0,1.0,0.0,0.0,0.0,0.0,0.0,0.0,0.0,1.0,0.0,0.0,0.0,0.0,0.0,0.0,0.0,1.0,0.0,0.0,0.0,1.0,0.0,0.0,0.0,0.0,0.0,0.0,1.0,0.0,0.0,1.0,0.0,0.0,0.0,1.0,0.0,1.0,0.0,0.0,1.0,0.0,0.0,0.0,0.0,1.0,1.0,0.0,1.0,0.0
-0.2345482553044173,0.008761166704451253,-1.727485659452309,0.15306001128894414,-0.9352572078777385,-0.7187454693270836,-0.4364357804719845,0.1371314232304226,0.3637421773153795,1.5479560776399637,-0.464548674655972,0.3942195744591126,0.012431660139291227,1.0,0.0,0.0,0.0,0.0,0.0,0.0,1.0,0.0,0.0,0.0,0.0,0.0,0.0,0.0,1.0,0.0,0.0,0.0,0.0,1.0,0.0,0.0,0.0,0.0,0.0,1.0,0.0,0.0,0.0,0.0,1.0,0.0,0.0,0.0,1.0,0.0,0.0,0.0,1.0,0.0,1.0,0.0,0.0,0.0,1.0,0.0,1.0,0.0,0.0,1.0,0.0,0.0,1.0
-0.2345482553044173,-0.19746098758198563,0.9421637820708985,0.15306001128894414,-0.30110775102880555,-0.7187454693270836,-0.4364357804719845,-0.1259075998491708,-0.16267353741026516,0.603360454366149,-0.464548674655972,0.14994249540832585,0.012431660139291227,0.0,0.0,0.0,1.0,0.0,0.0,0.0,1.0,0.0,0.0,0.0,0.0,0.0,1.0,0.0,0.0,0.0,0.0,0.0,0.0,0.0,0.0,0.0,1.0,0.0,1.0,0.0,0.0,0.0,0.0,0.0,0.0,1.0,0.0,0.0,1.0,0.0,1.0,0.0,0.0,0.0,1.0,0.0,0.0,1.0,0.0,0.0,1.0,0.0,0.0,1.0,0.0,1.0,0.0
0.2734985070878224,0.5697902216506743,0.9421637820708985,-0.7472929962930807,0.15185614672043227,1.045047093438766,-0.4364357804719845,0.2903721773444263,0.35017163928254336,0.603360454366149,2.152626957208659,0.8914536540201385,0.5193206744088694,1.0,0.0,0.0,0.0,0.0,0.0,1.0,0.0,0.0,1.0,0.0,0.0,0.0,0.0,0.0,0.0,0.0,0.0,0.0,0.0,0.0,0.0,0.0,1.0,1.0,0.0,0.0,0.0,0.0,0.0,0.0,0.0,1.0,0.0,0.0,1.0,0.0,1.0,0.0,0.0,1.0,0.0,0.0,0.0,1.0,0.0,1.0,0.0,0.0,0.0,0.0,1.0,0.0,1.0
-0.2345482553044173,-0.7068409367359614,0.9421637820708985,-0.7472929962930807,-0.30110775102880555,-0.7187454693270836,-0.4364357804719845,-0.7756283083996722,-0.6565603497618228,-0.3412351689076656,-0.464548674655972,-0.7794956785785548,0.012431660139291227,1.0,0.0,0.0,0.0,0.0,0.0,0.0,1.0,0.0,0.0,0.0,0.0,0.0,0.0,0.0,1.0,0.0,0.0,0.0,0.0,0.0,1.0,0.0,0.0,0.0,0.0,0.0,1.0,0.0,0.0,0.0,1.0,0.0,0.0,1.0,0.0,0.0,0.0,0.0,1.0,0.0,1.0,0.0,0.0,1.0,0.0,0.0,0.0,0.0,1.0,1.0,0.0,0.0,1.0
-1.2506417800888967,0.18204765932626665,-1.727485659452309,0.15306001128894414,0.15185614672043227,2.8088396562046154,2.29128784747792,3.8678877612840767,0.02502645004330759,-1.2858307921814802,-0.464548674655972,0.5690282535000628,-1.8318662260302179,0.0,1.0,0.0,0.0,0.0,1.0,0.0,0.0,0.0,0.0,0.0,0.0,0.0,1.0,0.0,0.0,0.0,0.0,0.0,0.0,0.0,1.0,0.0,0.0,1.0,0.0,0.0,0.0,0.0,0.0,0.0,0.0,1.0,0.0,0.0,1.0,0.0,0.0,0.0,1.0,0.0,1.0,0.0,0.0,0.0,1.0,0.0,1.0,0.0,0.0,1.0,0.0,0.0,1.0
0.7815452694800622,1.3295560532322839,-0.8376025122779064,0.15306001128894414,0.0612633671705847,1.045047093438766,-0.4364357804719845,0.5344114803289787,1.0460569537004367,0.603360454366149,-0.464548674655972,1.356698021062881,0.9166346534898615,0.0,0.0,0.0,1.0,0.0,1.0,0.0,0.0,0.0,0.0,0.0,0.0,0.0,0.0,0.0,1.0,0.0,0.0,0.0,0.0,0.0,0.0,0.0,1.0,0.0,1.0,0.0,0.0,0.0,0.0,0.0,0.0,1.0,0.0,0.0,1.0,0.0,1.0,0.0,0.0,0.0,1.0,0.0,0.0,1.0,0.0,0.0,1.0,0.0,0.0,1.0,0.0,0.0,1.0
0.2734985070878224,-0.1765019301590447,0.052280634896496016,1.053413018870969,-1.3882211056269762,-0.7187454693270836,-0.4364357804719845,-0.4235568855428803,0.44944099040715035,-0.3412351689076656,-0.464548674655972,0.17697395227607157,0.5193206744088694,1.0,0.0,0.0,0.0,0.0,0.0,0.0,1.0,0.0,0.0,0.0,0.0,0.0,1.0,0.0,0.0,0.0,0.0,0.0,0.0,0.0,1.0,0.0,0.0,1.0,0.0,0.0,0.0,0.0,1.0,0.0,0.0,0.0,0.0,0.0,1.0,0.0,1.0,0.0,0.0,0.0,1.0,0.0,0.0,0.0,1.0,0.0,0.0,0.0,1.0,0.0,1.0,0.0,1.0
3.321779081441261,4.664666065657763,-0.8376025122779064,1.053413018870969,-1.2976283260771286,1.045047093438766,-0.4364357804719845,0.8450462103123257,7.52693241342658,-0.3412351689076656,-0.464548674655972,2.450668989887478,2.166854575032126,0.0,0.0,0.0,1.0,0.0,0.0,1.0,0.0,0.0,0.0,0.0,0.0,0.0,0.0,0.0,1.0,0.0,0.0,0.0,0.0,0.0,1.0,0.0,0.0,0.0,1.0,0.0,0.0,0.0,0.0,0.0,0.0,1.0,0.0,0.0,1.0,1.0,0.0,0.0,0.0,0.0,1.0,0.0,0.0,1.0,0.0,0.0,1.0,0.0,0.0,0.0,1.0,0.0,1.0
0.2734985070878224,-0.2966422414584027,0.052280634896496016,-0.7472929962930807,-0.029329412379262863,1.045047093438766,-0.4364357804719845,-0.5384872913537255,-0.3333954695495599,1.5479560776399637,-0.464548674655972,0.013792899918042967,0.5193206744088694,0.0,0.0,0.0,1.0,0.0,0.0,0.0,1.0,0.0,0.0,0.0,0.0,0.0,0.0,0.0,1.0,0.0,0.0,0.0,0.0,1.0,0.0,0.0,0.0,0.0,0.0,0.0,1.0,0.0,0.0,0.0,0.0,1.0,0.0,0.0,1.0,1.0,0.0,0.0,0.0,1.0,0.0,0.0,0.0,1.0,0.0,0.0,1.0,0.0,0.0,0.0,1.0,0.0,1.0
0.2734985070878224,-0.42127377934839083,0.052280634896496016,-0.7472929962930807,-0.11992219192911042,-0.7187454693270836,-0.4364357804719845,-0.6577141609332006,-0.4237374357221159,-0.3412351689076656,-0.464548674655972,-0.18040059320504648,0.5193206744088694,1.0,0.0,0.0,0.0,0.0,0.0,1.0,0.0,0.0,0.0,0.0,0.0,1.0,0.0,0.0,0.0,0.0,0.0,0.0,0.0,0.0,1.0,0.0,0.0,0.0,0.0,0.0,0.0,1.0,1.0,0.0,0.0,0.0,0.0,0.0,1.0,0.0,1.0,0.0,0.0,0.0,1.0,0.0,0.0,1.0,0.0,1.0,0.0,0.0,0.0,0.0,1.0,0.0,1.0
-0.742595017696657,-0.7360339095750577,-1.727485659452309,-1.6476460038751053,0.9671911626690604,1.045047093438766,-0.4364357804719845,-0.5209437625325715,-0.8199375667293427,-0.3412351689076656,-0.464548674655972,-0.8597389808177,-0.6884914239300278,1.0,0.0,0.0,0.0,0.0,0.0,0.0,1.0,0.0,0.0,0.0,0.0,0.0,1.0,0.0,0.0,0.0,0.0,0.0,0.0,0.0,1.0,0.0,0.0,0.0,0.0,0.0,1.0,0.0,0.0,1.0,0.0,0.0,0.0,0.0,1.0,0.0,0.0,0.0,1.0,0.0,1.0,0.0,0.0,0.0,1.0,0.0,1.0,0.0,0.0,1.0,0.0,0.0,1.0
-0.48857163650053714,-0.7012269034976736,-0.8376025122779064,-0.7472929962930807,1.057783942218908,1.045047093438766,-0.4364357804719845,-0.6428199416733692,-0.8035288397455289,1.5479560776399637,-0.464548674655972,-0.7646168083872004,-0.3049783695263035,0.0,0.0,0.0,1.0,0.0,1.0,0.0,0.0,0.0,0.0,0.0,0.0,0.0,0.0,0.0,1.0,0.0,0.0,0.0,0.0,1.0,0.0,0.0,0.0,1.0,0.0,0.0,0.0,0.0,0.0,0.0,1.0,0.0,0.0,0.0,1.0,0.0,1.0,0.0,0.0,0.0,1.0,0.0,0.0,1.0,0.0,0.0,0.0,0.0,1.0,1.0,0.0,0.0,1.0
0.2734985070878224,-0.010700815188279632,0.9421637820708985,-0.7472929962930807,-0.3917005305786531,-0.7187454693270836,-0.4364357804719845,-0.2649457647509661,0.05540877423213389,-1.2858307921814802,2.152626957208659,0.3730323479396596,0.5193206744088694,0.0,1.0,0.0,0.0,1.0,0.0,0.0,0.0,0.0,1.0,0.0,0.0,0.0,0.0,0.0,0.0,0.0,0.0,0.0,0.0,0.0,1.0,0.0,0.0,1.0,0.0,0.0,0.0,0.0,0.0,0.0,0.0,1.0,0.0,0.0,1.0,0.0,1.0,0.0,0.0,0.0,1.0,0.0,0.0,0.0,1.0,0.0,1.0,0.0,0.0,0.0,1.0,0.0,1.0
-0.742595017696657,-0.4444784500666469,0.052280634896496016,1.053413018870969,-0.4822933101285007,-0.7187454693270836,2.29128784747792,0.03688021766796004,-0.35374472886456954,-0.3412351689076656,-0.464548674655972,-0.2199968216150405,-0.6884914239300278,1.0,0.0,0.0,0.0,0.0,0.0,0.0,1.0,0.0,0.0,0.0,0.0,0.0,1.0,0.0,0.0,0.0,0.0,0.0,0.0,0.0,1.0,0.0,0.0,0.0,1.0,0.0,0.0,0.0,0.0,0.0,0.0,1.0,0.0,0.0,1.0,0.0,1.0,0.0,0.0,0.0,1.0,0.0,0.0,0.0,1.0,0.0,1.0,0.0,0.0,0.0,1.0,0.0,1.0
0.2734985070878224,-0.67689942613176,0.9421637820708985,-0.7472929962930807,-0.029329412379262863,-0.7187454693270836,-0.4364357804719845,-0.9022545570977093,-0.6704847625752465,-0.3412351689076656,-0.464548674655972,-0.7020413699944817,0.5193206744088694,0.0,1.0,0.0,0.0,0.0,0.0,0.0,1.0,0.0,0.0,0.0,0.0,0.0,1.0,0.0,0.0,0.0,0.0,0.0,0.0,0.0,0.0,0.0,1.0,1.0,0.0,0.0,0.0,0.0,1.0,0.0,0.0,0.0,0.0,0.0,1.0,0.0,1.0,0.0,0.0,0.0,1.0,0.0,0.0,1.0,0.0,0.0,1.0,0.0,0.0,1.0,0.0,0.0,1.0
-1.2506417800888967,-0.9284081152070515,-0.8376025122779064,-0.7472929962930807,-0.7540716487780433,-0.7187454693270836,-0.4364357804719845,-0.3813095943962441,-0.8237429417365657,3.4371473241875927,-0.464548674655972,-1.567144826316103,-1.8318662260302179,0.0,0.0,1.0,0.0,0.0,0.0,0.0,1.0,0.0,0.0,0.0,0.0,0.0,1.0,0.0,0.0,0.0,0.0,0.0,0.0,0.0,0.0,1.0,0.0,0.0,0.0,1.0,0.0,0.0,0.0,0.0,1.0,0.0,0.0,0.0,1.0,0.0,0.0,0.0,1.0,0.0,1.0,0.0,0.0,1.0,0.0,0.0,0.0,1.0,0.0,1.0,0.0,1.0,0.0
0.7815452694800622,-0.37748432008974636,0.9421637820708985,1.053413018870969,0.0612633671705847,1.045047093438766,-0.4364357804719845,-0.7720000451199495,-0.42516050362755875,0.603360454366149,-0.464548674655972,-0.10881544142615925,0.9166346534898615,1.0,0.0,0.0,0.0,0.0,1.0,0.0,0.0,0.0,0.0,0.0,0.0,0.0,1.0,0.0,0.0,0.0,0.0,0.0,0.0,0.0,0.0,0.0,1.0,0.0,0.0,0.0,1.0,0.0,0.0,0.0,0.0,1.0,0.0,0.0,1.0,0.0,0.0,0.0,1.0,0.0,1.0,0.0,0.0,1.0,0.0,0.0,1.0,0.0,0.0,1.0,0.0,0.0,1.0
-0.2345482553044173,1.0780473641569925,0.052280634896496016,1.053413018870969,-0.21051497147895798,1.045047093438766,-0.4364357804719845,1.5010197879099103,1.0072904913071166,-0.3412351689076656,-0.464548674655972,1.2203362570356453,0.012431660139291227,0.0,0.0,0.0,1.0,0.0,1.0,0.0,0.0,0.0,0.0,0.0,0.0,0.0,0.0,0.0,1.0,0.0,0.0,0.0,0.0,0.0,1.0,0.0,0.0,0.0,0.0,0.0,1.0,0.0,0.0,0.0,0.0,1.0,0.0,0.0,1.0,1.0,0.0,0.0,0.0,0.0,1.0,0.0,0.0,1.0,0.0,0.0,1.0,0.0,0.0,0.0,1.0,0.0,1.0
0.2734985070878224,-0.6151450605105947,0.9421637820708985,1.053413018870969,-1.025849987427586,-0.7187454693270836,-0.4364357804719845,-0.8431781802790506,-0.38064668313713157,-1.2858307921814802,-0.464548674655972,-0.5555425750788121,0.5193206744088694,0.0,1.0,0.0,0.0,1.0,0.0,0.0,0.0,0.0,0.0,0.0,0.0,0.0,0.0,0.0,1.0,0.0,0.0,0.0,0.0,0.0,1.0,0.0,0.0,0.0,1.0,0.0,0.0,0.0,0.0,0.0,0.0,1.0,0.0,1.0,0.0,1.0,0.0,0.0,0.0,1.0,0.0,0.0,0.0,0.0,1.0,0.0,0.0,0.0,1.0,1.0,0.0,0.0,1.0
-0.48857163650053714,-0.8344666256863696,0.052280634896496016,-0.7472929962930807,-0.4822933101285007,1.045047093438766,-0.4364357804719845,-0.8467587042396576,-0.7570795691281931,2.4925517009137783,-0.464548674655972,-1.1739521564038107,-0.3049783695263035,0.0,0.0,0.0,1.0,0.0,0.0,1.0,0.0,0.0,0.0,0.0,0.0,1.0,0.0,0.0,0.0,0.0,0.0,0.0,0.0,0.0,0.0,1.0,0.0,0.0,1.0,0.0,0.0,0.0,1.0,0.0,0.0,0.0,0.0,0.0,1.0,0.0,1.0,0.0,0.0,0.0,1.0,0.0,0.0,1.0,0.0,0.0,1.0,0.0,0.0,1.0,0.0,0.0,1.0
0.7815452694800622,0.11467926046681358,0.9421637820708985,-0.7472929962930807,-0.11992219192911042,-0.7187454693270836,2.29128784747792,-0.3953433566820321,0.06534649273067977,2.4925517009137783,-0.464548674655972,0.5038336365304367,0.9166346534898615,1.0,0.0,0.0,0.0,1.0,0.0,0.0,0.0,0.0,0.0,0.0,0.0,1.0,0.0,0.0,0.0,0.0,0.0,0.0,0.0,0.0,0.0,1.0,0.0,1.0,0.0,0.0,0.0,0.0,0.0,0.0,0.0,1.0,0.0,0.0,1.0,1.0,0.0,0.0,0.0,0.0,0.0,1.0,0.0,1.0,0.0,0.0,1.0,0.0,0.0,0.0,1.0,0.0,1.0
-0.9119439384940703,-0.9014607556632702,0.9421637820708985,1.053413018870969,2.507268415016469,1.045047093438766,-0.4364357804719845,-0.7255986799566159,-0.9847180266388396,0.603360454366149,-0.464548674655972,-1.4416832949986522,-0.9970428507185473,0.0,0.0,1.0,0.0,0.0,1.0,0.0,0.0,0.0,0.0,0.0,0.0,0.0,1.0,0.0,0.0,0.0,0.0,0.0,0.0,0.0,1.0,0.0,0.0,0.0,0.0,0.0,1.0,0.0,0.0,0.0,0.0,1.0,0.0,0.0,1.0,0.0,0.0,1.0,0.0,0.0,1.0,0.0,1.0,0.0,0.0,0.0,1.0,0.0,0.0,0.0,1.0,0.0,1.0
-1.41999070088631,-0.6492035288228737,-0.8376025122779064,-1.6476460038751053,0.6048200444696701,2.8088396562046154,2.29128784747792,1.7289649507289944,-0.7263898082562888,-0.3412351689076656,-0.464548674655972,-0.634288573215827,-2.453335547738403,0.0,0.0,0.0,1.0,0.0,1.0,0.0,0.0,0.0,0.0,0.0,0.0,0.0,1.0,0.0,0.0,0.0,0.0,0.0,0.0,0.0,1.0,0.0,0.0,0.0,1.0,0.0,0.0,0.0,0.0,0.0,0.0,1.0,0.0,0.0,1.0,0.0,0.0,0.0,1.0,0.0,1.0,0.0,0.0,1.0,0.0,0.0,0.0,0.0,1.0,1.0,0.0,0.0,1.0
-0.742595017696657,-0.39544922645226716,0.9421637820708985,1.053413018870969,1.5107478399681458,-0.7187454693270836,-0.4364357804719845,0.1306863041971895,-0.6523452408708632,0.603360454366149,-0.464548674655972,-0.13770807655495296,-0.6884914239300278,0.0,0.0,0.0,1.0,0.0,0.0,0.0,1.0,0.0,0.0,0.0,0.0,0.0,1.0,0.0,0.0,0.0,0.0,0.0,0.0,0.0,0.0,0.0,1.0,0.0,0.0,0.0,1.0,0.0,1.0,0.0,0.0,0.0,0.0,0.0,1.0,0.0,0.0,1.0,0.0,0.0,1.0,0.0,1.0,0.0,0.0,1.0,0.0,0.0,0.0,0.0,1.0,0.0,1.0
2.3056855566567815,1.105368992583326,0.9421637820708985,1.053413018870969,2.054304517267231,1.045047093438766,-0.4364357804719845,-0.2969899945846054,0.10123179773170755,-1.2858307921814802,-0.464548674655972,1.2358617001648107,1.7622593178252401,0.0,1.0,0.0,0.0,0.0,1.0,0.0,0.0,0.0,0.0,0.0,0.0,0.0,0.0,0.0,0.0,0.0,0.0,1.0,0.0,0.0,1.0,0.0,0.0,0.0,0.0,0.0,1.0,0.0,1.0,0.0,0.0,0.0,0.0,0.0,1.0,0.0,0.0,1.0,0.0,0.0,0.0,1.0,1.0,0.0,0.0,0.0,0.0,0.0,1.0,1.0,0.0,0.0,1.0
-0.9966183988927769,-0.4755427673185058,0.9421637820708985,0.15306001128894414,-0.029329412379262863,-0.7187454693270836,-0.4364357804719845,0.4354959033896216,-0.4919866920557392,-0.3412351689076656,-0.464548674655972,-0.2749678729970901,-1.1730821976485595,1.0,0.0,0.0,0.0,0.0,1.0,0.0,0.0,0.0,0.0,0.0,0.0,1.0,0.0,0.0,0.0,0.0,0.0,0.0,0.0,0.0,1.0,0.0,0.0,0.0,1.0,0.0,0.0,0.0,0.0,0.0,0.0,1.0,0.0,0.0,1.0,1.0,0.0,0.0,0.0,0.0,1.0,0.0,0.0,0.0,1.0,0.0,1.0,0.0,0.0,0.0,1.0,0.0,1.0
-0.9119439384940703,1.5413922407570086,-0.8376025122779064,1.053413018870969,3.141417871865402,-0.7187454693270836,-0.4364357804719845,4.883001851930351,0.08365316951921364,-0.3412351689076656,-0.464548674655972,1.4613922557403085,-0.9970428507185473,1.0,0.0,0.0,0.0,0.0,0.0,0.0,1.0,0.0,0.0,0.0,0.0,0.0,1.0,0.0,0.0,0.0,0.0,0.0,0.0,0.0,1.0,0.0,0.0,0.0,0.0,0.0,0.0,1.0,0.0,0.0,0.0,1.0,0.0,0.0,1.0,0.0,0.0,1.0,0.0,1.0,0.0,0.0,1.0,0.0,0.0,1.0,0.0,0.0,0.0,0.0,1.0,0.0,1.0
1.289592031872302,0.4732288499521249,0.9421637820708985,1.053413018870969,-0.11992219192911042,1.045047093438766,-0.4364357804719845,-0.33356969117549734,0.3925409085531505,-0.3412351689076656,-0.464548674655972,0.8183280896920713,1.2434283535975954,0.0,0.0,0.0,1.0,0.0,0.0,1.0,0.0,0.0,0.0,0.0,0.0,0.0,0.0,0.0,1.0,0.0,0.0,0.0,0.0,0.0,1.0,0.0,0.0,1.0,0.0,0.0,0.0,0.0,1.0,0.0,0.0,0.0,0.0,0.0,1.0,0.0,0.0,0.0,1.0,0.0,1.0,0.0,0.0,1.0,0.0,0.0,1.0,0.0,0.0,1.0,0.0,0.0,1.0
1.289592031872302,1.4066554430381024,-0.8376025122779064,-0.7472929962930807,-0.029329412379262863,-0.7187454693270836,-0.4364357804719845,0.26172931589169385,1.176538952261365,-0.3412351689076656,-0.464548674655972,1.3957859398779349,1.2434283535975954,1.0,0.0,0.0,0.0,0.0,0.0,0.0,1.0,0.0,0.0,0.0,0.0,0.0,0.0,0.0,0.0,0.0,0.0,1.0,0.0,0.0,1.0,0.0,0.0,1.0,0.0,0.0,0.0,0.0,0.0,0.0,0.0,1.0,0.0,0.0,1.0,1.0,0.0,0.0,0.0,0.0,1.0,0.0,0.0,0.0,1.0,1.0,0.0,0.0,0.0,0.0,1.0,0.0,1.0
-0.742595017696657,-0.27867733509588183,-0.8376025122779064,1.053413018870969,-0.8446644283278909,-0.7187454693270836,-0.4364357804719845,0.35410232707596456,-0.036668694951394895,0.603360454366149,-0.464548674655972,0.039535995171132134,-0.6884914239300278,0.0,0.0,0.0,1.0,0.0,0.0,0.0,1.0,0.0,0.0,0.0,0.0,0.0,0.0,0.0,0.0,0.0,0.0,1.0,0.0,0.0,0.0,0.0,1.0,0.0,0.0,1.0,0.0,0.0,0.0,0.0,1.0,0.0,0.0,0.0,1.0,1.0,0.0,0.0,0.0,0.0,1.0,0.0,0.0,0.0,1.0,0.0,1.0,0.0,0.0,0.0,1.0,0.0,1.0
1.289592031872302,1.824713784849264,0.052280634896496016,-0.7472929962930807,-0.9352572078777385,1.045047093438766,-0.4364357804719845,0.528348799008796,2.6174625394963136,-1.2858307921814802,2.152626957208659,1.5894015499263794,1.2434283535975954,0.0,1.0,0.0,0.0,0.0,1.0,0.0,0.0,0.0,0.0,0.0,1.0,0.0,0.0,0.0,0.0,0.0,0.0,0.0,0.0,0.0,1.0,0.0,0.0,1.0,0.0,0.0,0.0,0.0,1.0,0.0,0.0,0.0,0.0,0.0,1.0,0.0,0.0,1.0,0.0,0.0,1.0,0.0,0.0,1.0,0.0,1.0,0.0,0.0,0.0,0.0,1.0,0.0,1.0
1.7976387942645415,0.29021136638394407,0.9421637820708985,0.15306001128894414,-0.11992219192911042,-0.7187454693270836,-0.4364357804719845,-0.5854925060581833,0.22552831008009394,-1.2858307921814802,-0.464548674655972,0.6673049474368682,1.5210018607961258,0.0,1.0,0.0,0.0,0.0,0.0,0.0,1.0,0.0,0.0,0.0,0.0,0.0,0.0,0.0,1.0,0.0,0.0,0.0,0.0,0.0,1.0,0.0,0.0,0.0,0.0,1.0,0.0,0.0,0.0,0.0,0.0,1.0,0.0,0.0,1.0,1.0,0.0,0.0,0.0,0.0,1.0,0.0,0.0,1.0,0.0,0.0,1.0,0.0,0.0,1.0,0.0,0.0,1.0
0.2734985070878224,-0.18922707216583026,0.9421637820708985,-0.7472929962930807,-0.029329412379262863,1.045047093438766,-0.4364357804719845,-0.43573019955399783,-0.2381743798858079,-0.3412351689076656,-0.464548674655972,0.16062918457005002,0.5193206744088694,0.0,0.0,0.0,1.0,0.0,1.0,0.0,0.0,0.0,0.0,0.0,0.0,0.0,0.0,0.0,1.0,0.0,0.0,0.0,0.0,0.0,1.0,0.0,0.0,1.0,0.0,0.0,0.0,0.0,0.0,0.0,0.0,1.0,0.0,0.0,1.0,0.0,0.0,0.0,1.0,0.0,1.0,0.0,0.0,1.0,0.0,0.0,0.0,0.0,1.0,1.0,0.0,0.0,1.0
-0.2345482553044173,-0.2681978063844114,0.9421637820708985,-1.6476460038751053,-0.9352572078777385,-0.7187454693270836,-0.4364357804719845,-0.21613332645904929,0.020017307568081222,-1.2858307921814802,-0.464548674655972,0.054320509507662484,0.012431660139291227,0.0,1.0,0.0,0.0,0.0,0.0,0.0,1.0,0.0,0.0,0.0,0.0,1.0,0.0,0.0,0.0,0.0,0.0,0.0,0.0,0.0,1.0,0.0,0.0,0.0,0.0,0.0,0.0,1.0,0.0,0.0,0.0,1.0,0.0,0.0,1.0,1.0,0.0,0.0,0.0,0.0,1.0,0.0,0.0,1.0,0.0,0.0,0.0,1.0,0.0,1.0,0.0,0.0,1.0
0.2734985070878224,-0.07919202069539025,0.9421637820708985,1.053413018870969,-0.30110775102880555,1.045047093438766,2.29128784747792,-0.33046683722256953,-0.048001801405054,0.603360454366149,2.152626957208659,0.29559507652773226,0.5193206744088694,0.0,0.0,0.0,1.0,0.0,0.0,1.0,0.0,0.0,1.0,0.0,0.0,0.0,0.0,0.0,0.0,0.0,0.0,0.0,0.0,0.0,0.0,0.0,1.0,1.0,0.0,0.0,0.0,0.0,0.0,0.0,0.0,1.0,0.0,0.0,1.0,0.0,0.0,0.0,1.0,0.0,1.0,0.0,0.0,1.0,0.0,0.0,1.0,0.0,0.0,0.0,1.0,0.0,1.0
-0.742595017696657,-0.9546069369857276,0.9421637820708985,-0.7472929962930807,-0.4822933101285007,-0.7187454693270836,-0.4364357804719845,-0.9391327284338685,-0.8813314728946261,-0.3412351689076656,2.152626957208659,-1.701967640495986,-0.6884914239300278,1.0,0.0,0.0,0.0,0.0,0.0,0.0,1.0,0.0,0.0,0.0,0.0,0.0,0.0,0.0,0.0,1.0,0.0,0.0,0.0,0.0,1.0,0.0,0.0,1.0,0.0,0.0,0.0,0.0,0.0,0.0,0.0,1.0,0.0,0.0,1.0,1.0,0.0,0.0,0.0,0.0,1.0,0.0,0.0,1.0,0.0,0.0,1.0,0.0,0.0,1.0,0.0,0.0,1.0
0.2734985070878224,-0.43063050141220377,-1.727485659452309,-1.6476460038751053,-1.207035546527281,-0.7187454693270836,-0.4364357804719845,-0.6666651271178458,-0.05242255630255278,-0.3412351689076656,-0.464548674655972,-0.1962218748600752,0.5193206744088694,1.0,0.0,0.0,0.0,0.0,0.0,0.0,1.0,0.0,0.0,0.0,0.0,0.0,0.0,0.0,1.0,0.0,0.0,0.0,0.0,0.0,1.0,0.0,0.0,0.0,0.0,1.0,0.0,0.0,0.0,0.0,1.0,0.0,0.0,0.0,1.0,0.0,1.0,0.0,0.0,0.0,1.0,0.0,0.0,1.0,0.0,0.0,1.0,0.0,0.0,0.0,1.0,0.0,1.0
0.2734985070878224,-0.6907473747862031,0.9421637820708985,-0.7472929962930807,0.15185614672043227,1.045047093438766,2.29128784747792,-0.9155019870509843,-0.7068640724527325,1.5479560776399637,-0.464548674655972,-0.7372908474763166,0.5193206744088694,0.0,0.0,1.0,0.0,0.0,1.0,0.0,0.0,0.0,0.0,0.0,0.0,0.0,1.0,0.0,0.0,0.0,0.0,0.0,0.0,0.0,0.0,0.0,1.0,0.0,1.0,0.0,0.0,0.0,0.0,0.0,0.0,1.0,0.0,0.0,1.0,0.0,0.0,0.0,1.0,1.0,0.0,0.0,0.0,1.0,0.0,0.0,0.0,0.0,1.0,1.0,0.0,0.0,1.0
-1.2506417800888967,-1.0260922935532584,0.9421637820708985,1.053413018870969,-1.1164427669774335,-0.7187454693270836,-0.4364357804719845,-0.7551014750273745,-0.9024861271610627,-1.2858307921814802,2.152626957208659,-2.1623605831717225,-1.8318662260302179,0.0,1.0,0.0,0.0,0.0,0.0,0.0,1.0,0.0,0.0,0.0,1.0,0.0,0.0,0.0,0.0,0.0,0.0,0.0,0.0,0.0,1.0,0.0,0.0,0.0,0.0,1.0,0.0,0.0,1.0,0.0,0.0,0.0,0.0,0.0,1.0,0.0,1.0,0.0,0.0,0.0,1.0,0.0,0.0,1.0,0.0,0.0,1.0,0.0,0.0,1.0,0.0,0.0,1.0
1.289592031872302,-0.12260721107148223,0.9421637820708985,0.15306001128894414,-0.4822933101285007,-0.7187454693270836,-0.4364357804719845,-0.7135680950451719,-0.020858008493440574,0.603360454366149,-0.464548674655972,0.24400538060219462,1.2434283535975954,1.0,0.0,0.0,0.0,0.0,0.0,1.0,0.0,0.0,0.0,0.0,0.0,0.0,1.0,0.0,0.0,0.0,0.0,0.0,1.0,0.0,0.0,0.0,0.0,0.0,0.0,0.0,1.0,0.0,0.0,0.0,0.0,1.0,0.0,0.0,1.0,0.0,0.0,1.0,0.0,0.0,1.0,0.0,1.0,0.0,0.0,0.0,1.0,0.0,0.0,1.0,0.0,0.0,1.0
1.289592031872302,2.2760820572075997,-0.8376025122779064,-1.6476460038751053,-1.025849987427586,-0.7187454693270836,-0.4364357804719845,0.8162119114879589,3.3570709049024523,-1.2858307921814802,-0.464548674655972,1.7703936625520658,1.2434283535975954,0.0,1.0,0.0,0.0,0.0,0.0,0.0,1.0,0.0,0.0,0.0,0.0,0.0,1.0,0.0,0.0,0.0,0.0,0.0,0.0,0.0,1.0,0.0,0.0,0.0,1.0,0.0,0.0,0.0,0.0,0.0,0.0,1.0,0.0,0.0,1.0,1.0,0.0,0.0,0.0,0.0,1.0,0.0,0.0,1.0,0.0,0.0,1.0,0.0,0.0,0.0,1.0,0.0,1.0
0.7815452694800622,3.2967132999283137,-1.727485659452309,-1.6476460038751053,-0.11992219192911042,-0.7187454693270836,-0.4364357804719845,2.039892510313536,2.9691115483910635,-1.2858307921814802,2.152626957208659,2.105284403499318,0.9166346534898615,0.0,1.0,0.0,0.0,0.0,0.0,0.0,1.0,0.0,0.0,0.0,0.0,0.0,0.0,0.0,0.0,1.0,0.0,0.0,0.0,0.0,1.0,0.0,0.0,0.0,0.0,1.0,0.0,0.0,0.0,1.0,0.0,0.0,0.0,0.0,1.0,0.0,0.0,1.0,0.0,0.0,1.0,0.0,0.0,1.0,0.0,0.0,0.0,0.0,1.0,0.0,1.0,0.0,1.0
-0.2345482553044173,-0.47217434737553315,-0.8376025122779064,-0.7472929962930807,-0.3917005305786531,1.045047093438766,-0.4364357804719845,-0.4763080407573765,-0.40646219046895465,-0.3412351689076656,-0.464548674655972,-0.2688934527381326,0.012431660139291227,1.0,0.0,0.0,0.0,0.0,1.0,0.0,0.0,0.0,0.0,0.0,0.0,1.0,0.0,0.0,0.0,0.0,0.0,0.0,0.0,0.0,1.0,0.0,0.0,0.0,0.0,1.0,0.0,0.0,0.0,0.0,0.0,1.0,0.0,0.0,1.0,0.0,0.0,0.0,1.0,0.0,1.0,0.0,0.0,1.0,0.0,0.0,0.0,0.0,1.0,1.0,0.0,0.0,1.0
0.2734985070878224,-0.7229344986857196,0.052280634896496016,0.15306001128894414,1.9637117377173834,-0.7187454693270836,-0.4364357804719845,-0.946293310726164,-0.8723879030377741,2.4925517009137783,-0.464548674655972,-0.82311803670748,0.5193206744088694,0.0,0.0,1.0,0.0,0.0,0.0,0.0,1.0,0.0,0.0,0.0,0.0,0.0,0.0,0.0,1.0,0.0,0.0,0.0,0.0,1.0,0.0,0.0,0.0,1.0,0.0,0.0,0.0,0.0,1.0,0.0,0.0,0.0,0.0,0.0,1.0,1.0,0.0,0.0,0.0,0.0,1.0,0.0,0.0,1.0,0.0,0.0,0.0,0.0,1.0,1.0,0.0,0.0,1.0
-0.9966183988927769,-1.0904665413522914,0.9421637820708985,1.053413018870969,-1.207035546527281,-0.7187454693270836,-0.4364357804719845,-1.1331896676588846,-0.9829921390892059,-0.3412351689076656,-0.464548674655972,-2.7897416659149195,-1.1730821976485595,1.0,0.0,0.0,0.0,0.0,0.0,0.0,1.0,0.0,0.0,0.0,0.0,0.0,1.0,0.0,0.0,0.0,0.0,0.0,0.0,0.0,1.0,0.0,0.0,1.0,0.0,0.0,0.0,0.0,0.0,0.0,1.0,0.0,0.0,0.0,1.0,0.0,0.0,0.0,1.0,0.0,1.0,0.0,0.0,0.0,1.0,0.0,0.0,0.0,1.0,1.0,0.0,0.0,1.0
-0.9119439384940703,-0.7038467856755412,0.9421637820708985,1.053413018870969,-0.7540716487780433,-0.7187454693270836,-0.4364357804719845,-0.27189237065121996,-0.565691230076104,0.603360454366149,-0.464548674655972,-0.7715390768858261,-0.9970428507185473,0.0,0.0,0.0,1.0,0.0,0.0,0.0,1.0,0.0,0.0,0.0,0.0,0.0,1.0,0.0,0.0,0.0,0.0,0.0,0.0,0.0,0.0,0.0,1.0,1.0,0.0,0.0,0.0,0.0,0.0,0.0,0.0,1.0,0.0,1.0,0.0,0.0,1.0,0.0,0.0,0.0,1.0,0.0,0.0,1.0,0.0,0.0,0.0,0.0,1.0,1.0,0.0,0.0,1.0
-0.2345482553044173,1.223263690587369,-0.8376025122779064,1.053413018870969,0.3330417058201274,1.045047093438766,2.29128784747792,1.6862450890984444,0.7942084259535768,-0.3412351689076656,-0.464548674655972,1.3008053245905613,0.012431660139291227,0.0,0.0,0.0,1.0,1.0,0.0,0.0,0.0,0.0,0.0,0.0,0.0,0.0,1.0,0.0,0.0,0.0,0.0,0.0,0.0,0.0,1.0,0.0,0.0,0.0,0.0,0.0,1.0,0.0,0.0,0.0,0.0,1.0,0.0,0.0,1.0,0.0,0.0,1.0,0.0,1.0,0.0,0.0,0.0,1.0,0.0,1.0,0.0,0.0,0.0,0.0,1.0,0.0,1.0
1.289592031872302,2.386491377560592,-0.8376025122779064,-0.7472929962930807,-0.3917005305786531,1.045047093438766,-0.4364357804719845,0.886626188586925,2.454665488676962,-0.3412351689076656,-0.464548674655972,1.8110763014673035,1.2434283535975954,0.0,0.0,0.0,1.0,0.0,1.0,0.0,0.0,0.0,0.0,0.0,0.0,0.0,0.0,0.0,1.0,0.0,0.0,0.0,0.0,0.0,1.0,0.0,0.0,1.0,0.0,0.0,0.0,0.0,1.0,0.0,0.0,0.0,0.0,0.0,1.0,1.0,0.0,0.0,0.0,0.0,0.0,1.0,0.0,1.0,0.0,0.0,1.0,0.0,0.0,1.0,0.0,0.0,1.0
-1.2506417800888967,-1.0126186137813677,0.052280634896496016,0.15306001128894414,-0.6634788692281958,-0.7187454693270836,-0.4364357804719845,-0.7035439742506668,-0.9279466778852863,-0.3412351689076656,-0.464548674655972,-2.0621807565277486,-1.8318662260302179,1.0,0.0,0.0,0.0,0.0,0.0,0.0,1.0,0.0,0.0,0.0,0.0,0.0,0.0,0.0,1.0,0.0,0.0,0.0,0.0,0.0,1.0,0.0,0.0,0.0,1.0,0.0,0.0,0.0,0.0,0.0,1.0,0.0,0.0,1.0,0.0,0.0,0.0,0.0,1.0,1.0,0.0,0.0,0.0,1.0,0.0,0.0,0.0,0.0,1.0,1.0,0.0,0.0,1.0
-0.742595017696657,-0.6664198974202895,0.9421637820708985,0.15306001128894414,1.691933399067841,-0.7187454693270836,-0.4364357804719845,-0.387753441200994,-0.8256782734637114,-1.2858307921814802,-0.464548674655972,-0.6759878370708325,-0.6884914239300278,0.0,1.0,0.0,0.0,0.0,1.0,0.0,0.0,0.0,0.0,0.0,0.0,0.0,0.0,0.0,0.0,0.0,0.0,1.0,0.0,0.0,1.0,0.0,0.0,0.0,0.0,0.0,1.0,0.0,0.0,0.0,0.0,1.0,0.0,0.0,1.0,0.0,0.0,0.0,1.0,0.0,1.0,0.0,0.0,1.0,0.0,0.0,1.0,0.0,0.0,1.0,0.0,0.0,1.0
-0.742595017696657,-0.6956128702593858,-0.8376025122779064,-1.6476460038751053,-1.207035546527281,-0.7187454693270836,-0.4364357804719845,-0.4436074469206878,-0.4261283218232279,-0.3412351689076656,-0.464548674655972,-0.7499064454446931,-0.6884914239300278,1.0,0.0,0.0,0.0,0.0,0.0,0.0,1.0,0.0,0.0,0.0,0.0,0.0,0.0,0.0,1.0,0.0,0.0,0.0,0.0,0.0,1.0,0.0,0.0,0.0,0.0,1.0,0.0,0.0,0.0,0.0,0.0,1.0,0.0,0.0,1.0,1.0,0.0,0.0,0.0,0.0,0.0,1.0,0.0,1.0,0.0,0.0,1.0,0.0,0.0,1.0,0.0,0.0,1.0
-0.2345482553044173,0.36506514289444747,-0.8376025122779064,-0.7472929962930807,0.0612633671705847,1.045047093438766,2.29128784747792,0.5916017498579593,0.21480780054668883,-0.3412351689076656,2.152626957208659,0.7312091851439751,0.012431660139291227,0.0,0.0,0.0,1.0,0.0,0.0,0.0,0.0,1.0,1.0,0.0,0.0,0.0,0.0,0.0,0.0,0.0,0.0,0.0,0.0,0.0,1.0,0.0,0.0,1.0,0.0,0.0,0.0,0.0,0.0,0.0,0.0,1.0,0.0,0.0,1.0,1.0,0.0,0.0,0.0,0.0,0.0,1.0,0.0,1.0,0.0,0.0,1.0,0.0,0.0,1.0,0.0,0.0,1.0
-0.8272694780953637,0.26775523343079305,-0.8376025122779064,-0.7472929962930807,0.0612633671705847,1.045047093438766,2.29128784747792,1.6537818444560888,0.13094098649159597,-1.2858307921814802,-0.464548674655972,0.6475040889203412,-0.836331518390954,0.0,1.0,0.0,0.0,0.0,1.0,0.0,0.0,0.0,0.0,0.0,0.0,0.0,1.0,0.0,0.0,0.0,0.0,0.0,0.0,0.0,1.0,0.0,0.0,1.0,0.0,0.0,0.0,0.0,0.0,0.0,0.0,1.0,0.0,0.0,1.0,0.0,0.0,0.0,1.0,0.0,1.0,0.0,0.0,0.0,1.0,0.0,1.0,0.0,0.0,1.0,0.0,0.0,1.0
2.3056855566567815,0.2711236533737657,0.9421637820708985,-0.7472929962930807,0.2424489262702798,-0.7187454693270836,-0.4364357804719845,-0.6960241502281725,0.0673957640977867,0.603360454366149,2.152626957208659,0.6504935290540896,1.7622593178252401,0.0,0.0,0.0,1.0,0.0,0.0,0.0,1.0,0.0,1.0,0.0,0.0,0.0,0.0,0.0,0.0,0.0,0.0,0.0,0.0,0.0,0.0,0.0,1.0,1.0,0.0,0.0,0.0,0.0,0.0,1.0,0.0,0.0,0.0,0.0,1.0,0.0,0.0,0.0,1.0,1.0,0.0,0.0,0.0,1.0,0.0,0.0,1.0,0.0,0.0,1.0,0.0,0.0,1.0
0.7815452694800622,-0.030537065963563037,-0.8376025122779064,1.053413018870969,-0.3917005305786531,-0.7187454693270836,-0.4364357804719845,-0.506478562091851,0.0355554399830198,-1.2858307921814802,-0.464548674655972,0.3510760631594736,0.9166346534898615,0.0,1.0,0.0,0.0,0.0,0.0,0.0,1.0,0.0,0.0,0.0,0.0,1.0,0.0,0.0,0.0,0.0,0.0,0.0,0.0,0.0,1.0,0.0,0.0,0.0,0.0,1.0,0.0,0.0,0.0,1.0,0.0,0.0,0.0,0.0,1.0,0.0,1.0,0.0,0.0,0.0,1.0,0.0,0.0,1.0,0.0,0.0,0.0,0.0,1.0,1.0,0.0,0.0,1.0
0.2734985070878224,-0.7128292388568016,0.9421637820708985,1.053413018870969,-0.30110775102880555,-0.7187454693270836,-0.4364357804719845,-0.9366262672467471,-0.662366513610188,-0.3412351689076656,-0.464548674655972,-0.7955566085824233,0.5193206744088694,0.0,1.0,0.0,0.0,0.0,0.0,0.0,1.0,0.0,0.0,0.0,0.0,0.0,1.0,0.0,0.0,0.0,0.0,0.0,0.0,0.0,0.0,0.0,1.0,0.0,1.0,0.0,0.0,0.0,1.0,0.0,0.0,0.0,0.0,0.0,1.0,0.0,0.0,1.0,0.0,0.0,1.0,0.0,0.0,0.0,1.0,0.0,1.0,0.0,0.0,1.0,0.0,0.0,1.0
-0.2345482553044173,-0.9130630910223982,0.9421637820708985,-1.6476460038751053,-0.7540716487780433,-0.7187454693270836,-0.4364357804719845,-1.0386673314792656,-0.8061094081064342,-1.2858307921814802,2.152626957208659,-1.4942230680210884,0.012431660139291227,0.0,1.0,0.0,0.0,0.0,0.0,0.0,1.0,0.0,0.0,0.0,1.0,0.0,0.0,0.0,0.0,0.0,0.0,0.0,0.0,0.0,1.0,0.0,0.0,0.0,0.0,0.0,0.0,1.0,1.0,0.0,0.0,0.0,0.0,0.0,1.0,0.0,0.0,0.0,1.0,0.0,1.0,0.0,0.0,1.0,0.0,0.0,0.0,1.0,0.0,1.0,0.0,0.0,1.0
0.2734985070878224,-0.11886452224595706,0.052280634896496016,1.053413018870969,0.0612633671705847,-0.7187454693270836,2.29128784747792,-0.36841893384546537,-0.2022683170426772,0.603360454366149,-0.464548674655972,0.24853436414723995,0.5193206744088694,0.0,0.0,0.0,1.0,0.0,1.0,0.0,0.0,0.0,0.0,0.0,0.0,0.0,0.0,0.0,1.0,0.0,0.0,0.0,1.0,0.0,0.0,0.0,0.0,0.0,0.0,0.0,1.0,0.0,0.0,0.0,0.0,1.0,0.0,0.0,1.0,0.0,0.0,0.0,1.0,0.0,1.0,0.0,0.0,1.0,0.0,0.0,1.0,0.0,0.0,0.0,1.0,0.0,1.0
-0.2345482553044173,-0.028291452668247934,-1.727485659452309,1.053413018870969,-0.8446644283278909,-0.7187454693270836,-0.4364357804719845,0.08987032833953382,0.26212540769759574,-1.2858307921814802,-0.464548674655972,0.35358039137373615,0.012431660139291227,0.0,1.0,0.0,0.0,0.0,0.0,0.0,0.0,1.0,0.0,0.0,0.0,1.0,0.0,0.0,0.0,0.0,0.0,0.0,0.0,0.0,1.0,0.0,0.0,0.0,0.0,1.0,0.0,0.0,1.0,0.0,0.0,0.0,0.0,0.0,1.0,0.0,1.0,0.0,0.0,0.0,1.0,0.0,0.0,0.0,1.0,0.0,1.0,0.0,0.0,1.0,0.0,0.0,1.0
0.2734985070878224,-0.08443178505112549,0.9421637820708985,1.053413018870969,1.238969501318603,-0.7187454693270836,2.29128784747792,-0.33547937828597085,-0.4262466390135857,-0.3412351689076656,-0.464548674655972,0.28947637197404597,0.5193206744088694,0.0,1.0,0.0,0.0,0.0,0.0,0.0,1.0,0.0,0.0,0.0,0.0,0.0,0.0,0.0,0.0,0.0,0.0,1.0,0.0,0.0,0.0,0.0,1.0,0.0,0.0,0.0,1.0,0.0,0.0,0.0,0.0,1.0,0.0,0.0,1.0,0.0,0.0,1.0,0.0,1.0,0.0,0.0,1.0,0.0,0.0,0.0,1.0,0.0,0.0,0.0,1.0,0.0,1.0
-1.2506417800888967,-0.9007122178981651,-1.727485659452309,-0.7472929962930807,-0.8446644283278909,-0.7187454693270836,2.29128784747792,-0.27533028724412295,-0.7789643580345379,0.603360454366149,-0.464548674655972,-1.438365512441879,-1.8318662260302179,0.0,0.0,0.0,1.0,1.0,0.0,0.0,0.0,0.0,0.0,0.0,0.0,0.0,1.0,0.0,0.0,0.0,0.0,0.0,0.0,0.0,0.0,0.0,1.0,1.0,0.0,0.0,0.0,0.0,0.0,0.0,0.0,1.0,0.0,1.0,0.0,0.0,0.0,0.0,1.0,0.0,0.0,1.0,0.0,1.0,0.0,0.0,0.0,0.0,1.0,1.0,0.0,0.0,1.0
-0.9966183988927769,-0.6615544019471068,0.052280634896496016,-0.7472929962930807,-0.7540716487780433,-0.7187454693270836,-0.4364357804719845,-0.0390243210845768,-0.517091491046717,-1.2858307921814802,-0.464548674655972,-0.6640669308481824,-1.1730821976485595,0.0,1.0,0.0,0.0,0.0,0.0,0.0,1.0,0.0,0.0,0.0,0.0,0.0,1.0,0.0,0.0,0.0,0.0,0.0,0.0,0.0,1.0,0.0,0.0,0.0,0.0,1.0,0.0,0.0,0.0,0.0,0.0,1.0,0.0,0.0,1.0,0.0,0.0,1.0,0.0,0.0,1.0,0.0,1.0,0.0,0.0,1.0,0.0,0.0,0.0,0.0,1.0,0.0,1.0
-0.9966183988927769,-0.6731567373062348,-0.8376025122779064,-1.6476460038751053,-0.7540716487780433,-0.7187454693270836,-0.4364357804719845,-0.06862216204775608,-0.5304241628158409,-0.3412351689076656,2.152626957208659,-0.6926764327818005,-1.1730821976485595,1.0,0.0,0.0,0.0,0.0,0.0,0.0,1.0,0.0,1.0,0.0,0.0,0.0,0.0,0.0,0.0,0.0,0.0,0.0,0.0,0.0,1.0,0.0,0.0,1.0,0.0,0.0,0.0,0.0,0.0,0.0,1.0,0.0,0.0,0.0,1.0,0.0,0.0,0.0,1.0,1.0,0.0,0.0,0.0,1.0,0.0,0.0,1.0,0.0,0.0,0.0,1.0,0.0,1.0
1.289592031872302,2.410070317161401,0.9421637820708985,1.053413018870969,-1.025849987427586,1.045047093438766,-0.4364357804719845,0.9016638138656871,3.530288108335225,-1.2858307921814802,-0.464548674655972,1.8196017686919659,1.2434283535975954,0.0,1.0,0.0,0.0,0.0,1.0,0.0,0.0,0.0,0.0,0.0,0.0,0.0,0.0,0.0,0.0,0.0,0.0,1.0,0.0,0.0,1.0,0.0,0.0,0.0,1.0,0.0,0.0,0.0,0.0,0.0,0.0,1.0,0.0,0.0,1.0,1.0,0.0,0.0,0.0,0.0,1.0,0.0,0.0,1.0,0.0,0.0,1.0,0.0,0.0,0.0,1.0,0.0,1.0
-0.742595017696657,-0.6046655317991242,0.9421637820708985,-0.7472929962930807,1.3295622808684506,-0.7187454693270836,-0.4364357804719845,-0.2696007367939495,-0.7631179306638932,-0.3412351689076656,-0.464548674655972,-0.532243095386689,-0.6884914239300278,0.0,0.0,0.0,1.0,0.0,0.0,0.0,1.0,0.0,0.0,0.0,0.0,1.0,0.0,0.0,0.0,0.0,0.0,0.0,0.0,0.0,1.0,0.0,0.0,1.0,0.0,0.0,0.0,0.0,0.0,0.0,0.0,1.0,0.0,0.0,1.0,0.0,0.0,0.0,1.0,0.0,1.0,0.0,0.0,1.0,0.0,0.0,1.0,0.0,0.0,1.0,0.0,0.0,1.0
-0.742595017696657,0.14349796442335738,-1.727485659452309,-1.6476460038751053,-1.1164427669774335,-0.7187454693270836,-0.4364357804719845,1.1618371790223054,0.675275595222786,-0.3412351689076656,-0.464548674655972,0.5321238679968293,-0.6884914239300278,1.0,0.0,0.0,0.0,0.0,1.0,0.0,0.0,0.0,0.0,0.0,0.0,0.0,0.0,0.0,1.0,0.0,0.0,0.0,0.0,0.0,1.0,0.0,0.0,1.0,0.0,0.0,0.0,0.0,1.0,0.0,0.0,0.0,0.0,0.0,1.0,0.0,0.0,0.0,1.0,0.0,1.0,0.0,0.0,1.0,0.0,0.0,0.0,0.0,1.0,1.0,0.0,0.0,1.0
0.7815452694800622,-0.4755427673185058,0.9421637820708985,0.15306001128894414,-0.4822933101285007,1.045047093438766,-0.4364357804719845,-0.8470449518657549,-0.38587216815620173,0.603360454366149,-0.464548674655972,-0.2749678729970901,0.9166346534898615,1.0,0.0,0.0,0.0,0.0,0.0,1.0,0.0,0.0,0.0,0.0,0.0,0.0,0.0,0.0,1.0,0.0,0.0,0.0,1.0,0.0,0.0,0.0,0.0,0.0,0.0,1.0,0.0,0.0,0.0,0.0,0.0,1.0,0.0,0.0,1.0,0.0,0.0,1.0,0.0,0.0,0.0,1.0,0.0,1.0,0.0,1.0,0.0,0.0,0.0,1.0,0.0,0.0,1.0
-0.742595017696657,-0.9542326681031751,0.9421637820708985,-0.7472929962930807,1.238969501318603,-0.7187454693270836,-0.4364357804719845,-0.9384166514374623,-0.9770028123420004,-0.3412351689076656,-0.464548674655972,-1.699939675736241,-0.6884914239300278,0.0,0.0,0.0,1.0,0.0,0.0,0.0,1.0,0.0,0.0,0.0,0.0,0.0,1.0,0.0,0.0,0.0,0.0,0.0,0.0,0.0,1.0,0.0,0.0,1.0,0.0,0.0,0.0,0.0,0.0,1.0,0.0,0.0,0.0,0.0,1.0,0.0,0.0,0.0,1.0,0.0,1.0,0.0,0.0,1.0,0.0,0.0,0.0,0.0,1.0,1.0,0.0,0.0,1.0
1.289592031872302,0.47360311883467743,-0.8376025122779064,-0.7472929962930807,-0.4822933101285007,1.045047093438766,-0.4364357804719845,-0.3333309987107551,0.5957565793568015,-0.3412351689076656,2.152626957208659,0.8186196195249109,1.2434283535975954,1.0,0.0,0.0,0.0,0.0,0.0,1.0,0.0,0.0,1.0,0.0,0.0,0.0,0.0,0.0,0.0,0.0,0.0,0.0,0.0,0.0,1.0,0.0,0.0,1.0,0.0,0.0,0.0,0.0,0.0,1.0,0.0,0.0,0.0,0.0,1.0,0.0,0.0,0.0,1.0,0.0,0.0,1.0,0.0,1.0,0.0,1.0,0.0,0.0,0.0,0.0,1.0,0.0,1.0
-0.2345482553044173,-0.7637298068839439,0.9421637820708985,0.15306001128894414,0.9671911626690604,1.045047093438766,-0.4364357804719845,-0.8481907975250772,-0.8386182695833881,2.4925517009137783,-0.464548674655972,-0.9407419928410471,0.012431660139291227,0.0,0.0,0.0,1.0,0.0,1.0,0.0,0.0,0.0,0.0,0.0,0.0,0.0,0.0,0.0,1.0,0.0,0.0,0.0,0.0,0.0,0.0,1.0,0.0,1.0,0.0,0.0,0.0,0.0,0.0,0.0,0.0,1.0,0.0,0.0,1.0,0.0,0.0,0.0,1.0,0.0,1.0,0.0,0.0,1.0,0.0,0.0,1.0,0.0,0.0,1.0,0.0,0.0,1.0
-0.48857163650053714,-0.6278702025173802,0.052280634896496016,0.15306001128894414,2.326082855916774,1.045047093438766,-0.4364357804719845,-0.5305390499233902,-0.8408405708632215,2.4925517009137783,2.152626957208659,-0.584408455564569,-0.3049783695263035,1.0,0.0,0.0,0.0,0.0,0.0,1.0,0.0,0.0,0.0,0.0,0.0,0.0,0.0,0.0,0.0,1.0,0.0,0.0,0.0,0.0,0.0,1.0,0.0,1.0,0.0,0.0,0.0,0.0,0.0,0.0,1.0,0.0,0.0,0.0,1.0,0.0,1.0,0.0,0.0,0.0,0.0,1.0,0.0,1.0,0.0,0.0,1.0,0.0,0.0,1.0,0.0,0.0,1.0
-0.742595017696657,-0.6649228218900795,0.052280634896496016,-0.7472929962930807,1.7825261786176885,-0.7187454693270836,-0.4364357804719845,-0.38488913321536866,-0.8303427535050054,2.4925517009137783,-0.464548674655972,-0.6723081995823807,-0.6884914239300278,0.0,0.0,0.0,1.0,0.0,0.0,0.0,1.0,0.0,0.0,0.0,0.0,0.0,0.0,0.0,0.0,0.0,0.0,1.0,0.0,0.0,0.0,1.0,0.0,0.0,1.0,0.0,0.0,0.0,0.0,0.0,0.0,1.0,0.0,0.0,1.0,0.0,1.0,0.0,0.0,0.0,1.0,0.0,0.0,1.0,0.0,0.0,1.0,0.0,0.0,1.0,0.0,1.0,0.0
-0.48857163650053714,0.6944217595406624,-1.727485659452309,1.053413018870969,2.1448972968170787,-0.7187454693270836,-0.4364357804719845,1.4933813100392421,-0.1357214780542365,0.603360454366149,-0.464548674655972,0.9801318808900098,-0.3049783695263035,0.0,0.0,0.0,1.0,0.0,1.0,0.0,0.0,0.0,0.0,0.0,0.0,0.0,1.0,0.0,0.0,0.0,0.0,0.0,0.0,0.0,0.0,0.0,1.0,0.0,0.0,0.0,1.0,0.0,1.0,0.0,0.0,0.0,0.0,0.0,1.0,1.0,0.0,0.0,0.0,0.0,1.0,0.0,0.0,1.0,0.0,0.0,1.0,0.0,0.0,0.0,1.0,0.0,1.0
-0.742595017696657,-0.6608058641820017,0.9421637820708985,0.15306001128894414,-0.8446644283278909,-0.7187454693270836,-0.4364357804719845,-0.377012286254899,-0.4926758381571043,-0.3412351689076656,-0.464548674655972,-0.6622426171146356,-0.6884914239300278,1.0,0.0,0.0,0.0,0.0,1.0,0.0,0.0,0.0,0.0,1.0,0.0,0.0,0.0,0.0,0.0,0.0,0.0,0.0,0.0,0.0,1.0,0.0,0.0,0.0,1.0,0.0,0.0,0.0,0.0,0.0,0.0,1.0,0.0,0.0,1.0,0.0,1.0,0.0,0.0,0.0,1.0,0.0,0.0,1.0,0.0,0.0,1.0,0.0,0.0,1.0,0.0,0.0,1.0
0.01947512589170256,0.7703983426988235,-1.727485659452309,0.15306001128894414,-0.8446644283278909,-0.7187454693270836,-0.4364357804719845,0.750707453304011,1.215229466072702,0.603360454366149,-0.464548674655972,1.0313631870091027,0.28321049937129605,0.0,0.0,0.0,1.0,0.0,0.0,0.0,1.0,0.0,0.0,0.0,0.0,0.0,0.0,0.0,0.0,0.0,0.0,1.0,0.0,0.0,0.0,0.0,1.0,1.0,0.0,0.0,0.0,0.0,0.0,0.0,0.0,1.0,0.0,0.0,1.0,1.0,0.0,0.0,0.0,0.0,1.0,0.0,0.0,1.0,0.0,0.0,1.0,0.0,0.0,1.0,0.0,0.0,1.0
-0.2345482553044173,-0.43063050141220377,-1.727485659452309,1.053413018870969,-1.3882211056269762,-0.7187454693270836,-0.4364357804719845,-0.42331832830395577,0.05520253902284539,-1.2858307921814802,-0.464548674655972,-0.1962218748600752,0.012431660139291227,0.0,1.0,0.0,0.0,0.0,0.0,0.0,1.0,0.0,0.0,0.0,0.0,1.0,0.0,0.0,0.0,0.0,0.0,0.0,0.0,0.0,1.0,0.0,0.0,1.0,0.0,0.0,0.0,0.0,1.0,0.0,0.0,0.0,0.0,0.0,1.0,0.0,0.0,0.0,1.0,1.0,0.0,0.0,0.0,0.0,1.0,0.0,1.0,0.0,0.0,1.0,0.0,0.0,1.0
0.2734985070878224,-0.46843165855000796,0.9421637820708985,0.15306001128894414,-0.30110775102880555,-0.7187454693270836,-0.4364357804719845,-0.7028270305038127,-0.42540245154878664,-1.2858307921814802,-0.464548674655972,-0.26217724767769757,0.5193206744088694,0.0,1.0,0.0,0.0,0.0,0.0,0.0,1.0,0.0,0.0,0.0,0.0,0.0,0.0,0.0,1.0,0.0,0.0,0.0,0.0,0.0,1.0,0.0,0.0,0.0,0.0,1.0,0.0,0.0,0.0,1.0,0.0,0.0,0.0,0.0,1.0,0.0,1.0,0.0,0.0,0.0,1.0,0.0,0.0,1.0,0.0,0.0,1.0,0.0,0.0,1.0,0.0,0.0,1.0
-0.9966183988927769,0.725860345675074,-0.8376025122779064,1.053413018870969,3.503788990064792,-0.7187454693270836,2.29128784747792,3.5003045966736783,-0.3238140568669648,-0.3412351689076656,-0.464548674655972,1.0015766560812387,-1.1730821976485595,1.0,0.0,0.0,0.0,1.0,0.0,0.0,0.0,0.0,0.0,0.0,0.0,0.0,0.0,0.0,0.0,0.0,0.0,1.0,0.0,0.0,1.0,0.0,0.0,0.0,0.0,0.0,1.0,0.0,1.0,0.0,0.0,0.0,0.0,0.0,1.0,0.0,0.0,1.0,0.0,1.0,0.0,0.0,1.0,0.0,0.0,1.0,0.0,0.0,0.0,0.0,1.0,0.0,1.0
-0.2345482553044173,0.2209716231117284,0.052280634896496016,-0.7472929962930807,-0.029329412379262863,1.045047093438766,-0.4364357804719845,0.4078086030600583,0.12545737715764935,-0.3412351689076656,-0.464548674655972,0.6052566038118311,0.012431660139291227,0.0,0.0,0.0,1.0,0.0,1.0,0.0,0.0,0.0,0.0,0.0,0.0,1.0,0.0,0.0,0.0,0.0,0.0,0.0,0.0,0.0,1.0,0.0,0.0,0.0,0.0,1.0,0.0,0.0,0.0,1.0,0.0,0.0,0.0,0.0,1.0,1.0,0.0,0.0,0.0,0.0,1.0,0.0,0.0,1.0,0.0,1.0,0.0,0.0,0.0,0.0,1.0,0.0,1.0
0.2734985070878224,0.7337199922086768,0.9421637820708985,1.053413018870969,-0.21051497147895798,-0.7187454693270836,-0.4364357804719845,0.4471931048994116,0.6835528676053048,-0.3412351689076656,-0.464548674655972,1.0068829827801242,0.5193206744088694,0.0,0.0,0.0,1.0,0.0,1.0,0.0,0.0,0.0,0.0,0.0,0.0,1.0,0.0,0.0,0.0,0.0,0.0,0.0,0.0,0.0,1.0,0.0,0.0,0.0,0.0,0.0,1.0,0.0,0.0,0.0,0.0,1.0,0.0,0.0,1.0,1.0,0.0,0.0,0.0,0.0,1.0,0.0,0.0,1.0,0.0,0.0,1.0,0.0,0.0,0.0,1.0,0.0,1.0
0.2734985070878224,-0.6230047070441975,0.9421637820708985,0.15306001128894414,-0.11992219192911042,-0.7187454693270836,2.29128784747792,-0.8506969918741525,-0.6078269870042785,2.4925517009137783,-0.464548674655972,-0.5732956236194461,0.5193206744088694,0.0,0.0,0.0,1.0,0.0,0.0,0.0,1.0,0.0,0.0,0.0,0.0,0.0,1.0,0.0,0.0,0.0,0.0,0.0,0.0,0.0,0.0,1.0,0.0,0.0,1.0,0.0,0.0,0.0,1.0,0.0,0.0,0.0,0.0,0.0,1.0,1.0,0.0,0.0,0.0,0.0,1.0,0.0,0.0,1.0,0.0,0.0,1.0,0.0,0.0,0.0,1.0,0.0,1.0
-0.742595017696657,-0.16115690597439147,-0.8376025122779064,1.053413018870969,-0.11992219192911042,1.045047093438766,-0.4364357804719845,0.5789505039475523,-0.18636779167554265,-0.3412351689076656,-0.464548674655972,0.19641412451053775,-0.6884914239300278,0.0,0.0,0.0,1.0,0.0,0.0,0.0,0.0,1.0,0.0,0.0,0.0,1.0,0.0,0.0,0.0,0.0,0.0,0.0,0.0,0.0,1.0,0.0,0.0,0.0,0.0,0.0,1.0,0.0,0.0,0.0,0.0,1.0,0.0,0.0,1.0,0.0,1.0,0.0,0.0,0.0,1.0,0.0,0.0,1.0,0.0,0.0,1.0,0.0,0.0,1.0,0.0,0.0,1.0
-1.2506417800888967,-0.6795193083096276,-1.727485659452309,-0.7472929962930807,0.0612633671705847,-0.7187454693270836,-0.4364357804719845,0.5710720171734942,-0.6854701918677895,-1.2858307921814802,-0.464548674655972,-0.7086372333904712,-1.8318662260302179,0.0,1.0,0.0,0.0,0.0,0.0,0.0,1.0,0.0,0.0,0.0,0.0,1.0,0.0,0.0,0.0,0.0,0.0,0.0,0.0,0.0,1.0,0.0,0.0,1.0,0.0,0.0,0.0,0.0,0.0,0.0,0.0,1.0,0.0,0.0,1.0,0.0,0.0,0.0,1.0,1.0,0.0,0.0,0.0,1.0,0.0,0.0,0.0,0.0,1.0,0.0,1.0,0.0,1.0
-0.48857163650053714,0.5492054331102859,0.052280634896496016,-0.7472929962930807,-0.4822933101285007,-0.7187454693270836,-0.4364357804719845,1.2711109733096912,0.6739462508858344,-0.3412351689076656,-0.464548674655972,0.8762064158636592,-0.3049783695263035,0.0,0.0,0.0,1.0,0.0,0.0,0.0,1.0,0.0,0.0,0.0,0.0,0.0,0.0,0.0,0.0,0.0,0.0,1.0,0.0,0.0,1.0,0.0,0.0,1.0,0.0,0.0,0.0,0.0,0.0,0.0,0.0,1.0,0.0,0.0,1.0,1.0,0.0,0.0,0.0,0.0,1.0,0.0,0.0,1.0,0.0,0.0,1.0,0.0,0.0,0.0,1.0,0.0,1.0
-0.742595017696657,-0.7888058220149625,0.9421637820708985,1.053413018870969,1.1483767217687555,1.045047093438766,-0.4364357804719845,-0.6219106190258642,-0.8669128002514292,-1.2858307921814802,-0.464548674655972,-1.018711700019507,-0.6884914239300278,0.0,1.0,0.0,0.0,0.0,0.0,0.0,0.0,1.0,0.0,0.0,0.0,0.0,1.0,0.0,0.0,0.0,0.0,0.0,0.0,0.0,1.0,0.0,0.0,1.0,0.0,0.0,0.0,0.0,0.0,0.0,0.0,1.0,0.0,0.0,1.0,1.0,0.0,0.0,0.0,1.0,0.0,0.0,0.0,1.0,0.0,0.0,1.0,0.0,0.0,1.0,0.0,0.0,1.0
0.01947512589170256,-0.5941860030876537,0.9421637820708985,0.15306001128894414,-0.4822933101285007,1.045047093438766,-0.4364357804719845,-0.7411883531711796,-0.508575761595327,-1.2858307921814802,-0.464548674655972,-0.5093542006523735,0.28321049937129605,0.0,1.0,0.0,0.0,0.0,1.0,0.0,0.0,0.0,0.0,0.0,0.0,0.0,1.0,0.0,0.0,0.0,0.0,0.0,0.0,0.0,1.0,0.0,0.0,0.0,0.0,0.0,1.0,0.0,0.0,0.0,1.0,0.0,0.0,0.0,1.0,1.0,0.0,0.0,0.0,0.0,1.0,0.0,0.0,1.0,0.0,0.0,1.0,0.0,0.0,0.0,1.0,0.0,1.0
-0.9966183988927769,-0.7117064322091441,0.052280634896496016,1.053413018870969,1.1483767217687555,1.045047093438766,2.29128784747792,-0.16696337557057792,-0.8170765553616882,-0.3412351689076656,2.152626957208659,-0.7925300180912719,-1.1730821976485595,0.0,1.0,0.0,0.0,0.0,1.0,0.0,0.0,0.0,0.0,0.0,0.0,0.0,0.0,0.0,0.0,1.0,0.0,0.0,1.0,0.0,0.0,0.0,0.0,0.0,0.0,0.0,1.0,0.0,0.0,0.0,0.0,1.0,0.0,1.0,0.0,0.0,0.0,0.0,1.0,0.0,1.0,0.0,0.0,1.0,0.0,0.0,1.0,0.0,0.0,1.0,0.0,1.0,0.0
0.2734985070878224,-0.6866304170781254,0.052280634896496016,1.053413018870969,-0.9352572078777385,-0.7187454693270836,-0.4364357804719845,-0.9115635619297403,-0.4992859415906747,-0.3412351689076656,-0.464548674655972,-0.7267109868277258,0.5193206744088694,1.0,0.0,0.0,0.0,0.0,0.0,0.0,1.0,0.0,0.0,0.0,0.0,0.0,1.0,0.0,0.0,0.0,0.0,0.0,0.0,0.0,1.0,0.0,0.0,0.0,0.0,1.0,0.0,0.0,1.0,0.0,0.0,0.0,0.0,0.0,1.0,1.0,0.0,0.0,0.0,0.0,1.0,0.0,0.0,1.0,0.0,0.0,0.0,0.0,1.0,0.0,1.0,0.0,1.0
2.3056855566567815,0.14087808224548978,0.9421637820708985,-0.7472929962930807,-0.4822933101285007,-0.7187454693270836,-0.4364357804719845,-0.7583228878522019,0.2516446091126928,0.603360454366149,2.152626957208659,0.5295773392009606,1.7622593178252401,1.0,0.0,0.0,0.0,1.0,0.0,0.0,0.0,0.0,1.0,0.0,0.0,0.0,0.0,0.0,0.0,0.0,0.0,0.0,1.0,0.0,0.0,0.0,0.0,0.0,1.0,0.0,0.0,0.0,0.0,0.0,0.0,1.0,0.0,0.0,1.0,1.0,0.0,0.0,0.0,0.0,1.0,0.0,0.0,1.0,0.0,0.0,1.0,0.0,0.0,1.0,0.0,0.0,1.0
-0.9966183988927769,-0.45271236548280225,-0.8376025122779064,-0.7472929962930807,-1.4788138851768238,1.045047093438766,-0.4364357804719845,0.4937368162526518,0.0814524746015888,-0.3412351689076656,-0.464548674655972,-0.2343423718615132,-1.1730821976485595,0.0,0.0,0.0,1.0,0.0,0.0,0.0,1.0,0.0,0.0,0.0,0.0,1.0,0.0,0.0,0.0,0.0,0.0,0.0,0.0,0.0,1.0,0.0,0.0,0.0,0.0,1.0,0.0,0.0,1.0,0.0,0.0,0.0,1.0,0.0,0.0,1.0,0.0,0.0,0.0,0.0,1.0,0.0,0.0,0.0,1.0,0.0,1.0,0.0,0.0,1.0,0.0,0.0,1.0
2.3056855566567815,2.533953317286284,-1.727485659452309,-0.7472929962930807,-0.8446644283278909,-0.7187454693270836,-0.4364357804719845,0.3863269063088427,3.319740395343322,-0.3412351689076656,-0.464548674655972,1.8634974873890384,1.7622593178252401,1.0,0.0,0.0,0.0,0.0,0.0,0.0,1.0,0.0,0.0,0.0,0.0,1.0,0.0,0.0,0.0,0.0,0.0,0.0,0.0,0.0,1.0,0.0,0.0,0.0,0.0,1.0,0.0,0.0,1.0,0.0,0.0,0.0,0.0,0.0,1.0,1.0,0.0,0.0,0.0,0.0,1.0,0.0,0.0,1.0,0.0,0.0,1.0,0.0,0.0,0.0,1.0,0.0,1.0
0.2734985070878224,-0.036525368084403306,0.052280634896496016,-0.7472929962930807,-1.207035546527281,-0.7187454693270836,-0.4364357804719845,-0.2896504314205871,0.5033855949591294,0.603360454366149,-0.464548674655972,0.34437415256865794,0.5193206744088694,1.0,0.0,0.0,0.0,0.0,0.0,0.0,1.0,0.0,0.0,0.0,0.0,0.0,0.0,0.0,1.0,0.0,0.0,0.0,1.0,0.0,0.0,0.0,0.0,0.0,0.0,1.0,0.0,0.0,0.0,0.0,1.0,0.0,0.0,0.0,1.0,1.0,0.0,0.0,0.0,0.0,1.0,0.0,0.0,0.0,1.0,0.0,1.0,0.0,0.0,0.0,1.0,0.0,1.0
0.01947512589170256,-0.16639667033012673,0.052280634896496016,-0.7472929962930807,-0.30110775102880555,1.045047093438766,-0.4364357804719845,-0.2734876107682331,-0.13255406244687115,2.4925517009137783,-0.464548674655972,0.18980867754490957,0.28321049937129605,1.0,0.0,0.0,0.0,0.0,1.0,0.0,0.0,0.0,0.0,0.0,0.0,1.0,0.0,0.0,0.0,0.0,0.0,0.0,0.0,0.0,0.0,1.0,0.0,0.0,1.0,0.0,0.0,0.0,0.0,0.0,0.0,1.0,0.0,0.0,1.0,1.0,0.0,0.0,0.0,0.0,1.0,0.0,0.0,1.0,0.0,0.0,1.0,0.0,0.0,0.0,1.0,0.0,1.0
-0.9119439384940703,-0.7296713385716649,-1.727485659452309,1.053413018870969,1.1483767217687555,-0.7187454693270836,2.29128784747792,-0.3311835360718114,-0.8286888842680357,1.5479560776399637,-0.464548674655972,-0.8418226807008108,-0.9970428507185473,0.0,0.0,1.0,0.0,0.0,0.0,0.0,1.0,0.0,0.0,0.0,0.0,0.0,1.0,0.0,0.0,0.0,0.0,0.0,1.0,0.0,0.0,0.0,0.0,0.0,0.0,0.0,1.0,0.0,1.0,0.0,0.0,0.0,0.0,0.0,1.0,0.0,0.0,1.0,0.0,0.0,1.0,0.0,1.0,0.0,0.0,0.0,0.0,0.0,1.0,1.0,0.0,0.0,1.0
-0.742595017696657,-0.5979286919131789,0.052280634896496016,-0.7472929962930807,-0.029329412379262863,-0.7187454693270836,-0.4364357804719845,-0.25671135085863545,-0.6004790137283764,2.4925517009137783,-0.464548674655972,-0.5174825824021011,-0.6884914239300278,0.0,0.0,0.0,1.0,0.0,1.0,0.0,0.0,0.0,0.0,0.0,0.0,1.0,0.0,0.0,0.0,0.0,0.0,0.0,0.0,0.0,0.0,1.0,0.0,0.0,1.0,0.0,0.0,0.0,1.0,0.0,0.0,0.0,0.0,0.0,1.0,0.0,1.0,0.0,0.0,0.0,1.0,0.0,0.0,1.0,0.0,0.0,1.0,0.0,0.0,1.0,0.0,1.0,0.0
-0.2345482553044173,1.1281993944190298,-0.8376025122779064,1.053413018870969,0.7860056035693652,-0.7187454693270836,2.29128784747792,1.5649893506915176,0.5086642971027895,-0.3412351689076656,2.152626957208659,1.24869419275571,0.012431660139291227,1.0,0.0,0.0,0.0,0.0,0.0,1.0,0.0,0.0,0.0,0.0,0.0,0.0,0.0,0.0,0.0,1.0,0.0,0.0,0.0,0.0,1.0,0.0,0.0,1.0,0.0,0.0,0.0,0.0,0.0,0.0,0.0,1.0,0.0,0.0,1.0,0.0,0.0,0.0,1.0,0.0,1.0,0.0,0.0,1.0,0.0,0.0,0.0,0.0,1.0,0.0,1.0,0.0,1.0
0.2734985070878224,-0.6787707705445225,0.9421637820708985,-1.6476460038751053,-0.6634788692281958,-0.7187454693270836,-0.4364357804719845,-0.9040447503346384,-0.5580111120615701,1.5479560776399637,-0.464548674655972,-0.7067492807837252,0.5193206744088694,0.0,0.0,0.0,1.0,0.0,0.0,0.0,1.0,0.0,0.0,0.0,0.0,0.0,0.0,0.0,1.0,0.0,0.0,0.0,0.0,1.0,0.0,0.0,0.0,0.0,1.0,0.0,0.0,0.0,1.0,0.0,0.0,0.0,0.0,0.0,1.0,1.0,0.0,0.0,0.0,0.0,1.0,0.0,0.0,1.0,0.0,0.0,1.0,0.0,0.0,1.0,0.0,0.0,1.0
-0.48857163650053714,-0.6750280817189974,0.9421637820708985,-0.7472929962930807,0.42363448536997494,-0.7187454693270836,-0.4364357804719845,-0.6027196231912338,-0.7263068678423679,0.603360454366149,-0.464548674655972,-0.697350461448077,-0.3049783695263035,0.0,0.0,0.0,1.0,0.0,0.0,0.0,1.0,0.0,0.0,0.0,0.0,0.0,0.0,0.0,1.0,0.0,0.0,0.0,0.0,0.0,0.0,0.0,1.0,1.0,0.0,0.0,0.0,0.0,0.0,0.0,1.0,0.0,0.0,0.0,1.0,0.0,0.0,0.0,1.0,0.0,1.0,0.0,0.0,0.0,1.0,0.0,1.0,0.0,0.0,0.0,1.0,0.0,1.0
-0.48857163650053714,0.5364802911035003,0.052280634896496016,-0.7472929962930807,0.42363448536997494,-0.7187454693270836,-0.4364357804719845,1.2516336757612256,0.21342080974848765,0.603360454366149,2.152626957208659,0.866690540594551,-0.3049783695263035,0.0,0.0,0.0,1.0,0.0,0.0,0.0,1.0,0.0,0.0,0.0,1.0,0.0,0.0,0.0,0.0,0.0,0.0,0.0,1.0,0.0,0.0,0.0,0.0,1.0,0.0,0.0,0.0,0.0,0.0,0.0,0.0,1.0,0.0,0.0,1.0,0.0,1.0,0.0,0.0,0.0,1.0,0.0,0.0,1.0,0.0,1.0,0.0,0.0,0.0,0.0,1.0,0.0,1.0
0.7815452694800622,2.7820935864186027,0.052280634896496016,1.053413018870969,0.2424489262702798,2.8088396562046154,2.29128784747792,1.6460499653689455,2.1175828788731232,-1.2858307921814802,-0.464548674655972,1.9471968868308842,0.9166346534898615,0.0,1.0,0.0,0.0,0.0,1.0,0.0,0.0,0.0,0.0,0.0,0.0,0.0,0.0,0.0,0.0,0.0,0.0,1.0,0.0,0.0,1.0,0.0,0.0,0.0,0.0,0.0,1.0,0.0,0.0,0.0,0.0,1.0,0.0,0.0,1.0,0.0,0.0,1.0,0.0,0.0,1.0,0.0,1.0,0.0,0.0,1.0,0.0,0.0,0.0,0.0,1.0,0.0,1.0
-1.2506417800888967,-0.5328059063490409,-1.727485659452309,-0.7472929962930807,-1.2976283260771286,-0.7187454693270836,-0.4364357804719845,1.132475914519866,-0.15213274503601543,-0.3412351689076656,-0.464548674655972,-0.3828320444622108,-1.8318662260302179,0.0,0.0,0.0,1.0,0.0,0.0,0.0,1.0,0.0,0.0,0.0,0.0,1.0,0.0,0.0,0.0,0.0,0.0,0.0,0.0,0.0,1.0,0.0,0.0,1.0,0.0,0.0,0.0,0.0,0.0,0.0,1.0,0.0,0.0,0.0,1.0,0.0,1.0,0.0,0.0,0.0,1.0,0.0,0.0,0.0,1.0,0.0,1.0,0.0,0.0,1.0,0.0,0.0,1.0
0.2734985070878224,0.20936928775260039,-0.8376025122779064,1.053413018870969,-0.8446644283278909,-0.7187454693270836,-0.4364357804719845,-0.05441904008810945,0.5457341598382671,0.603360454366149,-0.464548674655972,0.5945630774448399,0.5193206744088694,0.0,0.0,1.0,0.0,0.0,0.0,0.0,1.0,0.0,0.0,0.0,0.0,1.0,0.0,0.0,0.0,0.0,0.0,0.0,0.0,0.0,1.0,0.0,0.0,0.0,0.0,1.0,0.0,0.0,1.0,0.0,0.0,0.0,0.0,0.0,1.0,1.0,0.0,0.0,0.0,0.0,1.0,0.0,0.0,1.0,0.0,0.0,1.0,0.0,0.0,1.0,0.0,0.0,1.0
-1.2506417800888967,-0.7311684141018749,-0.8376025122779064,1.053413018870969,1.3295622808684506,-0.7187454693270836,-0.4364357804719845,0.37343493086278146,-0.8416172747249632,1.5479560776399637,-0.464548674655972,-0.8460161021469429,-1.8318662260302179,0.0,0.0,0.0,1.0,0.0,0.0,0.0,1.0,0.0,0.0,0.0,0.0,0.0,0.0,0.0,0.0,0.0,0.0,1.0,0.0,1.0,0.0,0.0,0.0,1.0,0.0,0.0,0.0,0.0,0.0,0.0,0.0,1.0,0.0,0.0,1.0,0.0,1.0,0.0,0.0,0.0,1.0,0.0,0.0,0.0,1.0,0.0,1.0,0.0,0.0,1.0,0.0,0.0,1.0
-0.2345482553044173,0.2471704448904046,0.052280634896496016,-1.6476460038751053,-0.7540716487780433,1.045047093438766,-0.4364357804719845,0.4412255388414949,0.5271577688059514,-0.3412351689076656,-0.464548674655972,0.6290842587602151,0.012431660139291227,0.0,0.0,0.0,1.0,0.0,1.0,0.0,0.0,0.0,0.0,0.0,0.0,0.0,0.0,0.0,0.0,0.0,0.0,1.0,0.0,0.0,1.0,0.0,0.0,0.0,1.0,0.0,0.0,0.0,0.0,0.0,0.0,1.0,0.0,0.0,1.0,1.0,0.0,0.0,0.0,0.0,1.0,0.0,0.0,1.0,0.0,0.0,1.0,0.0,0.0,1.0,0.0,0.0,1.0
-0.2345482553044173,-0.6016713807387041,0.9421637820708985,1.053413018870969,0.9671911626690604,1.045047093438766,-0.4364357804719845,-0.6414831804770486,-0.7293109136941767,2.4925517009137783,-0.464548674655972,-0.5256621507721326,0.012431660139291227,0.0,0.0,0.0,1.0,0.0,1.0,0.0,0.0,0.0,0.0,0.0,0.0,0.0,0.0,0.0,1.0,0.0,0.0,0.0,0.0,0.0,0.0,1.0,0.0,0.0,0.0,0.0,1.0,0.0,0.0,0.0,0.0,1.0,0.0,0.0,1.0,1.0,0.0,0.0,0.0,0.0,1.0,0.0,0.0,1.0,0.0,0.0,1.0,0.0,0.0,1.0,0.0,0.0,1.0
-1.2506417800888967,-0.9445016771568097,0.052280634896496016,1.053413018870969,0.3330417058201274,1.045047093438766,-0.4364357804719845,-0.4428921647684227,-0.9303712097381739,1.5479560776399637,-0.464548674655972,-1.6482942027730687,-1.8318662260302179,0.0,1.0,0.0,0.0,0.0,1.0,0.0,0.0,0.0,0.0,0.0,0.0,0.0,1.0,0.0,0.0,0.0,0.0,0.0,0.0,0.0,0.0,1.0,0.0,0.0,1.0,0.0,0.0,0.0,1.0,0.0,0.0,0.0,0.0,0.0,1.0,0.0,0.0,0.0,1.0,0.0,1.0,0.0,0.0,1.0,0.0,0.0,0.0,0.0,1.0,0.0,1.0,0.0,1.0
0.2734985070878224,-0.612525178332727,0.052280634896496016,-0.7472929962930807,-1.1164427669774335,1.045047093438766,-0.4364357804719845,-0.8406719097473498,-0.34458958212613383,0.603360454366149,-0.464548674655972,-0.5496784063609725,0.5193206744088694,1.0,0.0,0.0,0.0,0.0,0.0,1.0,0.0,0.0,0.0,0.0,0.0,0.0,0.0,0.0,1.0,0.0,0.0,0.0,1.0,0.0,0.0,0.0,0.0,0.0,1.0,0.0,0.0,0.0,1.0,0.0,0.0,0.0,0.0,0.0,1.0,0.0,1.0,0.0,0.0,0.0,1.0,0.0,0.0,0.0,1.0,0.0,1.0,0.0,0.0,0.0,1.0,0.0,1.0
0.2734985070878224,0.9556614395623194,-0.8376025122779064,1.053413018870969,-1.025849987427586,1.045047093438766,-0.4364357804719845,0.6595100227991973,1.6500589112968014,-0.3412351689076656,2.152626957208659,1.148418787402233,0.5193206744088694,1.0,0.0,0.0,0.0,0.0,1.0,0.0,0.0,0.0,0.0,0.0,1.0,0.0,0.0,0.0,0.0,0.0,0.0,0.0,0.0,0.0,1.0,0.0,0.0,0.0,0.0,1.0,0.0,0.0,1.0,0.0,0.0,0.0,0.0,0.0,1.0,0.0,0.0,1.0,0.0,0.0,1.0,0.0,1.0,0.0,0.0,0.0,1.0,0.0,0.0,0.0,1.0,0.0,1.0
-0.742595017696657,-0.9070747889015579,0.9421637820708985,0.15306001128894414,2.7790467536660115,-0.7187454693270836,-0.4364357804719845,-0.8481909498902647,-0.9939006469598554,1.5479560776399637,-0.464548674655972,-1.4668405274355152,-0.6884914239300278,1.0,0.0,0.0,0.0,0.0,0.0,0.0,1.0,0.0,0.0,0.0,0.0,0.0,0.0,0.0,1.0,0.0,0.0,0.0,0.0,1.0,0.0,0.0,0.0,1.0,0.0,0.0,0.0,0.0,0.0,0.0,0.0,1.0,0.0,0.0,1.0,0.0,0.0,0.0,1.0,0.0,1.0,0.0,0.0,1.0,0.0,0.0,0.0,0.0,1.0,1.0,0.0,0.0,1.0
-0.742595017696657,-0.634232773520773,0.9421637820708985,-1.6476460038751053,0.2424489262702798,1.045047093438766,2.29128784747792,-0.32617081951004956,-0.6718206065448632,-0.3412351689076656,-0.464548674655972,-0.599085574040781,-0.6884914239300278,0.0,0.0,0.0,1.0,0.0,1.0,0.0,0.0,0.0,0.0,0.0,0.0,0.0,1.0,0.0,0.0,0.0,0.0,0.0,0.0,0.0,1.0,0.0,0.0,0.0,0.0,0.0,1.0,0.0,0.0,0.0,0.0,1.0,0.0,0.0,1.0,0.0,0.0,0.0,1.0,0.0,1.0,0.0,0.0,1.0,0.0,0.0,0.0,0.0,1.0,1.0,0.0,0.0,1.0
0.7815452694800622,-0.25696973990783584,0.9421637820708985,-0.7472929962930807,0.5142272649198225,1.045047093438766,-0.4364357804719845,-0.6797692818674708,-0.4197555545418062,0.603360454366149,2.152626957208659,0.06997651862920375,0.9166346534898615,1.0,0.0,0.0,0.0,0.0,0.0,1.0,0.0,0.0,1.0,0.0,0.0,0.0,0.0,0.0,0.0,0.0,0.0,0.0,1.0,0.0,0.0,0.0,0.0,0.0,0.0,0.0,1.0,0.0,0.0,0.0,0.0,1.0,0.0,0.0,1.0,0.0,1.0,0.0,0.0,0.0,0.0,1.0,0.0,1.0,0.0,0.0,1.0,0.0,0.0,1.0,0.0,0.0,1.0
0.2734985070878224,0.5787726748319347,-0.8376025122779064,1.053413018870969,-0.9352572078777385,-0.7187454693270836,-0.4364357804719845,0.29896510488168593,1.0711651187006972,-0.3412351689076656,-0.464548674655972,0.8980513122166042,0.5193206744088694,1.0,0.0,0.0,0.0,0.0,1.0,0.0,0.0,0.0,0.0,0.0,0.0,1.0,0.0,0.0,0.0,0.0,0.0,0.0,0.0,0.0,1.0,0.0,0.0,0.0,0.0,1.0,0.0,0.0,1.0,0.0,0.0,0.0,0.0,0.0,1.0,1.0,0.0,0.0,0.0,1.0,0.0,0.0,0.0,1.0,0.0,0.0,0.0,0.0,1.0,1.0,0.0,0.0,1.0
-0.48857163650053714,-0.7180690032125369,0.052280634896496016,1.053413018870969,0.3330417058201274,1.045047093438766,-0.4364357804719845,-0.6685987178404562,-0.7502312443387422,1.5479560776399637,-0.464548674655972,-0.8097746991834944,-0.3049783695263035,0.0,0.0,1.0,0.0,0.0,1.0,0.0,0.0,0.0,0.0,0.0,0.0,0.0,0.0,0.0,1.0,0.0,0.0,0.0,0.0,0.0,0.0,0.0,1.0,1.0,0.0,0.0,0.0,0.0,0.0,0.0,0.0,1.0,0.0,0.0,1.0,0.0,0.0,1.0,0.0,0.0,1.0,0.0,1.0,0.0,0.0,0.0,1.0,0.0,0.0,0.0,1.0,0.0,1.0
3.321779081441261,2.2334154045966126,-0.8376025122779064,-0.7472929962930807,-0.7540716487780433,-0.7187454693270836,-0.4364357804719845,-0.08528164363683156,2.8096251584427354,0.603360454366149,-0.464548674655972,1.754324453507174,2.166854575032126,1.0,0.0,0.0,0.0,0.0,0.0,1.0,0.0,0.0,0.0,0.0,0.0,0.0,0.0,0.0,1.0,0.0,0.0,0.0,0.0,0.0,0.0,0.0,1.0,1.0,0.0,0.0,0.0,0.0,0.0,0.0,0.0,1.0,0.0,0.0,1.0,0.0,0.0,1.0,0.0,0.0,1.0,0.0,1.0,0.0,0.0,1.0,0.0,0.0,0.0,1.0,0.0,0.0,1.0
-0.48857163650053714,0.0667728435000914,0.052280634896496016,1.053413018870969,-1.1164427669774335,1.045047093438766,-0.4364357804719845,0.5326922515457989,0.5717744262344057,2.4925517009137783,-0.464548674655972,0.45539789689116,-0.3049783695263035,0.0,0.0,0.0,1.0,0.0,1.0,0.0,0.0,0.0,0.0,0.0,0.0,0.0,0.0,0.0,0.0,0.0,0.0,1.0,0.0,0.0,0.0,1.0,0.0,0.0,0.0,0.0,1.0,0.0,0.0,0.0,0.0,1.0,0.0,0.0,1.0,0.0,0.0,1.0,0.0,0.0,1.0,0.0,0.0,0.0,1.0,0.0,1.0,0.0,0.0,0.0,1.0,0.0,1.0
2.3056855566567815,3.144011595846887,-0.8376025122779064,1.053413018870969,-1.025849987427586,1.045047093438766,-0.4364357804719845,0.6781284647202446,4.479111951719772,0.603360454366149,-0.464548674655972,2.060349379578767,1.7622593178252401,0.0,0.0,0.0,1.0,0.0,1.0,0.0,0.0,0.0,0.0,0.0,0.0,0.0,0.0,0.0,0.0,0.0,0.0,1.0,1.0,0.0,0.0,0.0,0.0,1.0,0.0,0.0,0.0,0.0,1.0,0.0,0.0,0.0,0.0,0.0,1.0,1.0,0.0,0.0,0.0,1.0,0.0,0.0,0.0,0.0,1.0,0.0,0.0,0.0,1.0,1.0,0.0,0.0,1.0
-0.48857163650053714,-0.7214374231555095,0.9421637820708985,0.15306001128894414,0.0612633671705847,1.045047093438766,-0.4364357804719845,-0.6737544730738735,-0.721597434845368,1.5479560776399637,-0.464548674655972,-0.8189977757910095,-0.3049783695263035,0.0,0.0,0.0,1.0,0.0,0.0,0.0,1.0,0.0,0.0,1.0,0.0,0.0,0.0,0.0,0.0,0.0,0.0,0.0,0.0,1.0,0.0,0.0,0.0,0.0,1.0,0.0,0.0,0.0,0.0,0.0,0.0,1.0,0.0,0.0,1.0,0.0,1.0,0.0,0.0,0.0,1.0,0.0,0.0,1.0,0.0,0.0,1.0,0.0,0.0,0.0,1.0,0.0,1.0
-0.9966183988927769,-0.655940368708819,-0.8376025122779064,0.15306001128894414,-0.5728860896783482,-0.7187454693270836,-0.4364357804719845,-0.024702785134651083,-0.5532632076560164,0.603360454366149,-0.464548674655972,-0.6504466260608537,-1.1730821976485595,1.0,0.0,0.0,0.0,1.0,0.0,0.0,0.0,0.0,0.0,0.0,0.0,0.0,1.0,0.0,0.0,0.0,0.0,0.0,1.0,0.0,0.0,0.0,0.0,0.0,1.0,0.0,0.0,0.0,0.0,0.0,0.0,1.0,0.0,0.0,1.0,0.0,0.0,1.0,0.0,0.0,1.0,0.0,0.0,1.0,0.0,0.0,1.0,0.0,0.0,1.0,0.0,0.0,1.0
-0.9966183988927769,-0.1634025192697066,0.052280634896496016,1.053413018870969,-0.029329412379262863,-0.7187454693270836,-0.4364357804719845,1.2317733022054793,-0.2152815046704807,0.603360454366149,-0.464548674655972,0.19358733087088018,-1.1730821976485595,0.0,0.0,0.0,1.0,0.0,0.0,0.0,1.0,0.0,0.0,0.0,0.0,0.0,0.0,0.0,1.0,0.0,0.0,0.0,1.0,0.0,0.0,0.0,0.0,0.0,0.0,0.0,1.0,0.0,0.0,0.0,0.0,1.0,1.0,0.0,0.0,1.0,0.0,0.0,0.0,0.0,1.0,0.0,0.0,1.0,0.0,0.0,1.0,0.0,0.0,0.0,1.0,0.0,1.0
-0.48857163650053714,-0.5496480060639042,-0.8376025122779064,0.15306001128894414,0.0612633671705847,-0.7187454693270836,-0.4364357804719845,-0.41081095616958596,-0.5735402515711847,-1.2858307921814802,-0.464548674655972,-0.4163397795428374,-0.3049783695263035,0.0,1.0,0.0,0.0,0.0,0.0,0.0,1.0,0.0,0.0,0.0,0.0,0.0,1.0,0.0,0.0,0.0,0.0,0.0,0.0,0.0,1.0,0.0,0.0,0.0,0.0,1.0,0.0,0.0,0.0,0.0,0.0,1.0,0.0,0.0,1.0,0.0,0.0,0.0,1.0,0.0,1.0,0.0,0.0,1.0,0.0,0.0,1.0,0.0,0.0,1.0,0.0,0.0,1.0
-0.742595017696657,0.07837517885921942,-0.8376025122779064,0.15306001128894414,0.15185614672043227,-0.7187454693270836,-0.4364357804719845,1.037239781647604,-0.061909088006179155,1.5479560776399637,-0.464548674655972,0.46729523109754956,-0.6884914239300278,0.0,0.0,1.0,0.0,0.0,0.0,0.0,1.0,0.0,0.0,0.0,0.0,0.0,0.0,0.0,1.0,0.0,0.0,0.0,0.0,0.0,0.0,0.0,1.0,0.0,0.0,0.0,1.0,0.0,0.0,0.0,0.0,1.0,0.0,0.0,1.0,1.0,0.0,0.0,0.0,0.0,1.0,0.0,0.0,1.0,0.0,1.0,0.0,0.0,0.0,1.0,0.0,0.0,1.0
-0.2345482553044173,-0.7300456074542174,0.9421637820708985,1.053413018870969,2.326082855916774,-0.7187454693270836,-0.4364357804719845,-0.8052261658060875,-0.8928105041777252,0.603360454366149,2.152626957208659,-0.84286976754894,0.012431660139291227,1.0,0.0,0.0,0.0,0.0,0.0,0.0,1.0,0.0,0.0,0.0,1.0,0.0,0.0,0.0,0.0,0.0,0.0,0.0,0.0,0.0,0.0,0.0,1.0,1.0,0.0,0.0,0.0,0.0,0.0,0.0,0.0,1.0,0.0,0.0,1.0,0.0,0.0,1.0,0.0,0.0,1.0,0.0,1.0,0.0,0.0,0.0,1.0,0.0,0.0,1.0,0.0,0.0,1.0
0.01947512589170256,-0.325835214297499,-0.8376025122779064,-1.6476460038751053,-0.21051497147895798,-0.7187454693270836,-0.4364357804719845,-0.44780127329111596,-0.3126441027205966,0.603360454366149,2.152626957208659,-0.029159326824175765,0.28321049937129605,0.0,0.0,1.0,0.0,0.0,1.0,0.0,0.0,0.0,0.0,0.0,1.0,0.0,0.0,0.0,0.0,0.0,0.0,0.0,0.0,0.0,1.0,0.0,0.0,0.0,0.0,1.0,0.0,0.0,0.0,1.0,0.0,0.0,0.0,0.0,1.0,1.0,0.0,0.0,0.0,0.0,1.0,0.0,0.0,0.0,1.0,0.0,1.0,0.0,0.0,1.0,0.0,0.0,1.0
-0.9119439384940703,0.2842230642631038,-1.727485659452309,-1.6476460038751053,0.15185614672043227,-0.7187454693270836,2.29128784747792,1.9966391758757598,0.11070660126175491,0.603360454366149,-0.464548674655972,0.6620541624602078,-0.9970428507185473,0.0,0.0,1.0,0.0,0.0,0.0,0.0,1.0,0.0,0.0,0.0,0.0,0.0,1.0,0.0,0.0,0.0,0.0,0.0,0.0,0.0,1.0,0.0,0.0,0.0,0.0,1.0,0.0,0.0,0.0,0.0,0.0,1.0,0.0,1.0,0.0,0.0,1.0,0.0,0.0,0.0,1.0,0.0,0.0,1.0,0.0,0.0,0.0,0.0,1.0,1.0,0.0,0.0,1.0
0.2734985070878224,-0.6128994472152796,0.052280634896496016,-1.6476460038751053,-0.30110775102880555,-0.7187454693270836,2.29128784747792,-0.8410299483947357,-0.5654761543905951,-0.3412351689076656,-0.464548674655972,-0.5505145255818394,0.5193206744088694,0.0,0.0,0.0,1.0,0.0,0.0,0.0,1.0,0.0,0.0,0.0,0.0,0.0,0.0,0.0,1.0,0.0,0.0,0.0,0.0,0.0,1.0,0.0,0.0,0.0,1.0,0.0,0.0,0.0,0.0,0.0,0.0,1.0,0.0,0.0,1.0,1.0,0.0,0.0,0.0,1.0,0.0,0.0,0.0,1.0,0.0,0.0,1.0,0.0,0.0,1.0,0.0,0.0,1.0
-0.2345482553044173,-0.6424666889369284,0.052280634896496016,1.053413018870969,0.3330417058201274,-0.7187454693270836,-0.4364357804719845,-0.693518123336714,-0.6900853385359567,-0.3412351689076656,-0.464548674655972,-0.6183290543740492,0.012431660139291227,0.0,0.0,0.0,1.0,0.0,0.0,0.0,1.0,0.0,0.0,0.0,0.0,0.0,0.0,0.0,1.0,0.0,0.0,0.0,0.0,0.0,1.0,0.0,0.0,0.0,0.0,1.0,0.0,0.0,0.0,0.0,1.0,0.0,0.0,0.0,1.0,0.0,0.0,0.0,1.0,0.0,1.0,0.0,0.0,1.0,0.0,0.0,1.0,0.0,0.0,0.0,1.0,0.0,1.0
-0.48857163650053714,-0.6847590726653628,0.9421637820708985,-0.7472929962930807,-0.3917005305786531,1.045047093438766,-0.4364357804719845,-0.6176140271988841,-0.6192299990254984,-0.3412351689076656,-0.464548674655972,-0.7219302999265309,-0.3049783695263035,0.0,0.0,0.0,1.0,0.0,1.0,0.0,0.0,0.0,0.0,0.0,0.0,0.0,0.0,0.0,1.0,0.0,0.0,0.0,0.0,0.0,1.0,0.0,0.0,1.0,0.0,0.0,0.0,0.0,0.0,0.0,0.0,1.0,0.0,0.0,1.0,0.0,1.0,0.0,0.0,0.0,1.0,0.0,0.0,1.0,0.0,0.0,1.0,0.0,0.0,1.0,0.0,0.0,1.0
-0.742595017696657,-0.896220991307535,0.9421637820708985,1.053413018870969,1.6013406195179933,-0.7187454693270836,-0.4364357804719845,-0.8274247169944811,-0.9544891106633543,-1.2858307921814802,2.152626957208659,-1.4186348368871282,-0.6884914239300278,0.0,1.0,0.0,0.0,0.0,0.0,0.0,1.0,0.0,0.0,0.0,1.0,0.0,0.0,0.0,0.0,0.0,0.0,0.0,0.0,0.0,1.0,0.0,0.0,0.0,0.0,1.0,0.0,0.0,1.0,0.0,0.0,0.0,0.0,0.0,1.0,0.0,1.0,0.0,0.0,0.0,1.0,0.0,0.0,1.0,0.0,0.0,1.0,0.0,0.0,1.0,0.0,0.0,1.0
3.321779081441261,2.6859064836026056,-0.8376025122779064,1.053413018870969,0.6048200444696701,-0.7187454693270836,-0.4364357804719845,0.0878658895258118,1.737359234714579,-0.3412351689076656,-0.464548674655972,1.9153892692173449,2.166854575032126,0.0,0.0,0.0,1.0,0.0,0.0,0.0,1.0,0.0,0.0,0.0,0.0,0.0,1.0,0.0,0.0,0.0,0.0,0.0,0.0,0.0,1.0,0.0,0.0,0.0,0.0,0.0,1.0,0.0,0.0,0.0,0.0,1.0,0.0,0.0,1.0,0.0,1.0,0.0,0.0,0.0,1.0,0.0,0.0,1.0,0.0,1.0,0.0,0.0,0.0,0.0,1.0,0.0,1.0
0.2734985070878224,0.1614628707858782,-0.8376025122779064,1.053413018870969,-0.3917005305786531,1.045047093438766,-0.4364357804719845,-0.1002479869534933,0.22772073186595448,0.603360454366149,-0.464548674655972,0.5494525674495028,0.5193206744088694,0.0,0.0,0.0,1.0,0.0,0.0,0.0,1.0,0.0,0.0,0.0,0.0,0.0,0.0,0.0,1.0,0.0,0.0,0.0,1.0,0.0,0.0,0.0,0.0,0.0,0.0,0.0,1.0,0.0,0.0,0.0,0.0,1.0,0.0,0.0,1.0,1.0,0.0,0.0,0.0,0.0,1.0,0.0,0.0,1.0,0.0,0.0,1.0,0.0,0.0,1.0,0.0,0.0,1.0
0.2734985070878224,-0.3714960179689061,0.9421637820708985,1.053413018870969,0.6954128240195177,1.045047093438766,2.29128784747792,-0.6100950208308877,-0.5353650711886324,0.603360454366149,-0.464548674655972,-0.0993256372804499,0.5193206744088694,0.0,0.0,0.0,1.0,0.0,1.0,0.0,0.0,0.0,0.0,0.0,0.0,0.0,0.0,0.0,0.0,0.0,0.0,1.0,0.0,0.0,0.0,0.0,1.0,0.0,1.0,0.0,0.0,0.0,0.0,0.0,0.0,1.0,0.0,0.0,1.0,1.0,0.0,0.0,0.0,0.0,1.0,0.0,0.0,1.0,0.0,0.0,1.0,0.0,0.0,0.0,1.0,0.0,1.0
0.2734985070878224,-0.6540690242960564,0.9421637820708985,1.053413018870969,-1.1164427669774335,1.045047093438766,-0.4364357804719845,-0.8804141996071748,-0.40063167850520814,-1.2858307921814802,-0.464548674655972,-0.6459380787895259,0.5193206744088694,0.0,1.0,0.0,0.0,0.0,0.0,0.0,1.0,0.0,0.0,0.0,0.0,0.0,1.0,0.0,0.0,0.0,0.0,0.0,0.0,0.0,1.0,0.0,0.0,0.0,1.0,0.0,0.0,0.0,1.0,0.0,0.0,0.0,0.0,0.0,1.0,1.0,0.0,0.0,0.0,0.0,1.0,0.0,0.0,0.0,1.0,0.0,1.0,0.0,0.0,1.0,0.0,0.0,1.0
2.3056855566567815,0.6191937141476066,0.052280634896496016,-0.7472929962930807,-0.21051497147895798,-0.7187454693270836,-0.4364357804719845,-0.5295361445087838,0.5758749188523108,-0.3412351689076656,2.152626957208659,0.9273329541842789,1.7622593178252401,0.0,0.0,0.0,1.0,0.0,0.0,0.0,1.0,0.0,1.0,0.0,0.0,0.0,0.0,0.0,0.0,0.0,0.0,0.0,0.0,0.0,1.0,0.0,0.0,0.0,0.0,0.0,0.0,1.0,0.0,0.0,0.0,1.0,0.0,0.0,1.0,1.0,0.0,0.0,0.0,1.0,0.0,0.0,0.0,0.0,1.0,1.0,0.0,0.0,0.0,0.0,1.0,0.0,1.0
0.2734985070878224,1.7307722953285822,0.052280634896496016,0.15306001128894414,0.2424489262702798,-0.7187454693270836,-0.4364357804719845,1.4010080615352114,1.259187349672956,-0.3412351689076656,-0.464548674655972,1.5483394186324317,0.5193206744088694,0.0,0.0,0.0,1.0,0.0,0.0,0.0,1.0,0.0,0.0,0.0,0.0,0.0,0.0,0.0,0.0,0.0,0.0,1.0,0.0,0.0,1.0,0.0,0.0,0.0,1.0,0.0,0.0,0.0,0.0,0.0,0.0,1.0,0.0,0.0,1.0,1.0,0.0,0.0,0.0,0.0,1.0,0.0,0.0,1.0,0.0,1.0,0.0,0.0,0.0,0.0,1.0,0.0,1.0
-0.2345482553044173,-0.8090163416727985,0.9421637820708985,0.15306001128894414,0.0612633671705847,1.045047093438766,-0.4364357804719845,-0.9059543579472747,-0.7970775674949516,-0.3412351689076656,-0.464548674655972,-1.0851477733241828,0.012431660139291227,0.0,0.0,0.0,1.0,0.0,1.0,0.0,0.0,0.0,0.0,0.0,0.0,0.0,1.0,0.0,0.0,0.0,0.0,0.0,0.0,0.0,1.0,0.0,0.0,1.0,0.0,0.0,0.0,0.0,1.0,0.0,0.0,0.0,0.0,0.0,1.0,0.0,0.0,0.0,1.0,0.0,1.0,0.0,0.0,1.0,0.0,0.0,1.0,0.0,0.0,1.0,0.0,0.0,1.0
0.2734985070878224,-0.015566310661462354,0.052280634896496016,-0.7472929962930807,-0.3917005305786531,1.045047093438766,-0.4364357804719845,-0.2696002671669816,0.050539088472917215,1.5479560776399637,-0.464548674655972,0.3676810980505231,0.5193206744088694,0.0,0.0,1.0,0.0,0.0,1.0,0.0,0.0,0.0,0.0,0.0,0.0,0.0,0.0,0.0,1.0,0.0,0.0,0.0,0.0,0.0,0.0,0.0,1.0,1.0,0.0,0.0,0.0,0.0,0.0,0.0,0.0,1.0,0.0,0.0,1.0,1.0,0.0,0.0,0.0,0.0,1.0,0.0,0.0,1.0,0.0,0.0,1.0,0.0,0.0,0.0,1.0,0.0,1.0
0.2734985070878224,1.7098132379056414,-0.8376025122779064,1.053413018870969,-0.5728860896783482,-0.7187454693270836,-0.4364357804719845,1.3809578972816061,1.9778237233142788,2.4925517009137783,-0.464548674655972,1.5389982938452238,0.5193206744088694,1.0,0.0,0.0,0.0,0.0,1.0,0.0,0.0,0.0,0.0,0.0,0.0,0.0,0.0,0.0,0.0,0.0,0.0,1.0,0.0,0.0,0.0,1.0,0.0,0.0,0.0,0.0,1.0,0.0,1.0,0.0,0.0,0.0,0.0,0.0,1.0,0.0,0.0,1.0,0.0,0.0,1.0,0.0,0.0,0.0,1.0,0.0,1.0,0.0,0.0,1.0,0.0,0.0,1.0
-0.2345482553044173,-0.6903731059036505,0.9421637820708985,0.15306001128894414,-0.8446644283278909,-0.7187454693270836,-0.4364357804719845,-0.7546233773370551,-0.5279594466911406,-1.2858307921814802,-0.464548674655972,-0.7363254730990924,0.012431660139291227,0.0,1.0,0.0,0.0,0.0,0.0,0.0,1.0,0.0,0.0,0.0,0.0,0.0,0.0,0.0,1.0,0.0,0.0,0.0,0.0,0.0,1.0,0.0,0.0,1.0,0.0,0.0,0.0,0.0,0.0,0.0,1.0,0.0,0.0,0.0,1.0,0.0,0.0,0.0,1.0,1.0,0.0,0.0,0.0,1.0,0.0,0.0,1.0,0.0,0.0,1.0,0.0,0.0,1.0
-1.2506417800888967,-0.8453204232803926,-1.727485659452309,-1.6476460038751053,-0.30110775102880555,-0.7187454693270836,-0.4364357804719845,-0.06337167293988044,-0.7908278887552662,0.603360454366149,-0.464548674655972,-1.2137528653264051,-1.8318662260302179,1.0,0.0,0.0,0.0,1.0,0.0,0.0,0.0,0.0,0.0,0.0,0.0,0.0,1.0,0.0,0.0,0.0,0.0,0.0,1.0,0.0,0.0,0.0,0.0,0.0,0.0,1.0,0.0,0.0,1.0,0.0,0.0,0.0,0.0,0.0,1.0,0.0,1.0,0.0,0.0,0.0,0.0,1.0,0.0,1.0,0.0,0.0,0.0,0.0,1.0,1.0,0.0,0.0,1.0
0.7815452694800622,0.4051119133275668,-0.8376025122779064,-0.7472929962930807,-0.8446644283278909,1.045047093438766,-0.4364357804719845,-0.17307294586239425,0.7793205808927097,0.603360454366149,2.152626957208659,0.7641493304551692,0.9166346534898615,0.0,0.0,0.0,1.0,0.0,0.0,1.0,0.0,0.0,1.0,0.0,0.0,0.0,0.0,0.0,0.0,0.0,0.0,0.0,1.0,0.0,0.0,0.0,0.0,1.0,0.0,0.0,0.0,0.0,0.0,0.0,0.0,1.0,0.0,0.0,1.0,0.0,1.0,0.0,0.0,0.0,1.0,0.0,0.0,1.0,0.0,0.0,0.0,0.0,1.0,1.0,0.0,0.0,1.0
-0.2345482553044173,0.5256264935094773,0.052280634896496016,-0.7472929962930807,-0.30110775102880555,-0.7187454693270836,-0.4364357804719845,0.7963998277184773,0.5384207472798227,-0.3412351689076656,-0.464548674655972,0.8585186026347862,0.012431660139291227,0.0,0.0,0.0,1.0,0.0,0.0,0.0,1.0,0.0,0.0,0.0,0.0,0.0,0.0,0.0,1.0,0.0,0.0,0.0,0.0,0.0,1.0,0.0,0.0,0.0,0.0,1.0,0.0,0.0,0.0,0.0,0.0,1.0,0.0,0.0,1.0,1.0,0.0,0.0,0.0,0.0,1.0,0.0,0.0,1.0,0.0,0.0,1.0,0.0,0.0,0.0,1.0,0.0,1.0
1.5436154130684216,4.112993732775354,0.9421637820708985,1.053413018870969,-0.4822933101285007,1.045047093438766,-0.4364357804719845,1.7273745599983008,4.359698985041519,-0.3412351689076656,-0.464548674655972,2.322214528547173,1.3874245025311263,0.0,1.0,0.0,0.0,0.0,1.0,0.0,0.0,0.0,0.0,0.0,0.0,1.0,0.0,0.0,0.0,0.0,0.0,0.0,0.0,0.0,0.0,0.0,1.0,0.0,1.0,0.0,0.0,0.0,0.0,0.0,0.0,1.0,0.0,0.0,1.0,0.0,1.0,0.0,0.0,0.0,1.0,0.0,0.0,1.0,0.0,1.0,0.0,0.0,0.0,0.0,1.0,0.0,1.0
-0.742595017696657,1.2270063794128943,-0.8376025122779064,-1.6476460038751053,1.5107478399681458,-0.7187454693270836,-0.4364357804719845,3.234880083618633,0.31572104020102,0.603360454366149,-0.464548674655972,1.3028147791447404,-0.6884914239300278,1.0,0.0,0.0,0.0,0.0,0.0,0.0,1.0,0.0,0.0,0.0,0.0,0.0,0.0,0.0,1.0,0.0,0.0,0.0,0.0,0.0,0.0,0.0,1.0,0.0,0.0,0.0,0.0,1.0,0.0,0.0,0.0,1.0,0.0,0.0,1.0,0.0,0.0,1.0,0.0,0.0,1.0,0.0,0.0,1.0,0.0,1.0,0.0,0.0,0.0,0.0,1.0,0.0,1.0
0.2734985070878224,-0.744267824991213,0.9421637820708985,-1.6476460038751053,-0.8446644283278909,-0.7187454693270836,-0.4364357804719845,-0.9667015136271552,-0.5922738723734345,-0.3412351689076656,-0.464548674655972,-0.8832977846044048,0.5193206744088694,1.0,0.0,0.0,0.0,0.0,0.0,0.0,1.0,0.0,0.0,0.0,0.0,0.0,1.0,0.0,0.0,0.0,0.0,0.0,0.0,0.0,1.0,0.0,0.0,0.0,0.0,1.0,0.0,0.0,0.0,0.0,0.0,1.0,0.0,0.0,1.0,0.0,1.0,0.0,0.0,0.0,1.0,0.0,0.0,1.0,0.0,0.0,1.0,0.0,0.0,1.0,0.0,0.0,1.0
-1.2506417800888967,0.07276114562093167,-1.727485659452309,1.053413018870969,0.7860056035693652,-0.7187454693270836,-0.4364357804719845,3.4496991438730036,-0.23558040507211991,-1.2858307921814802,-0.464548674655972,0.46155206257480325,-1.8318662260302179,0.0,1.0,0.0,0.0,0.0,1.0,0.0,0.0,0.0,0.0,0.0,0.0,1.0,0.0,0.0,0.0,0.0,0.0,0.0,0.0,0.0,1.0,0.0,0.0,1.0,0.0,0.0,0.0,0.0,0.0,1.0,0.0,0.0,0.0,0.0,1.0,0.0,0.0,0.0,1.0,0.0,1.0,0.0,0.0,0.0,1.0,1.0,0.0,0.0,0.0,0.0,1.0,0.0,1.0
-1.2506417800888967,-0.8449461543978402,0.052280634896496016,-0.7472929962930807,-1.025849987427586,-0.7187454693270836,-0.4364357804719845,-0.061939520140527435,-0.677728702432446,-0.3412351689076656,-0.464548674655972,-1.2123599309679647,-1.8318662260302179,0.0,0.0,0.0,1.0,0.0,0.0,1.0,0.0,0.0,0.0,0.0,0.0,0.0,0.0,0.0,1.0,0.0,0.0,0.0,0.0,0.0,1.0,0.0,0.0,1.0,0.0,0.0,0.0,0.0,1.0,0.0,0.0,0.0,0.0,0.0,1.0,0.0,0.0,0.0,1.0,0.0,1.0,0.0,0.0,1.0,0.0,0.0,1.0,0.0,0.0,1.0,0.0,0.0,1.0
0.2734985070878224,-0.6420924200543758,0.9421637820708985,0.15306001128894414,-0.21051497147895798,-0.7187454693270836,-0.4364357804719845,-0.868956962890829,-0.6099900723162824,0.603360454366149,-0.464548674655972,-0.6174481379857476,0.5193206744088694,0.0,0.0,0.0,1.0,0.0,0.0,0.0,1.0,0.0,0.0,0.0,0.0,0.0,1.0,0.0,0.0,0.0,0.0,0.0,1.0,0.0,0.0,0.0,0.0,0.0,0.0,1.0,0.0,0.0,0.0,0.0,1.0,0.0,0.0,0.0,1.0,0.0,0.0,0.0,1.0,0.0,1.0,0.0,0.0,1.0,0.0,0.0,1.0,0.0,0.0,0.0,1.0,0.0,1.0
-0.742595017696657,-0.04213940132269106,-0.8376025122779064,1.053413018870969,1.5107478399681458,-0.7187454693270836,-0.4364357804719845,0.8066629888047656,-0.4415368050388315,-0.3412351689076656,-0.464548674655972,0.33805955012361394,-0.6884914239300278,0.0,0.0,0.0,1.0,0.0,0.0,0.0,1.0,0.0,0.0,0.0,0.0,0.0,0.0,0.0,1.0,0.0,0.0,0.0,0.0,0.0,1.0,0.0,0.0,1.0,0.0,0.0,0.0,0.0,0.0,0.0,0.0,1.0,0.0,0.0,1.0,1.0,0.0,0.0,0.0,0.0,1.0,0.0,0.0,1.0,0.0,0.0,1.0,0.0,0.0,0.0,1.0,0.0,1.0
-0.742595017696657,-0.3082445768175307,0.052280634896496016,0.15306001128894414,0.0612633671705847,-0.7187454693270836,-0.4364357804719845,0.2975322443598644,-0.3654860397806657,1.5479560776399637,-0.464548674655972,-0.003108176351656765,-0.6884914239300278,1.0,0.0,0.0,0.0,0.0,1.0,0.0,0.0,0.0,0.0,0.0,0.0,0.0,1.0,0.0,0.0,0.0,0.0,0.0,0.0,1.0,0.0,0.0,0.0,0.0,1.0,0.0,0.0,0.0,0.0,1.0,0.0,0.0,0.0,0.0,1.0,1.0,0.0,0.0,0.0,0.0,1.0,0.0,0.0,1.0,0.0,1.0,0.0,0.0,0.0,0.0,1.0,0.0,1.0
1.289592031872302,3.526514393815559,-1.727485659452309,1.053413018870969,1.057783942218908,-0.7187454693270836,2.29128784747792,1.6136834361918424,1.9873832186515115,0.603360454366149,2.152626957208659,2.1701061951467375,1.2434283535975954,1.0,0.0,0.0,0.0,0.0,0.0,0.0,1.0,0.0,0.0,0.0,1.0,0.0,0.0,0.0,0.0,0.0,0.0,0.0,1.0,0.0,0.0,0.0,0.0,1.0,0.0,0.0,0.0,0.0,0.0,0.0,0.0,1.0,0.0,0.0,1.0,0.0,0.0,1.0,0.0,0.0,1.0,0.0,1.0,0.0,0.0,0.0,1.0,0.0,0.0,0.0,1.0,0.0,1.0
0.01947512589170256,-0.3131100722907134,-1.727485659452309,1.053413018870969,1.057783942218908,1.045047093438766,-0.4364357804719845,-0.4338889152493835,-0.5473163924581944,-0.3412351689076656,-0.464548674655972,-0.010261697987636011,0.28321049937129605,1.0,0.0,0.0,0.0,0.0,0.0,1.0,0.0,0.0,0.0,0.0,0.0,0.0,1.0,0.0,0.0,0.0,0.0,0.0,0.0,0.0,1.0,0.0,0.0,1.0,0.0,0.0,0.0,0.0,0.0,1.0,0.0,0.0,0.0,0.0,1.0,0.0,1.0,0.0,0.0,0.0,1.0,0.0,0.0,1.0,0.0,0.0,1.0,0.0,0.0,1.0,0.0,0.0,1.0
-0.8272694780953637,1.5114507301528073,-1.727485659452309,1.053413018870969,0.3330417058201274,1.045047093438766,-0.4364357804719845,4.249625857683116,1.023477472825581,-0.3412351689076656,-0.464548674655972,1.4470967622661857,-0.836331518390954,0.0,0.0,0.0,1.0,0.0,1.0,0.0,0.0,0.0,0.0,0.0,0.0,0.0,1.0,0.0,0.0,0.0,0.0,0.0,0.0,0.0,1.0,0.0,0.0,1.0,0.0,0.0,0.0,0.0,0.0,0.0,0.0,1.0,0.0,0.0,1.0,0.0,1.0,0.0,0.0,0.0,1.0,0.0,0.0,1.0,0.0,0.0,0.0,0.0,1.0,1.0,0.0,0.0,1.0
-0.742595017696657,-0.5736012145472653,-0.8376025122779064,-0.7472929962930807,-0.7540716487780433,-0.7187454693270836,-0.4364357804719845,-0.2101663460922241,-0.41602123731303614,-1.2858307921814802,-0.464548674655972,-0.46553519469698623,-0.6884914239300278,0.0,1.0,0.0,0.0,0.0,0.0,0.0,1.0,0.0,0.0,0.0,0.0,1.0,0.0,0.0,0.0,0.0,0.0,0.0,0.0,0.0,1.0,0.0,0.0,1.0,0.0,0.0,0.0,0.0,0.0,0.0,0.0,1.0,0.0,0.0,1.0,0.0,0.0,0.0,1.0,0.0,1.0,0.0,0.0,1.0,0.0,0.0,1.0,0.0,0.0,1.0,0.0,0.0,1.0
2.3056855566567815,1.3067256513965804,0.9421637820708985,1.053413018870969,0.2424489262702798,-0.7187454693270836,2.29128784747792,-0.20067757837274386,0.9129566146840672,0.603360454366149,2.152626957208659,1.3448940543832795,1.7622593178252401,1.0,0.0,0.0,0.0,0.0,0.0,1.0,0.0,0.0,1.0,0.0,0.0,0.0,0.0,0.0,0.0,0.0,0.0,0.0,0.0,0.0,0.0,0.0,1.0,1.0,0.0,0.0,0.0,0.0,0.0,0.0,0.0,1.0,0.0,0.0,1.0,0.0,0.0,1.0,0.0,0.0,1.0,0.0,1.0,0.0,0.0,0.0,1.0,0.0,0.0,0.0,1.0,0.0,1.0
0.2734985070878224,-0.6783965016619701,0.9421637820708985,-0.7472929962930807,1.057783942218908,-0.7187454693270836,-0.4364357804719845,-0.9036867116872526,-0.7884575193168623,1.5479560776399637,-0.464548674655972,-0.7058063325283273,0.5193206744088694,0.0,0.0,1.0,0.0,0.0,0.0,0.0,1.0,0.0,0.0,0.0,0.0,0.0,0.0,0.0,1.0,0.0,0.0,0.0,1.0,0.0,0.0,0.0,0.0,0.0,0.0,0.0,1.0,0.0,1.0,0.0,0.0,0.0,0.0,0.0,1.0,0.0,0.0,1.0,0.0,0.0,1.0,0.0,1.0,0.0,0.0,0.0,1.0,0.0,0.0,0.0,1.0,0.0,1.0
3.321779081441261,1.2490882434834927,0.9421637820708985,1.053413018870969,-0.11992219192911042,-0.7187454693270836,2.29128784747792,-0.46193839485085303,1.100551372018685,0.603360454366149,-0.464548674655972,1.3146076983018244,2.166854575032126,0.0,0.0,0.0,1.0,0.0,0.0,0.0,1.0,0.0,0.0,0.0,0.0,0.0,1.0,0.0,0.0,0.0,0.0,0.0,0.0,0.0,0.0,0.0,1.0,1.0,0.0,0.0,0.0,0.0,0.0,0.0,0.0,1.0,0.0,0.0,1.0,0.0,0.0,1.0,0.0,0.0,1.0,0.0,1.0,0.0,0.0,0.0,1.0,0.0,0.0,0.0,1.0,0.0,1.0
3.321779081441261,1.3647373281922206,0.052280634896496016,1.053413018870969,2.507268415016469,1.045047093438766,-0.4364357804719845,-0.4176848069705745,0.13135586249868406,-1.2858307921814802,2.152626957208659,1.3746802890419834,2.166854575032126,0.0,1.0,0.0,0.0,0.0,0.0,1.0,0.0,0.0,1.0,0.0,0.0,0.0,0.0,0.0,0.0,0.0,0.0,0.0,0.0,0.0,1.0,0.0,0.0,0.0,0.0,0.0,1.0,0.0,0.0,0.0,0.0,1.0,0.0,0.0,1.0,0.0,0.0,1.0,0.0,0.0,1.0,0.0,0.0,1.0,0.0,0.0,1.0,0.0,0.0,0.0,1.0,0.0,1.0
-0.742595017696657,-0.8378350456293423,0.9421637820708985,1.053413018870969,-0.7540716487780433,4.572632218970465,-0.4364357804719845,-0.7157167055550935,-0.7196620847001794,0.603360454366149,-0.464548674655972,-1.18617409757827,-0.6884914239300278,1.0,0.0,0.0,0.0,0.0,0.0,0.0,1.0,0.0,0.0,0.0,0.0,1.0,0.0,0.0,0.0,0.0,0.0,0.0,1.0,0.0,0.0,0.0,0.0,0.0,0.0,1.0,0.0,0.0,1.0,0.0,0.0,0.0,0.0,0.0,1.0,1.0,0.0,0.0,0.0,1.0,0.0,0.0,0.0,0.0,1.0,0.0,1.0,0.0,0.0,1.0,0.0,0.0,1.0
0.2734985070878224,0.1655798284939559,-1.727485659452309,1.053413018870969,-1.207035546527281,-0.7187454693270836,-0.4364357804719845,-0.09630956183224931,0.7884154161189664,-1.2858307921814802,-0.464548674655972,0.553391377583507,0.5193206744088694,0.0,1.0,0.0,0.0,1.0,0.0,0.0,0.0,0.0,0.0,0.0,0.0,0.0,0.0,0.0,0.0,0.0,0.0,1.0,0.0,0.0,1.0,0.0,0.0,1.0,0.0,0.0,0.0,0.0,1.0,0.0,0.0,0.0,0.0,1.0,0.0,1.0,0.0,0.0,0.0,1.0,0.0,0.0,0.0,0.0,1.0,0.0,1.0,0.0,0.0,1.0,0.0,1.0,0.0
-0.742595017696657,-0.6349813112858781,0.9421637820708985,0.15306001128894414,-0.11992219192911042,-0.7187454693270836,2.29128784747792,-0.3276029735028622,-0.6187562368021063,-0.3412351689076656,-0.464548674655972,-0.6008232480989548,-0.6884914239300278,0.0,0.0,0.0,1.0,0.0,0.0,0.0,1.0,0.0,0.0,0.0,0.0,0.0,0.0,0.0,1.0,0.0,0.0,0.0,0.0,0.0,1.0,0.0,0.0,0.0,0.0,1.0,0.0,0.0,1.0,0.0,0.0,0.0,0.0,0.0,1.0,1.0,0.0,0.0,0.0,0.0,1.0,0.0,0.0,1.0,0.0,0.0,1.0,0.0,0.0,1.0,0.0,0.0,1.0
-1.2506417800888967,-0.8718935139416214,-1.727485659452309,1.053413018870969,0.3330417058201274,1.045047093438766,-0.4364357804719845,-0.1650545216939427,-0.8726073200067858,-1.2858307921814802,-0.464548674655972,-1.3166763911974428,-1.8318662260302179,0.0,1.0,0.0,0.0,0.0,1.0,0.0,0.0,0.0,0.0,0.0,0.0,0.0,1.0,0.0,0.0,0.0,0.0,0.0,0.0,0.0,1.0,0.0,0.0,0.0,0.0,0.0,1.0,0.0,1.0,0.0,0.0,0.0,0.0,0.0,1.0,0.0,0.0,1.0,0.0,0.0,1.0,0.0,0.0,1.0,0.0,0.0,1.0,0.0,0.0,0.0,1.0,0.0,1.0
0.2734985070878224,-0.7229344986857196,0.9421637820708985,-1.6476460038751053,-0.9352572078777385,-0.7187454693270836,-0.4364357804719845,-0.946293310726164,-0.5443417691116044,-0.3412351689076656,2.152626957208659,-0.82311803670748,0.5193206744088694,0.0,0.0,0.0,1.0,0.0,0.0,0.0,1.0,0.0,1.0,0.0,0.0,0.0,0.0,0.0,0.0,0.0,0.0,0.0,0.0,0.0,1.0,0.0,0.0,0.0,1.0,0.0,0.0,0.0,0.0,0.0,0.0,1.0,0.0,0.0,1.0,0.0,0.0,0.0,1.0,0.0,1.0,0.0,0.0,1.0,0.0,0.0,1.0,0.0,0.0,0.0,1.0,0.0,1.0
-0.742595017696657,-0.9216712753211062,0.9421637820708985,0.15306001128894414,-0.21051497147895798,-0.7187454693270836,-0.4364357804719845,-0.8761179527501116,-0.872850947213297,-0.3412351689076656,-0.464548674655972,-1.5346251848704324,-0.6884914239300278,0.0,1.0,0.0,0.0,0.0,0.0,0.0,1.0,0.0,0.0,0.0,0.0,0.0,0.0,0.0,1.0,0.0,0.0,0.0,1.0,0.0,0.0,0.0,0.0,0.0,0.0,1.0,0.0,0.0,0.0,0.0,1.0,0.0,0.0,0.0,1.0,0.0,0.0,1.0,0.0,0.0,1.0,0.0,0.0,1.0,0.0,0.0,0.0,0.0,1.0,0.0,1.0,0.0,1.0
1.7976387942645415,1.4912402104949714,0.9421637820708985,0.15306001128894414,-0.4822933101285007,-0.7187454693270836,-0.4364357804719845,0.07104819373035946,1.6482205243441266,-0.3412351689076656,-0.464548674655972,1.4373575882167027,1.5210018607961258,0.0,1.0,0.0,0.0,0.0,0.0,0.0,1.0,0.0,0.0,0.0,0.0,0.0,0.0,0.0,1.0,0.0,0.0,0.0,0.0,0.0,0.0,0.0,1.0,0.0,1.0,0.0,0.0,0.0,1.0,0.0,0.0,0.0,0.0,0.0,1.0,1.0,0.0,0.0,0.0,0.0,1.0,0.0,0.0,1.0,0.0,1.0,0.0,0.0,0.0,0.0,1.0,0.0,1.0
-0.48857163650053714,-0.5092269667482323,0.9421637820708985,1.053413018870969,0.9671911626690604,1.045047093438766,-0.4364357804719845,-0.3489418933685771,-0.6669577568705387,-0.3412351689076656,-0.464548674655972,-0.3373275838098983,-0.3049783695263035,0.0,0.0,0.0,1.0,0.0,1.0,0.0,0.0,0.0,0.0,0.0,0.0,0.0,0.0,0.0,1.0,0.0,0.0,0.0,0.0,0.0,1.0,0.0,0.0,0.0,0.0,0.0,1.0,0.0,0.0,0.0,0.0,1.0,0.0,0.0,1.0,1.0,0.0,0.0,0.0,0.0,1.0,0.0,0.0,1.0,0.0,0.0,1.0,0.0,0.0,0.0,1.0,0.0,1.0
1.289592031872302,0.9927140589350185,-0.8376025122779064,-0.7472929962930807,-0.029329412379262863,1.045047093438766,2.29128784747792,-0.00226455011324333,0.8095893872156866,-0.3412351689076656,-0.464548674655972,1.1706152721809548,1.2434283535975954,0.0,0.0,0.0,1.0,0.0,1.0,0.0,0.0,0.0,0.0,0.0,0.0,0.0,0.0,0.0,0.0,0.0,0.0,1.0,0.0,0.0,1.0,0.0,0.0,0.0,0.0,0.0,1.0,0.0,0.0,0.0,0.0,1.0,0.0,0.0,1.0,0.0,1.0,0.0,0.0,0.0,1.0,0.0,0.0,1.0,0.0,0.0,1.0,0.0,0.0,0.0,1.0,0.0,1.0
0.2734985070878224,-0.4695544651976655,0.9421637820708985,1.053413018870969,-0.3917005305786531,1.045047093438766,-0.4364357804719845,-0.7039011464459701,-0.40384005198322265,-0.3412351689076656,2.152626957208659,-0.26418846536690105,0.5193206744088694,1.0,0.0,0.0,0.0,0.0,1.0,0.0,0.0,0.0,1.0,0.0,0.0,0.0,0.0,0.0,0.0,0.0,0.0,0.0,0.0,0.0,1.0,0.0,0.0,0.0,0.0,0.0,1.0,0.0,0.0,1.0,0.0,0.0,0.0,0.0,1.0,0.0,0.0,0.0,1.0,0.0,1.0,0.0,0.0,1.0,0.0,0.0,1.0,0.0,0.0,0.0,1.0,0.0,1.0
-0.9119439384940703,-0.7330397585146375,0.052280634896496016,1.053413018870969,-0.30110775102880555,1.045047093438766,2.29128784747792,-0.33891716634406244,-0.6819623165984202,-0.3412351689076656,-0.464548674655972,-0.8512769889043901,-0.9970428507185473,0.0,0.0,0.0,1.0,0.0,1.0,0.0,0.0,0.0,0.0,0.0,0.0,0.0,1.0,0.0,0.0,0.0,0.0,0.0,0.0,0.0,1.0,0.0,0.0,0.0,0.0,0.0,1.0,0.0,0.0,0.0,0.0,1.0,0.0,0.0,1.0,0.0,0.0,0.0,1.0,0.0,1.0,0.0,0.0,1.0,0.0,0.0,0.0,0.0,1.0,1.0,0.0,1.0,0.0
0.2734985070878224,-0.7139520455044591,0.9421637820708985,-0.7472929962930807,-0.30110775102880555,-0.7187454693270836,-0.4364357804719845,-0.9377003831889045,-0.6634551693317563,-0.3412351689076656,-0.464548674655972,-0.7985902678004866,0.5193206744088694,0.0,1.0,0.0,0.0,0.0,0.0,0.0,1.0,0.0,0.0,0.0,0.0,0.0,0.0,0.0,1.0,0.0,0.0,0.0,1.0,0.0,0.0,0.0,0.0,1.0,0.0,0.0,0.0,0.0,1.0,0.0,0.0,0.0,0.0,0.0,1.0,1.0,0.0,0.0,0.0,0.0,1.0,0.0,0.0,1.0,0.0,0.0,0.0,0.0,1.0,1.0,0.0,0.0,1.0
0.7815452694800622,-0.5518936193592193,0.9421637820708985,-1.6476460038751053,-0.8446644283278909,-0.7187454693270836,-0.4364357804719845,-0.9054768639884432,-0.3627071029241352,0.603360454366149,-0.464548674655972,-0.4208735054886527,0.9166346534898615,1.0,0.0,0.0,0.0,0.0,0.0,0.0,1.0,0.0,0.0,0.0,0.0,0.0,0.0,0.0,1.0,0.0,0.0,0.0,0.0,0.0,0.0,0.0,1.0,1.0,0.0,0.0,0.0,0.0,1.0,0.0,0.0,0.0,0.0,0.0,1.0,1.0,0.0,0.0,0.0,0.0,1.0,0.0,0.0,1.0,0.0,0.0,1.0,0.0,0.0,1.0,0.0,0.0,1.0
-1.2506417800888967,-0.8449461543978402,-1.727485659452309,0.15306001128894414,0.3330417058201274,1.045047093438766,-0.4364357804719845,-0.061939520140527435,-0.8511691753642089,0.603360454366149,2.152626957208659,-1.2123599309679647,-1.8318662260302179,1.0,0.0,0.0,0.0,0.0,1.0,0.0,0.0,0.0,0.0,0.0,0.0,0.0,0.0,0.0,0.0,0.0,1.0,0.0,0.0,0.0,0.0,0.0,1.0,0.0,1.0,0.0,0.0,0.0,1.0,0.0,0.0,0.0,0.0,0.0,1.0,0.0,1.0,0.0,0.0,0.0,1.0,0.0,0.0,1.0,0.0,0.0,0.0,0.0,1.0,1.0,0.0,0.0,1.0
-0.48857163650053714,-0.6533204865309514,0.9421637820708985,-1.6476460038751053,-1.1164427669774335,-0.7187454693270836,-0.4364357804719845,-0.5694936450203216,-0.39962191100288247,0.603360454366149,-0.464548674655972,-0.6441390325673498,-0.3049783695263035,1.0,0.0,0.0,0.0,0.0,0.0,0.0,1.0,0.0,0.0,0.0,0.0,0.0,0.0,0.0,1.0,0.0,0.0,0.0,0.0,0.0,0.0,0.0,1.0,0.0,0.0,1.0,0.0,0.0,0.0,0.0,0.0,1.0,0.0,0.0,1.0,0.0,1.0,0.0,0.0,0.0,1.0,0.0,0.0,1.0,0.0,0.0,1.0,0.0,0.0,1.0,0.0,0.0,1.0
-0.8272694780953637,-0.6724081995411297,0.9421637820708985,1.053413018870969,-0.029329412379262863,1.045047093438766,-0.4364357804719845,-0.3085293686724977,-0.6665033929725809,-0.3412351689076656,-0.464548674655972,-0.6908115205235178,-0.836331518390954,0.0,0.0,0.0,1.0,0.0,1.0,0.0,0.0,0.0,0.0,0.0,0.0,0.0,1.0,0.0,0.0,0.0,0.0,0.0,0.0,0.0,1.0,0.0,0.0,0.0,0.0,1.0,0.0,0.0,1.0,0.0,0.0,0.0,0.0,0.0,1.0,1.0,0.0,0.0,0.0,0.0,1.0,0.0,0.0,1.0,0.0,1.0,0.0,0.0,0.0,1.0,0.0,0.0,1.0
0.2734985070878224,-0.6724081995411297,-0.8376025122779064,-0.7472929962930807,-0.3917005305786531,-0.7187454693270836,-0.4364357804719845,-0.8979580933290796,-0.606868489021333,-0.3412351689076656,-0.464548674655972,-0.6908115205235178,0.5193206744088694,0.0,0.0,0.0,1.0,0.0,0.0,0.0,1.0,0.0,0.0,0.0,0.0,0.0,1.0,0.0,0.0,0.0,0.0,0.0,0.0,0.0,1.0,0.0,0.0,1.0,0.0,0.0,0.0,0.0,0.0,0.0,0.0,1.0,0.0,1.0,0.0,0.0,0.0,0.0,1.0,0.0,1.0,0.0,0.0,1.0,0.0,0.0,1.0,0.0,0.0,0.0,1.0,0.0,1.0
1.289592031872302,-0.3190983744115537,0.9421637820708985,1.053413018870969,0.0612633671705847,-0.7187454693270836,-0.4364357804719845,-0.8388816390348572,-0.374840415194503,-0.3412351689076656,-0.464548674655972,-0.019120461497264072,1.2434283535975954,1.0,0.0,0.0,0.0,0.0,1.0,0.0,0.0,0.0,0.0,0.0,0.0,0.0,0.0,0.0,1.0,0.0,0.0,0.0,0.0,0.0,1.0,0.0,0.0,0.0,0.0,0.0,1.0,0.0,0.0,0.0,0.0,1.0,0.0,0.0,1.0,0.0,0.0,0.0,1.0,0.0,1.0,0.0,0.0,1.0,0.0,0.0,1.0,0.0,0.0,1.0,0.0,0.0,1.0
-1.2506417800888967,-0.5425368972954063,-0.8376025122779064,-0.7472929962930807,-0.4822933101285007,1.045047093438766,-0.4364357804719845,1.0952399417366883,-0.45515905530321576,-0.3412351689076656,-0.464548674655972,-0.4020864963946195,-1.8318662260302179,0.0,0.0,0.0,1.0,0.0,1.0,0.0,0.0,0.0,0.0,0.0,0.0,0.0,0.0,0.0,1.0,0.0,0.0,0.0,0.0,0.0,1.0,0.0,0.0,0.0,0.0,0.0,1.0,0.0,0.0,0.0,1.0,0.0,0.0,0.0,1.0,0.0,0.0,0.0,1.0,0.0,1.0,0.0,0.0,0.0,1.0,0.0,1.0,0.0,0.0,1.0,0.0,0.0,1.0
-0.2345482553044173,-0.35615099378425286,-0.8376025122779064,-1.6476460038751053,-0.9352572078777385,1.045047093438766,-0.4364357804719845,-0.3283187537253005,-0.08913856323004721,-0.3412351689076656,-0.464548674655972,-0.07531983444310708,0.012431660139291227,0.0,0.0,0.0,1.0,0.0,1.0,0.0,0.0,0.0,0.0,0.0,0.0,0.0,0.0,0.0,1.0,0.0,0.0,0.0,0.0,0.0,1.0,0.0,0.0,1.0,0.0,0.0,0.0,0.0,1.0,0.0,0.0,0.0,0.0,0.0,1.0,1.0,0.0,0.0,0.0,0.0,1.0,0.0,0.0,1.0,0.0,0.0,1.0,0.0,0.0,1.0,0.0,0.0,1.0
-0.742595017696657,-0.3213439877068688,-1.727485659452309,1.053413018870969,1.238969501318603,-0.7187454693270836,-0.4364357804719845,0.272469549485643,-0.5762589702170653,0.603360454366149,-0.464548674655972,-0.022458136562284917,-0.6884914239300278,0.0,0.0,0.0,1.0,0.0,1.0,0.0,0.0,0.0,0.0,0.0,0.0,0.0,0.0,0.0,1.0,0.0,0.0,0.0,0.0,0.0,0.0,0.0,1.0,0.0,0.0,0.0,1.0,0.0,0.0,0.0,0.0,1.0,1.0,0.0,0.0,0.0,0.0,0.0,1.0,0.0,1.0,0.0,0.0,1.0,0.0,0.0,1.0,0.0,0.0,0.0,1.0,0.0,1.0
-0.9966183988927769,-0.6742795439538923,0.9421637820708985,-0.7472929962930807,-0.8446644283278909,-0.7187454693270836,-0.4364357804719845,-0.07148646923774113,-0.5087544445776778,-0.3412351689076656,-0.464548674655972,-0.6954788312038335,-1.1730821976485595,0.0,0.0,0.0,1.0,0.0,0.0,0.0,1.0,0.0,0.0,0.0,0.0,1.0,0.0,0.0,0.0,0.0,0.0,0.0,0.0,0.0,1.0,0.0,0.0,1.0,0.0,0.0,0.0,0.0,1.0,0.0,0.0,0.0,0.0,0.0,1.0,0.0,0.0,0.0,1.0,0.0,1.0,0.0,0.0,0.0,1.0,0.0,1.0,0.0,0.0,1.0,0.0,0.0,1.0
2.3056855566567815,4.203566802353063,-0.8376025122779064,-0.7472929962930807,-0.9352572078777385,-0.7187454693270836,-0.4364357804719845,1.184932275678943,5.5697804747852695,-0.3412351689076656,2.152626957208659,2.3441950895612766,1.7622593178252401,1.0,0.0,0.0,0.0,0.0,0.0,0.0,0.0,1.0,1.0,0.0,0.0,0.0,0.0,0.0,0.0,0.0,0.0,0.0,0.0,0.0,1.0,0.0,0.0,1.0,0.0,0.0,0.0,0.0,0.0,0.0,0.0,1.0,0.0,0.0,1.0,1.0,0.0,0.0,0.0,0.0,1.0,0.0,0.0,1.0,0.0,0.0,1.0,0.0,0.0,0.0,1.0,0.0,1.0
-1.2506417800888967,-0.7431450183435555,0.9421637820708985,-1.6476460038751053,-0.029329412379262863,-0.7187454693270836,-0.4364357804719845,0.3276060412834857,-0.7292099642145639,0.603360454366149,-0.464548674655972,-0.8800599486990807,-1.8318662260302179,0.0,0.0,0.0,1.0,0.0,0.0,0.0,0.0,1.0,0.0,0.0,0.0,0.0,1.0,0.0,0.0,0.0,0.0,0.0,1.0,0.0,0.0,0.0,0.0,1.0,0.0,0.0,0.0,0.0,0.0,0.0,0.0,1.0,0.0,0.0,1.0,0.0,0.0,1.0,0.0,1.0,0.0,0.0,0.0,0.0,1.0,0.0,1.0,0.0,0.0,1.0,0.0,1.0,0.0
1.289592031872302,0.12927574688636173,0.9421637820708985,1.053413018870969,0.15185614672043227,1.045047093438766,-0.4364357804719845,-0.5529280662736323,-0.01922593575083542,-0.3412351689076656,-0.464548674655972,0.5182394533023886,1.2434283535975954,0.0,0.0,0.0,1.0,0.0,1.0,0.0,0.0,0.0,0.0,0.0,0.0,0.0,1.0,0.0,0.0,0.0,0.0,0.0,0.0,0.0,1.0,0.0,0.0,0.0,1.0,0.0,0.0,0.0,0.0,0.0,0.0,1.0,0.0,0.0,1.0,1.0,0.0,0.0,0.0,0.0,1.0,0.0,0.0,1.0,0.0,0.0,1.0,0.0,0.0,0.0,1.0,0.0,1.0
-0.742595017696657,0.17269093726245371,-1.727485659452309,0.15306001128894414,-0.3917005305786531,-0.7187454693270836,2.29128784747792,1.2176911847419993,0.23895846823337755,1.5479560776399637,-0.464548674655972,0.5601667703325706,-0.6884914239300278,0.0,1.0,0.0,0.0,0.0,0.0,0.0,1.0,0.0,0.0,0.0,0.0,0.0,1.0,0.0,0.0,0.0,0.0,0.0,0.0,0.0,0.0,1.0,0.0,1.0,0.0,0.0,0.0,0.0,0.0,0.0,0.0,1.0,0.0,0.0,1.0,0.0,1.0,0.0,0.0,0.0,1.0,0.0,0.0,1.0,0.0,0.0,1.0,0.0,0.0,1.0,0.0,0.0,1.0
-0.9119439384940703,-0.9216712753211062,0.9421637820708985,1.053413018870969,0.9671911626690604,-0.7187454693270836,-0.4364357804719845,-0.7720004615901223,-0.9451487642375387,1.5479560776399637,2.152626957208659,-1.5346251848704324,-0.9970428507185473,0.0,0.0,0.0,1.0,0.0,0.0,0.0,1.0,0.0,0.0,0.0,1.0,0.0,0.0,0.0,0.0,0.0,0.0,0.0,0.0,1.0,0.0,0.0,0.0,0.0,0.0,0.0,1.0,0.0,0.0,0.0,0.0,1.0,0.0,0.0,1.0,0.0,0.0,1.0,0.0,0.0,1.0,0.0,1.0,0.0,0.0,0.0,1.0,0.0,0.0,0.0,1.0,0.0,1.0
0.7815452694800622,-0.32059544994176375,0.9421637820708985,-0.7472929962930807,-0.4822933101285007,-0.7187454693270836,-0.4364357804719845,-0.728462541969711,-0.22562204927986756,1.5479560776399637,-0.464548674655972,-0.021344624994078503,0.9166346534898615,0.0,0.0,0.0,1.0,0.0,0.0,0.0,1.0,0.0,0.0,0.0,0.0,0.0,0.0,0.0,1.0,0.0,0.0,0.0,0.0,1.0,0.0,0.0,0.0,0.0,0.0,0.0,1.0,0.0,0.0,0.0,0.0,1.0,0.0,0.0,1.0,1.0,0.0,0.0,0.0,1.0,0.0,0.0,0.0,1.0,0.0,1.0,0.0,0.0,0.0,1.0,0.0,0.0,1.0
0.2734985070878224,-0.6765251572492075,0.9421637820708985,-1.6476460038751053,-0.8446644283278909,1.045047093438766,-0.4364357804719845,-0.9018965184503236,-0.5114342123144401,-0.3412351689076656,2.152626957208659,-0.701101832040487,0.5193206744088694,0.0,1.0,0.0,0.0,0.0,1.0,0.0,0.0,0.0,1.0,0.0,0.0,0.0,0.0,0.0,0.0,0.0,0.0,0.0,1.0,0.0,0.0,0.0,0.0,0.0,1.0,0.0,0.0,0.0,0.0,0.0,0.0,1.0,0.0,0.0,1.0,0.0,0.0,0.0,1.0,0.0,1.0,0.0,0.0,1.0,0.0,0.0,1.0,0.0,0.0,0.0,1.0,0.0,1.0
-0.742595017696657,-0.9314022662674716,0.9421637820708985,-0.7472929962930807,0.42363448536997494,-0.7187454693270836,-0.4364357804719845,-0.8947359546566762,-0.9251679920776895,-1.2858307921814802,-0.464548674655972,-1.5818635239201781,-0.6884914239300278,0.0,1.0,0.0,0.0,0.0,0.0,0.0,1.0,0.0,0.0,0.0,0.0,0.0,0.0,0.0,1.0,0.0,0.0,0.0,0.0,0.0,1.0,0.0,0.0,1.0,0.0,0.0,0.0,0.0,0.0,0.0,1.0,0.0,0.0,0.0,1.0,0.0,0.0,0.0,1.0,0.0,1.0,0.0,0.0,1.0,0.0,0.0,0.0,0.0,1.0,1.0,0.0,0.0,1.0
1.289592031872302,0.48033995872062274,0.9421637820708985,-0.7472929962930807,-0.3917005305786531,-0.7187454693270836,-0.4364357804719845,-0.3290345343453944,0.5468724447007701,0.603360454366149,-0.464548674655972,0.8238559986134565,1.2434283535975954,0.0,0.0,1.0,0.0,0.0,0.0,0.0,1.0,0.0,0.0,0.0,0.0,0.0,0.0,0.0,1.0,0.0,0.0,0.0,0.0,0.0,1.0,0.0,0.0,0.0,0.0,0.0,1.0,0.0,0.0,0.0,0.0,1.0,0.0,0.0,1.0,1.0,0.0,0.0,0.0,0.0,1.0,0.0,0.0,1.0,0.0,0.0,1.0,0.0,0.0,1.0,0.0,0.0,1.0
-0.2345482553044173,-0.12185867330637719,-0.8376025122779064,-1.6476460038751053,-0.11992219192911042,-0.7187454693270836,2.29128784747792,-0.029475870879882484,-0.15050619077641997,0.603360454366149,-0.464548674655972,0.24491244150830485,0.012431660139291227,0.0,0.0,1.0,0.0,0.0,0.0,0.0,1.0,0.0,0.0,0.0,0.0,1.0,0.0,0.0,0.0,0.0,0.0,0.0,0.0,0.0,1.0,0.0,0.0,1.0,0.0,0.0,0.0,0.0,0.0,0.0,0.0,1.0,0.0,0.0,1.0,0.0,0.0,0.0,1.0,0.0,1.0,0.0,0.0,1.0,0.0,0.0,0.0,0.0,1.0,1.0,0.0,0.0,1.0
0.2734985070878224,-0.3617650270225406,0.9421637820708985,1.053413018870969,1.5107478399681458,1.045047093438766,-0.4364357804719845,-0.6007860159988566,-0.6322469789800975,0.603360454366149,-0.464548674655972,-0.08405106493163865,0.5193206744088694,0.0,0.0,0.0,1.0,0.0,1.0,0.0,0.0,0.0,0.0,0.0,0.0,0.0,0.0,0.0,1.0,0.0,0.0,0.0,1.0,0.0,0.0,0.0,0.0,0.0,0.0,0.0,1.0,0.0,0.0,0.0,0.0,1.0,0.0,0.0,1.0,0.0,1.0,0.0,0.0,1.0,0.0,0.0,0.0,1.0,0.0,0.0,1.0,0.0,0.0,1.0,0.0,0.0,1.0
-0.48857163650053714,-0.6203848248663298,0.9421637820708985,0.15306001128894414,-0.3917005305786531,-0.7187454693270836,-0.4364357804719845,-0.5190818160713515,-0.5548003105189393,0.603360454366149,2.152626957208659,-0.5673509397201292,-0.3049783695263035,0.0,0.0,0.0,1.0,0.0,1.0,0.0,0.0,0.0,0.0,0.0,1.0,0.0,0.0,0.0,0.0,0.0,0.0,0.0,1.0,0.0,0.0,0.0,0.0,1.0,0.0,0.0,0.0,0.0,1.0,0.0,0.0,0.0,0.0,0.0,1.0,1.0,0.0,0.0,0.0,0.0,1.0,0.0,0.0,1.0,0.0,0.0,1.0,0.0,0.0,1.0,0.0,0.0,1.0
-0.742595017696657,-0.7816947132464648,0.052280634896496016,-0.7472929962930807,-0.7540716487780433,1.045047093438766,-0.4364357804719845,-0.6083051560941439,-0.655149156785064,-0.3412351689076656,-0.464548674655972,-0.9961213712363425,-0.6884914239300278,0.0,0.0,0.0,1.0,0.0,0.0,0.0,1.0,0.0,0.0,0.0,0.0,0.0,1.0,0.0,0.0,0.0,0.0,0.0,0.0,0.0,1.0,0.0,0.0,1.0,0.0,0.0,0.0,0.0,0.0,0.0,1.0,0.0,0.0,0.0,1.0,0.0,0.0,0.0,1.0,0.0,1.0,0.0,0.0,1.0,0.0,0.0,1.0,0.0,0.0,0.0,1.0,0.0,1.0
-0.48857163650053714,-0.8936011091296674,0.9421637820708985,0.15306001128894414,0.15185614672043227,-0.7187454693270836,2.29128784747792,-0.9372708516707631,-0.8769689880585876,-0.3412351689076656,-0.464548674655972,-1.4072621836815362,-0.3049783695263035,1.0,0.0,0.0,0.0,0.0,0.0,0.0,1.0,0.0,0.0,0.0,0.0,0.0,0.0,0.0,1.0,0.0,0.0,0.0,0.0,0.0,1.0,0.0,0.0,0.0,0.0,0.0,1.0,0.0,0.0,0.0,0.0,1.0,0.0,0.0,1.0,1.0,0.0,0.0,0.0,0.0,1.0,0.0,0.0,1.0,0.0,0.0,1.0,0.0,0.0,1.0,0.0,0.0,1.0
0.2734985070878224,-0.7030982479104362,0.9421637820708985,0.15306001128894414,-0.8446644283278909,-0.7187454693270836,-0.4364357804719845,-0.927317262414716,-0.54314479719946,0.603360454366149,-0.464548674655972,-0.7695575186605339,0.5193206744088694,0.0,0.0,0.0,1.0,0.0,0.0,0.0,1.0,0.0,0.0,0.0,0.0,0.0,0.0,0.0,1.0,0.0,0.0,0.0,1.0,0.0,0.0,0.0,0.0,0.0,1.0,0.0,0.0,0.0,0.0,0.0,1.0,0.0,0.0,0.0,1.0,0.0,1.0,0.0,0.0,0.0,1.0,0.0,0.0,1.0,0.0,0.0,1.0,0.0,0.0,0.0,1.0,0.0,1.0
1.289592031872302,1.7461173195132356,0.9421637820708985,-0.7472929962930807,-0.9352572078777385,1.045047093438766,-0.4364357804719845,0.4782233814129217,2.5199189953788372,-0.3412351689076656,-0.464548674655972,1.5551361105177057,1.2434283535975954,0.0,0.0,0.0,1.0,0.0,1.0,0.0,0.0,0.0,0.0,0.0,0.0,0.0,1.0,0.0,0.0,0.0,0.0,0.0,0.0,0.0,1.0,0.0,0.0,1.0,0.0,0.0,0.0,0.0,1.0,0.0,0.0,0.0,0.0,0.0,1.0,0.0,0.0,0.0,1.0,0.0,0.0,1.0,0.0,1.0,0.0,0.0,1.0,0.0,0.0,0.0,1.0,0.0,1.0
0.2734985070878224,-0.7120807010916965,0.9421637820708985,1.053413018870969,0.15185614672043227,1.045047093438766,-0.4364357804719845,-0.9359101899519754,-0.7247533347950458,2.4925517009137783,-0.464548674655972,-0.793538098207656,0.5193206744088694,0.0,0.0,0.0,1.0,0.0,1.0,0.0,0.0,0.0,0.0,0.0,0.0,0.0,1.0,0.0,0.0,0.0,0.0,0.0,0.0,0.0,0.0,1.0,0.0,0.0,0.0,0.0,1.0,0.0,1.0,0.0,0.0,0.0,0.0,0.0,1.0,0.0,0.0,0.0,1.0,0.0,1.0,0.0,0.0,1.0,0.0,0.0,1.0,0.0,0.0,0.0,1.0,0.0,1.0
-0.742595017696657,-0.024548763842722764,-1.727485659452309,0.15306001128894414,1.238969501318603,1.045047093438766,2.29128784747792,0.8403186076358632,-0.38832883017858305,-0.3412351689076656,-0.464548674655972,0.3577435717478593,-0.6884914239300278,1.0,0.0,0.0,0.0,0.0,1.0,0.0,0.0,0.0,0.0,0.0,0.0,0.0,1.0,0.0,0.0,0.0,0.0,0.0,0.0,0.0,1.0,0.0,0.0,0.0,0.0,1.0,0.0,0.0,0.0,0.0,0.0,1.0,0.0,0.0,1.0,0.0,0.0,0.0,1.0,1.0,0.0,0.0,0.0,1.0,0.0,0.0,0.0,0.0,1.0,1.0,0.0,0.0,1.0
0.2734985070878224,-0.3108644589953983,-1.727485659452309,-1.6476460038751053,-0.21051497147895798,-0.7187454693270836,-0.4364357804719845,-0.5520927599543864,-0.2985685538639961,-0.3412351689076656,-0.464548674655972,-0.0069551764784522895,0.5193206744088694,0.0,1.0,0.0,0.0,0.0,0.0,0.0,1.0,0.0,0.0,0.0,0.0,1.0,0.0,0.0,0.0,0.0,0.0,0.0,1.0,0.0,0.0,0.0,0.0,0.0,0.0,0.0,0.0,1.0,0.0,1.0,0.0,0.0,0.0,0.0,1.0,0.0,1.0,0.0,0.0,0.0,1.0,0.0,0.0,1.0,0.0,0.0,1.0,0.0,0.0,1.0,0.0,0.0,1.0
0.2734985070878224,0.2928312485618117,-0.8376025122779064,1.053413018870969,-0.9352572078777385,-0.7187454693270836,-0.4364357804719845,0.025423578278926297,0.7162924153399733,-0.3412351689076656,-0.464548674655972,0.6695955080892428,0.5193206744088694,0.0,0.0,0.0,1.0,0.0,0.0,0.0,1.0,0.0,0.0,0.0,0.0,1.0,0.0,0.0,0.0,0.0,0.0,0.0,0.0,0.0,1.0,0.0,0.0,0.0,1.0,0.0,0.0,0.0,1.0,0.0,0.0,0.0,0.0,0.0,1.0,0.0,1.0,0.0,0.0,0.0,1.0,0.0,0.0,0.0,1.0,0.0,1.0,0.0,0.0,0.0,1.0,0.0,1.0
-0.2345482553044173,-0.4875193715601863,0.9421637820708985,1.053413018870969,-0.6634788692281958,1.045047093438766,-0.4364357804719845,-0.49588081742936085,-0.3460861410571766,0.603360454366149,2.152626957208659,-0.2967988266257623,0.012431660139291227,1.0,0.0,0.0,0.0,0.0,1.0,0.0,0.0,0.0,1.0,0.0,0.0,0.0,0.0,0.0,0.0,0.0,0.0,0.0,0.0,0.0,0.0,0.0,1.0,1.0,0.0,0.0,0.0,0.0,0.0,0.0,1.0,0.0,0.0,0.0,1.0,0.0,0.0,0.0,1.0,1.0,0.0,0.0,0.0,1.0,0.0,0.0,1.0,0.0,0.0,1.0,0.0,0.0,1.0
-0.9119439384940703,-0.6245017825744076,0.9421637820708985,-0.7472929962930807,-0.3917005305786531,-0.7187454693270836,-0.4364357804719845,-0.0897224131270837,-0.5589208138536611,-0.3412351689076656,-0.464548674655972,-0.5767048412321447,-0.9970428507185473,1.0,0.0,0.0,0.0,0.0,0.0,0.0,1.0,0.0,0.0,0.0,0.0,1.0,0.0,0.0,0.0,0.0,0.0,0.0,0.0,0.0,1.0,0.0,0.0,1.0,0.0,0.0,0.0,0.0,0.0,1.0,0.0,0.0,0.0,0.0,1.0,1.0,0.0,0.0,0.0,0.0,1.0,0.0,0.0,1.0,0.0,0.0,0.0,0.0,1.0,1.0,0.0,0.0,1.0
2.3056855566567815,1.261439116607726,0.052280634896496016,-0.7472929962930807,-1.025849987427586,-0.7187454693270836,-0.4364357804719845,-0.2223389210523633,2.0453618587956157,0.603360454366149,-0.464548674655972,1.3211573444564224,1.7622593178252401,1.0,0.0,0.0,0.0,0.0,0.0,0.0,1.0,0.0,0.0,0.0,0.0,0.0,1.0,0.0,0.0,0.0,0.0,0.0,1.0,0.0,0.0,0.0,0.0,0.0,1.0,0.0,0.0,0.0,0.0,0.0,0.0,1.0,0.0,0.0,1.0,0.0,1.0,0.0,0.0,0.0,1.0,0.0,0.0,1.0,0.0,0.0,1.0,0.0,0.0,1.0,0.0,0.0,1.0
-0.742595017696657,-0.9033321000760328,0.9421637820708985,-0.7472929962930807,-0.6634788692281958,-0.7187454693270836,-0.4364357804719845,-0.8410301799262013,-0.8068466944542043,-0.3412351689076656,-0.464548674655972,-1.450015018015578,-0.6884914239300278,0.0,0.0,0.0,1.0,0.0,0.0,0.0,1.0,0.0,0.0,0.0,0.0,0.0,0.0,0.0,1.0,0.0,0.0,0.0,0.0,0.0,1.0,0.0,0.0,1.0,0.0,0.0,0.0,0.0,0.0,0.0,1.0,0.0,0.0,0.0,1.0,0.0,0.0,0.0,1.0,0.0,1.0,0.0,0.0,1.0,0.0,0.0,1.0,0.0,0.0,1.0,0.0,0.0,1.0
-0.9966183988927769,0.002024326818505947,-1.727485659452309,-0.7472929962930807,-0.21051497147895798,-0.7187454693270836,-0.4364357804719845,1.6537812281966175,-0.004389582761045227,0.603360454366149,-0.464548674655972,0.3869245783837924,-1.1730821976485595,1.0,0.0,0.0,0.0,0.0,0.0,0.0,1.0,0.0,0.0,0.0,0.0,0.0,1.0,0.0,0.0,0.0,0.0,0.0,0.0,0.0,0.0,0.0,1.0,1.0,0.0,0.0,0.0,0.0,1.0,0.0,0.0,0.0,0.0,0.0,1.0,0.0,0.0,0.0,1.0,0.0,1.0,0.0,0.0,1.0,0.0,0.0,0.0,0.0,1.0,1.0,0.0,0.0,1.0
-1.0812928592914834,-0.9201741997908961,0.9421637820708985,1.053413018870969,1.057783942218908,1.045047093438766,-0.4364357804719845,-0.6115278297352411,-0.9480652733647099,-1.2858307921814802,-0.464548674655972,-1.5275078456118136,-1.3676846672556044,0.0,1.0,0.0,0.0,0.0,1.0,0.0,0.0,0.0,0.0,0.0,0.0,0.0,1.0,0.0,0.0,0.0,0.0,0.0,0.0,0.0,1.0,0.0,0.0,0.0,0.0,0.0,1.0,0.0,0.0,0.0,0.0,1.0,0.0,0.0,1.0,0.0,0.0,0.0,1.0,0.0,1.0,0.0,0.0,1.0,0.0,0.0,0.0,0.0,1.0,1.0,0.0,0.0,1.0
-1.0812928592914834,-0.6645485530075269,0.9421637820708985,-0.7472929962930807,-0.21051497147895798,-0.7187454693270836,-0.4364357804719845,0.12209274740805896,-0.6311033956011832,-0.3412351689076656,-0.464548674655972,-0.6713899166422144,-1.3676846672556044,1.0,0.0,0.0,0.0,0.0,0.0,0.0,1.0,0.0,0.0,0.0,0.0,0.0,0.0,0.0,1.0,0.0,0.0,0.0,0.0,0.0,1.0,0.0,0.0,1.0,0.0,0.0,0.0,0.0,0.0,0.0,0.0,1.0,0.0,1.0,0.0,0.0,0.0,0.0,1.0,0.0,1.0,0.0,0.0,1.0,0.0,0.0,1.0,0.0,0.0,1.0,0.0,1.0,0.0
-0.48857163650053714,-0.6477064532926636,0.9421637820708985,-0.7472929962930807,0.6954128240195177,-0.7187454693270836,-0.4364357804719845,-0.5609007196312926,-0.7346650368928261,-0.3412351689076656,-0.464548674655972,-0.6307250286905156,-0.3049783695263035,0.0,0.0,0.0,1.0,0.0,1.0,0.0,0.0,0.0,0.0,0.0,0.0,0.0,0.0,0.0,1.0,0.0,0.0,0.0,0.0,0.0,1.0,0.0,0.0,1.0,0.0,0.0,0.0,0.0,1.0,0.0,0.0,0.0,0.0,0.0,1.0,1.0,0.0,0.0,0.0,0.0,1.0,0.0,0.0,1.0,0.0,0.0,0.0,0.0,1.0,1.0,0.0,0.0,1.0
-0.9966183988927769,-0.3950749575697146,0.9421637820708985,1.053413018870969,1.1483767217687555,2.8088396562046154,-0.4364357804719845,0.6407712520052203,-0.6124092583873143,-0.3412351689076656,-0.464548674655972,-0.1370995447261766,-1.1730821976485595,0.0,0.0,0.0,1.0,0.0,1.0,0.0,0.0,0.0,0.0,0.0,0.0,0.0,1.0,0.0,0.0,0.0,0.0,0.0,0.0,0.0,1.0,0.0,0.0,1.0,0.0,0.0,0.0,0.0,0.0,0.0,0.0,1.0,0.0,0.0,1.0,1.0,0.0,0.0,0.0,0.0,1.0,0.0,0.0,1.0,0.0,0.0,1.0,0.0,0.0,0.0,1.0,0.0,1.0
-0.2345482553044173,-0.1985837942296432,0.9421637820708985,-0.7472929962930807,-0.6634788692281958,-0.7187454693270836,-0.4364357804719845,-0.12733975423980382,-0.025917691711987156,1.5479560776399637,-0.464548674655972,0.14847838347638026,0.012431660139291227,0.0,1.0,0.0,0.0,0.0,0.0,0.0,1.0,0.0,0.0,0.0,0.0,1.0,0.0,0.0,0.0,0.0,0.0,0.0,0.0,0.0,0.0,1.0,0.0,1.0,0.0,0.0,0.0,0.0,0.0,0.0,0.0,1.0,0.0,0.0,1.0,1.0,0.0,0.0,0.0,0.0,1.0,0.0,0.0,1.0,0.0,0.0,1.0,0.0,0.0,1.0,0.0,0.0,1.0
-0.742595017696657,-0.7090865500312764,0.052280634896496016,-1.6476460038751053,-0.9352572078777385,-0.7187454693270836,-0.4364357804719845,-0.4693862187913157,-0.5271555256242395,-0.3412351689076656,-0.464548674655972,-0.7854952789207401,-0.6884914239300278,1.0,0.0,0.0,0.0,0.0,0.0,0.0,1.0,0.0,0.0,0.0,0.0,0.0,1.0,0.0,0.0,0.0,0.0,0.0,0.0,0.0,1.0,0.0,0.0,0.0,0.0,1.0,0.0,0.0,1.0,0.0,0.0,0.0,0.0,0.0,1.0,1.0,0.0,0.0,0.0,0.0,1.0,0.0,0.0,0.0,1.0,0.0,1.0,0.0,0.0,1.0,0.0,0.0,1.0
-0.2345482553044173,-0.6211333626314349,0.052280634896496016,-0.7472929962930807,-0.30110775102880555,1.045047093438766,-0.4364357804719845,-0.6663071899146871,-0.5734596296820971,-0.3412351689076656,-0.464548674655972,-0.5690466464423763,0.012431660139291227,0.0,0.0,0.0,1.0,0.0,1.0,0.0,0.0,0.0,0.0,0.0,0.0,0.0,1.0,0.0,0.0,0.0,0.0,0.0,0.0,0.0,1.0,0.0,0.0,1.0,0.0,0.0,0.0,0.0,0.0,0.0,0.0,1.0,0.0,0.0,1.0,0.0,1.0,0.0,0.0,1.0,0.0,0.0,0.0,1.0,0.0,0.0,1.0,0.0,0.0,1.0,0.0,0.0,1.0
2.3056855566567815,0.24492483159508951,0.9421637820708985,1.053413018870969,-0.11992219192911042,-0.7187454693270836,2.29128784747792,-0.7085555054973739,0.18420208428205742,0.603360454366149,2.152626957208659,0.6270589290908832,1.7622593178252401,1.0,0.0,0.0,0.0,0.0,0.0,0.0,0.0,1.0,1.0,0.0,0.0,0.0,0.0,0.0,0.0,0.0,0.0,0.0,1.0,0.0,0.0,0.0,0.0,0.0,1.0,0.0,0.0,0.0,0.0,0.0,0.0,1.0,0.0,0.0,1.0,0.0,0.0,1.0,0.0,0.0,1.0,0.0,1.0,0.0,0.0,0.0,0.0,0.0,1.0,1.0,0.0,0.0,1.0
-0.2345482553044173,-0.4665603141372454,0.9421637820708985,1.053413018870969,-1.1164427669774335,-0.7187454693270836,-0.4364357804719845,-0.46914726880421154,-0.14768491917262944,-0.3412351689076656,2.152626957208659,-0.2588321230764494,0.012431660139291227,0.0,0.0,0.0,1.0,0.0,0.0,0.0,1.0,0.0,0.0,0.0,0.0,0.0,0.0,0.0,0.0,1.0,0.0,0.0,0.0,0.0,1.0,0.0,0.0,0.0,0.0,1.0,0.0,0.0,1.0,0.0,0.0,0.0,0.0,0.0,1.0,0.0,0.0,0.0,1.0,0.0,1.0,0.0,0.0,1.0,0.0,0.0,1.0,0.0,0.0,1.0,0.0,0.0,1.0
-0.742595017696657,-0.5743497523123703,-0.8376025122779064,1.053413018870969,2.507268415016469,1.045047093438766,-0.4364357804719845,-0.21159850008503672,-0.8236199954074281,-0.3412351689076656,-0.464548674655972,-0.467102981447087,-0.6884914239300278,0.0,0.0,0.0,1.0,0.0,1.0,0.0,0.0,0.0,0.0,0.0,0.0,0.0,0.0,0.0,1.0,0.0,0.0,0.0,0.0,0.0,1.0,0.0,0.0,0.0,0.0,0.0,1.0,0.0,0.0,0.0,0.0,1.0,0.0,0.0,1.0,0.0,0.0,0.0,1.0,0.0,1.0,0.0,0.0,1.0,0.0,0.0,0.0,0.0,1.0,0.0,1.0,0.0,1.0
-0.2345482553044173,-0.8011566951391956,0.9421637820708985,1.053413018870969,-1.2976283260771286,-0.7187454693270836,-0.4364357804719845,-0.8959292772128438,-0.54861072578187,-1.2858307921814802,-0.464548674655972,-1.0589062512309797,0.012431660139291227,0.0,1.0,0.0,0.0,0.0,1.0,0.0,0.0,0.0,0.0,0.0,0.0,1.0,0.0,0.0,0.0,0.0,0.0,0.0,0.0,0.0,1.0,0.0,0.0,0.0,0.0,1.0,0.0,0.0,1.0,0.0,0.0,0.0,0.0,0.0,1.0,0.0,1.0,0.0,0.0,0.0,1.0,0.0,0.0,0.0,1.0,0.0,1.0,0.0,0.0,1.0,0.0,0.0,1.0
0.5275218882839423,0.7213691190844437,0.052280634896496016,1.053413018870969,-0.8446644283278909,1.045047093438766,-0.4364357804719845,0.23181304285524582,1.1567212038200598,-0.3412351689076656,2.152626957208659,0.9985347081692224,0.7286404741494683,0.0,0.0,0.0,1.0,0.0,0.0,1.0,0.0,0.0,1.0,0.0,0.0,0.0,0.0,0.0,0.0,0.0,0.0,0.0,0.0,0.0,1.0,0.0,0.0,0.0,1.0,0.0,0.0,0.0,0.0,0.0,0.0,1.0,0.0,0.0,1.0,1.0,0.0,0.0,0.0,0.0,1.0,0.0,0.0,1.0,0.0,0.0,1.0,0.0,0.0,1.0,0.0,0.0,1.0
-0.742595017696657,-0.7566186981154461,0.9421637820708985,0.15306001128894414,-0.7540716487780433,-0.7187454693270836,-0.4364357804719845,-0.5603279973349198,-0.6263333823163125,-1.2858307921814802,-0.464548674655972,-0.9194570731518694,-0.6884914239300278,0.0,1.0,0.0,0.0,0.0,0.0,0.0,1.0,0.0,0.0,0.0,0.0,0.0,1.0,0.0,0.0,0.0,0.0,0.0,0.0,0.0,1.0,0.0,0.0,1.0,0.0,0.0,0.0,0.0,0.0,0.0,1.0,0.0,0.0,0.0,1.0,0.0,0.0,0.0,1.0,0.0,1.0,0.0,0.0,1.0,0.0,0.0,0.0,0.0,1.0,1.0,0.0,0.0,1.0
0.01947512589170256,3.55196467782913,0.9421637820708985,1.053413018870969,-0.4822933101285007,-0.7187454693270836,-0.4364357804719845,3.7917852464262323,3.779469689883005,0.603360454366149,-0.464548674655972,2.177090157508902,0.28321049937129605,0.0,0.0,0.0,1.0,0.0,1.0,0.0,0.0,0.0,0.0,0.0,0.0,0.0,1.0,0.0,0.0,0.0,0.0,0.0,0.0,0.0,0.0,0.0,1.0,0.0,0.0,0.0,1.0,0.0,0.0,0.0,0.0,1.0,0.0,0.0,1.0,0.0,0.0,1.0,0.0,0.0,1.0,0.0,1.0,0.0,0.0,1.0,0.0,0.0,0.0,0.0,1.0,0.0,1.0
0.6121963486826489,-0.16714520809523176,0.9421637820708985,-0.7472929962930807,-0.5728860896783482,1.045047093438766,-0.4364357804719845,-0.5549058706481494,-0.030308053116037712,-0.3412351689076656,-0.464548674655972,0.18886229414073744,0.7934546737991884,0.0,0.0,0.0,1.0,0.0,1.0,0.0,0.0,0.0,0.0,0.0,0.0,0.0,0.0,0.0,1.0,0.0,0.0,0.0,0.0,0.0,1.0,0.0,0.0,0.0,0.0,0.0,1.0,0.0,0.0,0.0,0.0,1.0,0.0,0.0,1.0,1.0,0.0,0.0,0.0,0.0,1.0,0.0,0.0,1.0,0.0,0.0,1.0,0.0,0.0,1.0,0.0,0.0,1.0
-0.2345482553044173,0.44553295264323867,0.052280634896496016,1.053413018870969,-0.029329412379262863,-0.7187454693270836,2.29128784747792,0.6942394811866572,0.3245258572909288,-0.3412351689076656,-0.464548674655972,0.796571260020662,0.012431660139291227,0.0,1.0,0.0,0.0,0.0,0.0,0.0,1.0,0.0,0.0,0.0,0.0,0.0,1.0,0.0,0.0,0.0,0.0,0.0,1.0,0.0,0.0,0.0,0.0,1.0,0.0,0.0,0.0,0.0,0.0,0.0,0.0,1.0,0.0,0.0,1.0,1.0,0.0,0.0,0.0,0.0,1.0,0.0,0.0,1.0,0.0,0.0,0.0,0.0,1.0,0.0,1.0,0.0,1.0
0.01947512589170256,-0.22815103595129205,0.9421637820708985,-0.7472929962930807,0.5142272649198225,-0.7187454693270836,2.29128784747792,-0.34100346597075815,-0.3979470351763264,1.5479560776399637,2.152626957208659,0.10931724831562106,0.28321049937129605,0.0,0.0,0.0,1.0,0.0,0.0,1.0,0.0,0.0,1.0,0.0,0.0,0.0,0.0,0.0,0.0,0.0,0.0,0.0,0.0,1.0,0.0,0.0,0.0,0.0,0.0,1.0,0.0,0.0,0.0,0.0,0.0,1.0,0.0,0.0,1.0,0.0,0.0,0.0,1.0,1.0,0.0,0.0,0.0,1.0,0.0,0.0,0.0,0.0,1.0,1.0,0.0,0.0,1.0
-0.48857163650053714,-0.7206888853904044,-0.8376025122779064,-0.7472929962930807,-0.9352572078777385,-0.7187454693270836,-0.4364357804719845,-0.6726087496886697,-0.5415548107082478,0.603360454366149,-0.464548674655972,-0.8169425361774623,-0.3049783695263035,1.0,0.0,0.0,0.0,1.0,0.0,0.0,0.0,0.0,0.0,0.0,0.0,0.0,1.0,0.0,0.0,0.0,0.0,0.0,1.0,0.0,0.0,0.0,0.0,1.0,0.0,0.0,0.0,0.0,0.0,0.0,1.0,0.0,0.0,0.0,1.0,0.0,1.0,0.0,0.0,0.0,1.0,0.0,0.0,0.0,1.0,0.0,1.0,0.0,0.0,1.0,0.0,0.0,1.0
1.289592031872302,1.1375561164828427,0.9421637820708985,1.053413018870969,-1.1164427669774335,1.045047093438766,-0.4364357804719845,0.0901094337420103,2.0162468383112673,-1.2858307921814802,-0.464548674655972,1.2539170030283415,1.2434283535975954,0.0,1.0,0.0,0.0,0.0,1.0,0.0,0.0,0.0,0.0,0.0,0.0,1.0,0.0,0.0,0.0,0.0,0.0,0.0,0.0,0.0,1.0,0.0,0.0,0.0,0.0,1.0,0.0,0.0,1.0,0.0,0.0,0.0,1.0,0.0,0.0,0.0,0.0,1.0,0.0,0.0,1.0,0.0,0.0,0.0,1.0,0.0,0.0,0.0,1.0,0.0,1.0,0.0,1.0
-0.2345482553044173,0.00015298240574336175,-0.8376025122779064,-0.7472929962930807,-1.025849987427586,-0.7187454693270836,-0.4364357804719845,0.12615157290223622,0.41479768123012745,-1.2858307921814802,-0.464548674655972,0.3848908983617074,0.012431660139291227,0.0,1.0,0.0,0.0,0.0,0.0,0.0,1.0,0.0,0.0,0.0,0.0,0.0,0.0,0.0,1.0,0.0,0.0,0.0,0.0,0.0,1.0,0.0,0.0,1.0,0.0,0.0,0.0,0.0,1.0,0.0,0.0,0.0,0.0,0.0,1.0,0.0,0.0,0.0,1.0,0.0,1.0,0.0,0.0,1.0,0.0,0.0,1.0,0.0,0.0,1.0,0.0,0.0,1.0
3.321779081441261,1.5788191290122604,0.9421637820708985,-0.7472929962930807,-1.025849987427586,-0.7187454693270836,-0.4364357804719845,-0.33576554396889374,2.4556640613402845,0.603360454366149,-0.464548674655972,1.4790431750624462,2.166854575032126,1.0,0.0,0.0,0.0,0.0,0.0,0.0,1.0,0.0,0.0,0.0,0.0,0.0,1.0,0.0,0.0,0.0,0.0,0.0,1.0,0.0,0.0,0.0,0.0,0.0,0.0,1.0,0.0,0.0,1.0,0.0,0.0,0.0,0.0,0.0,1.0,0.0,1.0,0.0,0.0,0.0,1.0,0.0,0.0,1.0,0.0,1.0,0.0,0.0,0.0,1.0,0.0,0.0,1.0
0.2734985070878224,0.3107961549243325,-0.8376025122779064,-0.7472929962930807,-0.7540716487780433,-0.7187454693270836,-0.4364357804719845,0.04260943335344543,0.6002724204430823,-1.2858307921814802,-0.464548674655972,0.6851943285098789,0.5193206744088694,0.0,1.0,0.0,0.0,0.0,0.0,0.0,1.0,0.0,0.0,0.0,0.0,1.0,0.0,0.0,0.0,0.0,0.0,0.0,0.0,0.0,1.0,0.0,0.0,1.0,0.0,0.0,0.0,0.0,0.0,0.0,0.0,1.0,0.0,0.0,1.0,1.0,0.0,0.0,0.0,0.0,0.0,1.0,0.0,1.0,0.0,0.0,1.0,0.0,0.0,1.0,0.0,0.0,1.0
0.7815452694800622,1.8273336670271318,-0.8376025122779064,0.15306001128894414,-0.9352572078777385,2.8088396562046154,-0.4364357804719845,0.9153646328935644,2.620713990966896,-0.3412351689076656,2.152626957208659,1.5905283085512658,0.9166346534898615,0.0,1.0,0.0,0.0,0.0,0.0,0.0,0.0,1.0,1.0,0.0,0.0,0.0,0.0,0.0,0.0,0.0,0.0,0.0,0.0,0.0,0.0,0.0,1.0,0.0,0.0,1.0,0.0,0.0,0.0,0.0,0.0,1.0,0.0,0.0,1.0,1.0,0.0,0.0,0.0,1.0,0.0,0.0,0.0,1.0,0.0,0.0,1.0,0.0,0.0,1.0,0.0,0.0,1.0
-0.9966183988927769,-0.7023497101453311,-1.727485659452309,1.053413018870969,-1.3882211056269762,-0.7187454693270836,-0.4364357804719845,-0.14309414898736872,-0.36632487733209623,-0.3412351689076656,-0.464548674655972,-0.767578978803851,-1.1730821976485595,0.0,0.0,0.0,1.0,0.0,0.0,0.0,1.0,0.0,0.0,0.0,0.0,1.0,0.0,0.0,0.0,0.0,0.0,0.0,0.0,0.0,1.0,0.0,0.0,0.0,0.0,0.0,1.0,0.0,0.0,0.0,0.0,1.0,0.0,0.0,1.0,1.0,0.0,0.0,0.0,0.0,1.0,0.0,0.0,1.0,0.0,0.0,1.0,0.0,0.0,1.0,0.0,0.0,1.0
-0.742595017696657,-1.0668876017514828,0.9421637820708985,-1.6476460038751053,0.8765983831192128,-0.7187454693270836,-0.4364357804719845,-1.1539558273557677,-1.0411945044691873,-1.2858307921814802,2.152626957208659,-2.5235582540135755,-0.6884914239300278,0.0,1.0,0.0,0.0,1.0,0.0,0.0,0.0,0.0,0.0,0.0,0.0,0.0,0.0,0.0,0.0,0.0,1.0,0.0,0.0,0.0,1.0,0.0,0.0,0.0,0.0,0.0,1.0,0.0,0.0,0.0,1.0,0.0,0.0,0.0,1.0,1.0,0.0,0.0,0.0,1.0,0.0,0.0,0.0,1.0,0.0,0.0,0.0,0.0,1.0,1.0,0.0,0.0,1.0
0.01947512589170256,-0.15816275491397136,0.9421637820708985,-0.7472929962930807,2.326082855916774,1.045047093438766,-0.4364357804719845,-0.2644854967412295,-0.601931170461382,0.603360454366149,2.152626957208659,0.20017363846580943,0.28321049937129605,1.0,0.0,0.0,0.0,0.0,0.0,0.0,1.0,0.0,1.0,0.0,0.0,0.0,0.0,0.0,0.0,0.0,0.0,0.0,1.0,0.0,0.0,0.0,0.0,0.0,0.0,0.0,1.0,0.0,0.0,1.0,0.0,0.0,0.0,0.0,1.0,1.0,0.0,0.0,0.0,1.0,0.0,0.0,0.0,0.0,1.0,0.0,0.0,0.0,1.0,1.0,0.0,0.0,1.0
-0.742595017696657,-0.22889957371639708,0.052280634896496016,1.053413018870969,1.7825261786176885,-0.7187454693270836,-0.4364357804719845,0.44934056759800645,-0.5843725074213452,-1.2858307921814802,-0.464548674655972,0.10831034038553444,-0.6884914239300278,0.0,1.0,0.0,0.0,0.0,0.0,0.0,1.0,0.0,0.0,0.0,0.0,1.0,0.0,0.0,0.0,0.0,0.0,0.0,0.0,0.0,1.0,0.0,0.0,0.0,0.0,0.0,0.0,1.0,1.0,0.0,0.0,0.0,0.0,0.0,1.0,0.0,0.0,1.0,0.0,0.0,1.0,0.0,1.0,0.0,0.0,1.0,0.0,0.0,0.0,1.0,0.0,0.0,1.0
1.035568650676182,0.40848033327053945,-1.727485659452309,1.053413018870969,-1.1164427669774335,1.045047093438766,-0.4364357804719845,-0.2819687483111374,1.032733291046071,0.603360454366149,-0.464548674655972,0.7668822830666361,1.0872495760826633,0.0,1.0,0.0,0.0,0.0,1.0,0.0,0.0,0.0,0.0,0.0,0.0,1.0,0.0,0.0,0.0,0.0,0.0,0.0,0.0,1.0,0.0,0.0,0.0,1.0,0.0,0.0,0.0,0.0,1.0,0.0,0.0,0.0,0.0,0.0,1.0,1.0,0.0,0.0,0.0,0.0,1.0,0.0,0.0,1.0,0.0,0.0,1.0,0.0,0.0,1.0,0.0,0.0,1.0
0.2734985070878224,3.514163520691326,0.9421637820708985,-0.7472929962930807,0.7860056035693652,-0.7187454693270836,-0.4364357804719845,3.1070622163286,2.1911323738279838,-0.3412351689076656,-0.464548674655972,2.166703337769472,0.5193206744088694,1.0,0.0,0.0,0.0,0.0,0.0,0.0,1.0,0.0,0.0,0.0,0.0,0.0,0.0,0.0,0.0,0.0,0.0,1.0,0.0,0.0,1.0,0.0,0.0,0.0,0.0,0.0,1.0,0.0,1.0,0.0,0.0,0.0,0.0,0.0,1.0,0.0,0.0,1.0,0.0,0.0,1.0,0.0,1.0,0.0,0.0,1.0,0.0,0.0,0.0,0.0,1.0,0.0,1.0
-0.2345482553044173,-0.46768312078490293,0.052280634896496016,1.053413018870969,0.0612633671705847,-0.7187454693270836,-0.4364357804719845,-0.4705794231948446,-0.502898588963241,-1.2858307921814802,-0.464548674655972,-0.26083816388408315,0.012431660139291227,0.0,1.0,0.0,0.0,1.0,0.0,0.0,0.0,0.0,0.0,0.0,0.0,0.0,0.0,0.0,1.0,0.0,0.0,0.0,0.0,0.0,1.0,0.0,0.0,0.0,0.0,1.0,0.0,0.0,0.0,0.0,0.0,1.0,1.0,0.0,0.0,0.0,0.0,1.0,0.0,1.0,0.0,0.0,1.0,0.0,0.0,1.0,0.0,0.0,0.0,0.0,1.0,0.0,1.0
-0.2345482553044173,-0.612525178332727,0.9421637820708985,0.15306001128894414,0.7860056035693652,-0.7187454693270836,-0.4364357804719845,-0.6553273395865008,-0.7188116283637013,-1.2858307921814802,-0.464548674655972,-0.5496784063609725,0.012431660139291227,0.0,1.0,0.0,0.0,1.0,0.0,0.0,0.0,0.0,0.0,0.0,0.0,1.0,0.0,0.0,0.0,0.0,0.0,0.0,0.0,0.0,1.0,0.0,0.0,1.0,0.0,0.0,0.0,0.0,0.0,0.0,0.0,1.0,0.0,0.0,1.0,1.0,0.0,0.0,0.0,1.0,0.0,0.0,0.0,1.0,0.0,0.0,1.0,0.0,0.0,1.0,0.0,0.0,1.0
-1.2506417800888967,-0.7453906316388705,0.9421637820708985,1.053413018870969,-0.029329412379262863,-0.7187454693270836,-0.4364357804719845,0.3190131244873679,-0.7312006490158967,-1.2858307921814802,2.152626957208659,-0.8865437117365624,-1.8318662260302179,0.0,1.0,0.0,0.0,1.0,0.0,0.0,0.0,0.0,0.0,0.0,1.0,0.0,0.0,0.0,0.0,0.0,0.0,0.0,0.0,0.0,1.0,0.0,0.0,0.0,0.0,0.0,1.0,0.0,1.0,0.0,0.0,0.0,0.0,0.0,1.0,0.0,0.0,1.0,0.0,0.0,1.0,0.0,1.0,0.0,0.0,0.0,1.0,0.0,0.0,1.0,0.0,0.0,1.0
-0.48857163650053714,-0.7397765984005829,0.9421637820708985,0.15306001128894414,1.057783942218908,-0.7187454693270836,-0.4364357804719845,-0.7018246960113683,-0.8289771348955727,1.5479560776399637,-0.464548674655972,-0.8703945874558311,-0.3049783695263035,0.0,0.0,0.0,1.0,0.0,0.0,0.0,1.0,0.0,0.0,0.0,0.0,0.0,0.0,0.0,1.0,0.0,0.0,0.0,0.0,1.0,0.0,0.0,0.0,0.0,0.0,0.0,1.0,0.0,0.0,0.0,0.0,1.0,0.0,0.0,1.0,0.0,1.0,0.0,0.0,0.0,0.0,1.0,0.0,1.0,0.0,0.0,1.0,0.0,0.0,0.0,1.0,0.0,1.0
1.7976387942645415,1.488246059434551,-0.8376025122779064,1.053413018870969,-0.5728860896783482,-0.7187454693270836,-0.4364357804719845,0.0694114453357479,1.7407720759270908,0.603360454366149,-0.464548674655972,1.4359085169022634,1.5210018607961258,0.0,0.0,0.0,1.0,0.0,0.0,0.0,1.0,0.0,0.0,0.0,0.0,0.0,0.0,0.0,1.0,0.0,0.0,0.0,0.0,0.0,0.0,0.0,1.0,0.0,1.0,0.0,0.0,0.0,0.0,0.0,1.0,0.0,0.0,0.0,1.0,0.0,1.0,0.0,0.0,0.0,1.0,0.0,0.0,0.0,1.0,0.0,1.0,0.0,0.0,0.0,1.0,0.0,1.0
0.2734985070878224,-0.1944668365215655,0.9421637820708985,1.053413018870969,-0.029329412379262863,-0.7187454693270836,-0.4364357804719845,-0.44074274061739915,-0.24281931108891763,-0.3412351689076656,-0.464548674655972,0.15383874479327178,0.5193206744088694,0.0,0.0,0.0,1.0,0.0,0.0,0.0,1.0,0.0,0.0,0.0,0.0,0.0,0.0,0.0,0.0,0.0,0.0,1.0,0.0,0.0,1.0,0.0,0.0,0.0,0.0,0.0,1.0,0.0,0.0,0.0,0.0,1.0,0.0,0.0,1.0,1.0,0.0,0.0,0.0,0.0,1.0,0.0,0.0,1.0,0.0,1.0,0.0,0.0,0.0,0.0,1.0,0.0,1.0
-1.2506417800888967,-0.5414140906477488,-1.727485659452309,-0.7472929962930807,-0.11992219192911042,1.045047093438766,-0.4364357804719845,1.0995364001347474,-0.5333714727565764,0.603360454366149,2.152626957208659,-0.39985020689285183,-1.8318662260302179,0.0,0.0,0.0,1.0,0.0,0.0,1.0,0.0,0.0,1.0,0.0,0.0,0.0,0.0,0.0,0.0,0.0,0.0,0.0,1.0,0.0,0.0,0.0,0.0,1.0,0.0,0.0,0.0,0.0,0.0,0.0,0.0,1.0,0.0,0.0,1.0,0.0,0.0,0.0,1.0,0.0,1.0,0.0,0.0,1.0,0.0,0.0,0.0,0.0,1.0,1.0,0.0,0.0,1.0
-0.9119439384940703,-0.32733228982770907,0.052280634896496016,1.053413018870969,1.5107478399681458,-0.7187454693270836,-0.4364357804719845,0.5925556353359549,-0.6117020890473148,-1.2858307921814802,-0.464548674655972,-0.031400761659531096,-0.9970428507185473,0.0,1.0,0.0,0.0,0.0,0.0,0.0,1.0,0.0,0.0,0.0,0.0,0.0,0.0,0.0,1.0,0.0,0.0,0.0,0.0,0.0,1.0,0.0,0.0,0.0,0.0,0.0,1.0,0.0,0.0,0.0,0.0,1.0,0.0,0.0,1.0,0.0,0.0,0.0,1.0,0.0,1.0,0.0,0.0,1.0,0.0,0.0,0.0,0.0,1.0,1.0,0.0,0.0,1.0
0.2734985070878224,-0.6439637644671384,0.9421637820708985,1.053413018870969,0.5142272649198225,-0.7187454693270836,-0.4364357804719845,-0.870747156127758,-0.7126128145925341,0.603360454366149,-0.464548674655972,-0.6218587064502785,0.5193206744088694,0.0,0.0,0.0,1.0,0.0,0.0,0.0,1.0,0.0,0.0,0.0,0.0,0.0,1.0,0.0,0.0,0.0,0.0,0.0,1.0,0.0,0.0,0.0,0.0,0.0,0.0,0.0,1.0,0.0,0.0,0.0,1.0,0.0,0.0,0.0,1.0,0.0,0.0,0.0,1.0,0.0,1.0,0.0,0.0,0.0,1.0,0.0,0.0,0.0,1.0,1.0,0.0,0.0,1.0
-0.742595017696657,-0.06496980315839461,0.052280634896496016,-1.6476460038751053,-1.025849987427586,-0.7187454693270836,-0.4364357804719845,0.7629822920239795,0.33060831419855613,0.603360454366149,-0.464548674655972,0.3120591476087484,-0.6884914239300278,0.0,0.0,1.0,0.0,0.0,0.0,0.0,1.0,0.0,0.0,0.0,0.0,0.0,0.0,0.0,1.0,0.0,0.0,0.0,0.0,0.0,1.0,0.0,0.0,1.0,0.0,0.0,0.0,0.0,0.0,0.0,1.0,0.0,0.0,0.0,1.0,1.0,0.0,0.0,0.0,0.0,1.0,0.0,0.0,1.0,0.0,0.0,1.0,0.0,0.0,1.0,0.0,0.0,1.0
0.5275218882839423,2.0298131324880435,-0.8376025122779064,-0.7472929962930807,-0.7540716487780433,1.045047093438766,-0.4364357804719845,1.3444380821530157,2.575658273203917,2.4925517009137783,-0.464548674655972,1.6747803968343125,0.7286404741494683,0.0,0.0,0.0,1.0,0.0,0.0,1.0,0.0,0.0,0.0,0.0,0.0,0.0,0.0,0.0,0.0,0.0,0.0,1.0,0.0,0.0,0.0,1.0,0.0,1.0,0.0,0.0,0.0,0.0,0.0,0.0,0.0,1.0,0.0,0.0,1.0,1.0,0.0,0.0,0.0,0.0,1.0,0.0,0.0,1.0,0.0,0.0,1.0,0.0,0.0,1.0,0.0,0.0,1.0
-0.742595017696657,-0.04887624120863637,-0.8376025122779064,1.053413018870969,2.326082855916774,-0.7187454693270836,-0.4364357804719845,0.7937736028694515,-0.5463442820810337,2.4925517009137783,-0.464548674655972,0.33044128098421427,-0.6884914239300278,0.0,0.0,0.0,1.0,0.0,0.0,0.0,1.0,0.0,0.0,0.0,0.0,0.0,0.0,0.0,1.0,0.0,0.0,0.0,0.0,0.0,0.0,1.0,0.0,0.0,1.0,0.0,0.0,0.0,0.0,1.0,0.0,0.0,0.0,0.0,1.0,0.0,0.0,0.0,1.0,0.0,1.0,0.0,0.0,1.0,0.0,0.0,0.0,0.0,1.0,1.0,0.0,0.0,1.0
-0.2345482553044173,-0.7989110818438805,0.9421637820708985,-1.6476460038751053,-0.4822933101285007,1.045047093438766,-0.4364357804719845,-0.8930649684315777,-0.7203071988546381,-0.3412351689076656,-0.464548674655972,-1.0515050279881106,0.012431660139291227,0.0,0.0,0.0,1.0,0.0,1.0,0.0,0.0,0.0,0.0,0.0,0.0,0.0,1.0,0.0,0.0,0.0,0.0,0.0,0.0,0.0,1.0,0.0,0.0,0.0,0.0,1.0,0.0,0.0,1.0,0.0,0.0,0.0,0.0,0.0,1.0,0.0,1.0,0.0,0.0,0.0,1.0,0.0,0.0,1.0,0.0,0.0,1.0,0.0,0.0,1.0,0.0,0.0,1.0
-0.742595017696657,-0.8456946921629451,0.9421637820708985,1.053413018870969,2.688453974116164,4.572632218970465,-0.4364357804719845,-0.7307543224796265,-0.9625284096614656,0.603360454366149,-0.464548674655972,-1.2151472950521294,-0.6884914239300278,0.0,0.0,0.0,1.0,0.0,1.0,0.0,0.0,0.0,0.0,0.0,0.0,0.0,0.0,0.0,1.0,0.0,0.0,0.0,0.0,0.0,0.0,0.0,1.0,0.0,0.0,0.0,1.0,0.0,0.0,0.0,0.0,1.0,0.0,0.0,1.0,0.0,0.0,0.0,1.0,0.0,1.0,0.0,0.0,1.0,0.0,0.0,1.0,0.0,0.0,1.0,0.0,0.0,1.0
0.2734985070878224,1.3669829414875356,-0.8376025122779064,1.053413018870969,0.9671911626690604,1.045047093438766,2.29128784747792,1.0529944962762035,0.5985336405258046,0.603360454366149,-0.464548674655972,1.3758196848736102,0.5193206744088694,0.0,0.0,0.0,1.0,0.0,1.0,0.0,0.0,0.0,0.0,0.0,0.0,0.0,0.0,0.0,0.0,0.0,0.0,1.0,0.0,0.0,0.0,0.0,1.0,1.0,0.0,0.0,0.0,0.0,0.0,0.0,0.0,1.0,0.0,0.0,1.0,0.0,1.0,0.0,0.0,0.0,1.0,0.0,0.0,1.0,0.0,1.0,0.0,0.0,0.0,0.0,1.0,0.0,1.0
-0.2345482553044173,-0.2206656583002417,0.9421637820708985,1.053413018870969,2.688453974116164,1.045047093438766,-0.4364357804719845,-0.15550545725558587,-0.6641808661191952,-1.2858307921814802,-0.464548674655972,0.11934362897392031,0.012431660139291227,0.0,1.0,0.0,0.0,0.0,0.0,0.0,1.0,0.0,0.0,0.0,0.0,0.0,0.0,0.0,1.0,0.0,0.0,0.0,0.0,0.0,1.0,0.0,0.0,1.0,0.0,0.0,0.0,0.0,0.0,0.0,0.0,1.0,0.0,0.0,1.0,0.0,0.0,1.0,0.0,0.0,1.0,0.0,1.0,0.0,0.0,0.0,1.0,0.0,0.0,1.0,0.0,0.0,1.0
0.2734985070878224,0.05966173473159357,0.9421637820708985,1.053413018870969,-0.4822933101285007,-0.7187454693270836,2.29128784747792,-0.1976344990424338,0.16764877385625676,0.603360454366149,-0.464548674655972,0.4480517507642803,0.5193206744088694,0.0,1.0,0.0,0.0,1.0,0.0,0.0,0.0,0.0,0.0,0.0,0.0,1.0,0.0,0.0,0.0,0.0,0.0,0.0,0.0,1.0,0.0,0.0,0.0,0.0,0.0,1.0,0.0,0.0,0.0,0.0,0.0,1.0,0.0,0.0,1.0,0.0,0.0,1.0,0.0,0.0,1.0,0.0,1.0,0.0,0.0,0.0,1.0,0.0,0.0,0.0,1.0,0.0,1.0
-0.9966183988927769,-0.8980923357202976,0.9421637820708985,0.15306001128894414,2.7790467536660115,-0.7187454693270836,-0.4364357804719845,-0.6424383691081044,-0.9896779816630776,1.5479560776399637,-0.464548674655972,-1.4268195593986095,-1.1730821976485595,1.0,0.0,0.0,0.0,0.0,0.0,0.0,1.0,0.0,0.0,0.0,0.0,0.0,0.0,0.0,1.0,0.0,0.0,0.0,0.0,1.0,0.0,0.0,0.0,1.0,0.0,0.0,0.0,0.0,1.0,0.0,0.0,0.0,0.0,0.0,1.0,0.0,0.0,0.0,1.0,0.0,1.0,0.0,0.0,1.0,0.0,0.0,0.0,0.0,1.0,1.0,0.0,0.0,1.0
-0.2345482553044173,-0.7562444292328936,0.9421637820708985,0.15306001128894414,-0.5728860896783482,1.045047093438766,-0.4364357804719845,-0.838643101587524,-0.6605771291083244,0.603360454366149,-0.464548674655972,-0.9183464179625523,0.012431660139291227,0.0,0.0,0.0,1.0,0.0,1.0,0.0,0.0,0.0,0.0,0.0,0.0,0.0,0.0,0.0,1.0,0.0,0.0,0.0,0.0,0.0,0.0,0.0,1.0,1.0,0.0,0.0,0.0,0.0,0.0,0.0,0.0,1.0,0.0,0.0,1.0,0.0,1.0,0.0,0.0,0.0,1.0,0.0,0.0,1.0,0.0,0.0,1.0,0.0,0.0,0.0,1.0,0.0,1.0
-0.9119439384940703,-0.6896245681385456,0.9421637820708985,-0.7472929962930807,-0.7540716487780433,1.045047093438766,-0.4364357804719845,-0.23923926505727083,-0.5493479550042747,1.5479560776399637,-0.464548674655972,-0.7343968741334,-0.9970428507185473,0.0,0.0,1.0,0.0,0.0,1.0,0.0,0.0,0.0,0.0,0.0,0.0,0.0,0.0,0.0,1.0,0.0,0.0,0.0,0.0,0.0,0.0,0.0,1.0,0.0,1.0,0.0,0.0,0.0,0.0,0.0,0.0,1.0,0.0,0.0,1.0,0.0,1.0,0.0,0.0,0.0,1.0,0.0,0.0,1.0,0.0,0.0,1.0,0.0,0.0,0.0,1.0,0.0,1.0
0.2734985070878224,-0.0451335523831112,0.9421637820708985,1.053413018870969,-0.4822933101285007,-0.7187454693270836,-0.4364357804719845,-0.29788532031046067,0.0592670509447265,0.603360454366149,-0.464548674655972,0.33467916782595064,0.5193206744088694,1.0,0.0,0.0,0.0,0.0,0.0,0.0,1.0,0.0,0.0,0.0,0.0,1.0,0.0,0.0,0.0,0.0,0.0,0.0,1.0,0.0,0.0,0.0,0.0,0.0,0.0,0.0,1.0,0.0,0.0,0.0,0.0,1.0,0.0,0.0,1.0,0.0,0.0,1.0,0.0,0.0,1.0,0.0,1.0,0.0,0.0,0.0,1.0,0.0,0.0,1.0,0.0,0.0,1.0
-0.06519933450700406,-0.3658819847306183,0.9421637820708985,1.053413018870969,0.3330417058201274,-0.7187454693270836,-0.4364357804719845,-0.4463282227147271,-0.47004660394061754,-0.3412351689076656,-0.464548674655972,-0.09049147605846222,0.19728732528481788,0.0,1.0,0.0,0.0,0.0,0.0,0.0,1.0,0.0,0.0,0.0,0.0,1.0,0.0,0.0,0.0,0.0,0.0,0.0,0.0,0.0,0.0,0.0,1.0,0.0,1.0,0.0,0.0,0.0,0.0,0.0,0.0,1.0,0.0,0.0,1.0,1.0,0.0,0.0,0.0,0.0,1.0,0.0,0.0,1.0,0.0,0.0,1.0,0.0,0.0,0.0,1.0,0.0,1.0
-0.2345482553044173,-0.07058383639668236,-0.8376025122779064,1.053413018870969,0.42363448536997494,-0.7187454693270836,-0.4364357804719845,0.03592584629235773,-0.2574591077839089,-0.3412351689076656,-0.464548674655972,0.3055850795553387,0.012431660139291227,1.0,0.0,0.0,0.0,0.0,0.0,0.0,1.0,0.0,0.0,0.0,0.0,1.0,0.0,0.0,0.0,0.0,0.0,0.0,0.0,0.0,1.0,0.0,0.0,0.0,1.0,0.0,0.0,0.0,1.0,0.0,0.0,0.0,0.0,0.0,1.0,0.0,0.0,0.0,1.0,0.0,1.0,0.0,0.0,0.0,1.0,0.0,1.0,0.0,0.0,1.0,0.0,0.0,1.0
-0.9966183988927769,-0.04326220797034862,-1.727485659452309,-0.7472929962930807,-0.21051497147895798,1.045047093438766,2.29128784747792,1.5382541715338849,-0.046968118052261816,0.603360454366149,-0.464548674655972,0.33679293747837796,-1.1730821976485595,0.0,0.0,0.0,1.0,0.0,1.0,0.0,0.0,0.0,0.0,0.0,0.0,0.0,0.0,0.0,1.0,0.0,0.0,0.0,0.0,0.0,0.0,0.0,1.0,1.0,0.0,0.0,0.0,0.0,0.0,0.0,0.0,1.0,0.0,0.0,1.0,0.0,0.0,0.0,1.0,0.0,1.0,0.0,0.0,1.0,0.0,0.0,1.0,0.0,0.0,1.0,0.0,0.0,1.0
0.7815452694800622,0.16183713966843072,0.9421637820708985,1.053413018870969,1.9637117377173834,1.045047093438766,-0.4364357804719845,-0.3592530580180188,-0.3907818251848519,1.5479560776399637,-0.464548674655972,0.5498111350610988,0.9166346534898615,0.0,1.0,0.0,0.0,0.0,0.0,0.0,1.0,0.0,0.0,0.0,0.0,1.0,0.0,0.0,0.0,0.0,0.0,0.0,0.0,0.0,0.0,1.0,0.0,0.0,0.0,0.0,1.0,0.0,1.0,0.0,0.0,0.0,0.0,0.0,1.0,0.0,1.0,0.0,0.0,0.0,1.0,0.0,0.0,0.0,1.0,0.0,1.0,0.0,0.0,0.0,1.0,0.0,1.0
0.2734985070878224,-0.8393321211595524,0.9421637820708985,0.15306001128894414,0.2424489262702798,-0.7187454693270836,2.29128784747792,-1.0576433300631511,-0.8392826036974765,0.603360454366149,-0.464548674655972,-1.1916432052993324,0.5193206744088694,0.0,0.0,1.0,0.0,0.0,0.0,0.0,1.0,0.0,0.0,0.0,0.0,0.0,1.0,0.0,0.0,0.0,0.0,0.0,0.0,0.0,1.0,0.0,0.0,0.0,1.0,0.0,0.0,0.0,0.0,0.0,0.0,1.0,0.0,0.0,1.0,0.0,0.0,1.0,0.0,1.0,0.0,0.0,1.0,0.0,0.0,0.0,1.0,0.0,0.0,1.0,0.0,0.0,1.0
-0.742595017696657,-0.36513344696551325,0.9421637820708985,0.15306001128894414,-1.025849987427586,-0.7187454693270836,-0.4364357804719845,0.1886885409061023,-0.057436929245812174,-1.2858307921814802,-0.464548674655972,-0.08931811449288517,-0.6884914239300278,0.0,1.0,0.0,0.0,0.0,0.0,0.0,1.0,0.0,0.0,0.0,0.0,0.0,0.0,0.0,1.0,0.0,0.0,0.0,0.0,0.0,1.0,0.0,0.0,1.0,0.0,0.0,0.0,0.0,0.0,0.0,0.0,1.0,0.0,0.0,1.0,0.0,1.0,0.0,0.0,0.0,1.0,0.0,0.0,1.0,0.0,0.0,0.0,0.0,1.0,1.0,0.0,0.0,1.0
0.2734985070878224,-0.5414140906477488,0.9421637820708985,-0.7472929962930807,1.1483767217687555,1.045047093438766,-0.4364357804719845,-0.7726445667440458,-0.7070013542702696,-0.3412351689076656,-0.464548674655972,-0.39985020689285183,0.5193206744088694,1.0,0.0,0.0,0.0,0.0,1.0,0.0,0.0,0.0,0.0,0.0,0.0,0.0,0.0,0.0,1.0,0.0,0.0,0.0,0.0,0.0,1.0,0.0,0.0,0.0,0.0,0.0,1.0,0.0,0.0,0.0,0.0,1.0,0.0,0.0,1.0,0.0,1.0,0.0,0.0,0.0,1.0,0.0,0.0,1.0,0.0,0.0,0.0,0.0,1.0,1.0,0.0,0.0,1.0
-0.742595017696657,-0.48976498485550146,-0.8376025122779064,-0.7472929962930807,0.7860056035693652,-0.7187454693270836,-0.4364357804719845,-0.04976509889720594,-0.6322469963376833,0.603360454366149,-0.464548674655972,-0.3009332953624468,-0.6884914239300278,0.0,0.0,1.0,0.0,0.0,0.0,0.0,1.0,0.0,0.0,0.0,0.0,0.0,0.0,0.0,1.0,0.0,0.0,0.0,0.0,0.0,1.0,0.0,0.0,1.0,0.0,0.0,0.0,0.0,1.0,0.0,0.0,0.0,0.0,0.0,1.0,1.0,0.0,0.0,0.0,0.0,1.0,0.0,0.0,0.0,1.0,0.0,0.0,0.0,1.0,0.0,1.0,0.0,1.0
-0.742595017696657,-0.9254139641466312,0.9421637820708985,1.053413018870969,1.5107478399681458,2.8088396562046154,-0.4364357804719845,-0.8832787227141748,-0.9685578946189108,-0.3412351689076656,-0.464548674655972,-1.552591047561582,-0.6884914239300278,0.0,0.0,0.0,1.0,0.0,1.0,0.0,0.0,0.0,0.0,0.0,0.0,0.0,0.0,0.0,1.0,0.0,0.0,0.0,0.0,0.0,1.0,0.0,0.0,0.0,0.0,0.0,1.0,0.0,0.0,0.0,0.0,1.0,0.0,0.0,1.0,0.0,0.0,0.0,1.0,0.0,1.0,0.0,0.0,1.0,0.0,0.0,1.0,0.0,0.0,1.0,0.0,0.0,1.0
-0.9966183988927769,-0.9489929037474398,0.9421637820708985,0.15306001128894414,-0.6634788692281958,-0.7187454693270836,-0.4364357804719845,-0.7722869617207622,-0.85744326287404,-1.2858307921814802,-0.464548674655972,-1.6718756885404316,-1.1730821976485595,0.0,1.0,0.0,0.0,0.0,0.0,0.0,1.0,0.0,0.0,0.0,0.0,0.0,1.0,0.0,0.0,0.0,0.0,0.0,0.0,0.0,1.0,0.0,0.0,1.0,0.0,0.0,0.0,0.0,0.0,0.0,0.0,1.0,0.0,0.0,1.0,1.0,0.0,0.0,0.0,0.0,1.0,0.0,0.0,1.0,0.0,0.0,0.0,0.0,1.0,1.0,0.0,0.0,1.0
2.3056855566567815,1.9343745674371515,-1.727485659452309,-1.6476460038751053,-0.4822933101285007,1.045047093438766,-0.4364357804719845,0.09953789000512164,2.106520381227169,1.5479560776399637,-0.464548674655972,1.6357481372262443,1.7622593178252401,1.0,0.0,0.0,0.0,0.0,0.0,0.0,0.0,1.0,0.0,0.0,0.0,0.0,1.0,0.0,0.0,0.0,0.0,0.0,0.0,1.0,0.0,0.0,0.0,0.0,0.0,1.0,0.0,0.0,1.0,0.0,0.0,0.0,0.0,0.0,1.0,1.0,0.0,0.0,0.0,0.0,1.0,0.0,0.0,1.0,0.0,0.0,1.0,0.0,0.0,1.0,0.0,0.0,1.0
-0.742595017696657,-0.8561742208744156,0.9421637820708985,1.053413018870969,-1.2976283260771286,-0.7187454693270836,-0.4364357804719845,-0.7508044783790037,-0.6298970063531958,-1.2858307921814802,2.152626957208659,-1.2548117866093313,-0.6884914239300278,0.0,1.0,0.0,0.0,0.0,0.0,0.0,1.0,0.0,0.0,0.0,0.0,0.0,0.0,0.0,0.0,0.0,1.0,0.0,0.0,0.0,1.0,0.0,0.0,0.0,1.0,0.0,0.0,0.0,0.0,0.0,1.0,0.0,0.0,0.0,1.0,0.0,1.0,0.0,0.0,0.0,1.0,0.0,0.0,0.0,1.0,0.0,1.0,0.0,0.0,1.0,0.0,0.0,1.0
-0.2345482553044173,0.7906088623566594,-0.8376025122779064,1.053413018870969,0.0612633671705847,2.8088396562046154,-0.4364357804719845,1.1343882639078637,0.5815638297029989,-1.2858307921814802,-0.464548674655972,1.0446576933045713,0.012431660139291227,0.0,1.0,0.0,0.0,0.0,1.0,0.0,0.0,0.0,0.0,0.0,0.0,0.0,1.0,0.0,0.0,0.0,0.0,0.0,0.0,0.0,1.0,0.0,0.0,0.0,0.0,0.0,1.0,0.0,0.0,0.0,0.0,1.0,0.0,0.0,1.0,0.0,0.0,1.0,0.0,0.0,1.0,0.0,1.0,0.0,0.0,1.0,0.0,0.0,0.0,0.0,1.0,0.0,1.0
-0.742595017696657,-0.9658350034623031,0.9421637820708985,-1.6476460038751053,-0.8446644283278909,-0.7187454693270836,-0.4364357804719845,-0.9606150383260585,-0.856677622400643,0.603360454366149,2.152626957208659,-1.7643273513087931,-0.6884914239300278,0.0,0.0,1.0,0.0,1.0,0.0,0.0,0.0,0.0,1.0,0.0,0.0,0.0,0.0,0.0,0.0,0.0,0.0,0.0,0.0,0.0,1.0,0.0,0.0,0.0,0.0,1.0,0.0,0.0,1.0,0.0,0.0,0.0,0.0,0.0,1.0,0.0,0.0,0.0,1.0,0.0,1.0,0.0,0.0,1.0,0.0,0.0,0.0,1.0,0.0,1.0,0.0,0.0,1.0
-0.742595017696657,-0.48527375826487124,0.9421637820708985,1.053413018870969,-0.5728860896783482,-0.7187454693270836,-0.4364357804719845,-0.041172174940330056,-0.3706693711550743,-1.2858307921814802,-0.464548674655972,-0.2926774762677714,-0.6884914239300278,0.0,1.0,0.0,0.0,0.0,0.0,0.0,1.0,0.0,0.0,0.0,0.0,0.0,1.0,0.0,0.0,0.0,0.0,0.0,0.0,0.0,1.0,0.0,0.0,1.0,0.0,0.0,0.0,0.0,1.0,0.0,0.0,0.0,0.0,1.0,0.0,0.0,1.0,0.0,0.0,0.0,1.0,0.0,0.0,1.0,0.0,0.0,1.0,0.0,0.0,0.0,1.0,0.0,1.0
1.289592031872302,-0.8535543386965481,0.9421637820708985,1.053413018870969,0.0612633671705847,-0.7187454693270836,-0.4364357804719845,-1.1797344786868016,-0.8354627631586288,1.5479560776399637,-0.464548674655972,-1.2447815347231224,1.2434283535975954,0.0,0.0,0.0,1.0,0.0,0.0,0.0,1.0,0.0,0.0,0.0,0.0,0.0,1.0,0.0,0.0,0.0,0.0,0.0,0.0,1.0,0.0,0.0,0.0,0.0,0.0,0.0,1.0,0.0,0.0,0.0,0.0,1.0,0.0,0.0,1.0,0.0,1.0,0.0,0.0,0.0,1.0,0.0,0.0,1.0,0.0,0.0,1.0,0.0,0.0,1.0,0.0,0.0,1.0
-0.9966183988927769,-0.8348408945689222,-1.727485659452309,-0.7472929962930807,-0.5728860896783482,-0.7187454693270836,-0.4364357804719845,-0.4810823974056104,-0.7446663959179688,-0.3412351689076656,-0.464548674655972,-1.1753044846516953,-1.1730821976485595,1.0,0.0,0.0,0.0,0.0,0.0,0.0,1.0,0.0,0.0,0.0,0.0,1.0,0.0,0.0,0.0,0.0,0.0,0.0,0.0,0.0,1.0,0.0,0.0,1.0,0.0,0.0,0.0,0.0,1.0,0.0,0.0,0.0,0.0,0.0,1.0,1.0,0.0,0.0,0.0,0.0,1.0,0.0,0.0,1.0,0.0,0.0,1.0,0.0,0.0,1.0,0.0,1.0,0.0
2.3056855566567815,1.6615325520563666,0.9421637820708985,-0.7472929962930807,0.9671911626690604,1.045047093438766,2.29128784747792,-0.03096722415556053,0.7972054397978817,0.603360454366149,2.152626957208659,1.5172212498370736,1.7622593178252401,0.0,0.0,0.0,1.0,0.0,1.0,0.0,0.0,0.0,1.0,0.0,0.0,0.0,0.0,0.0,0.0,0.0,0.0,0.0,0.0,0.0,0.0,0.0,1.0,0.0,0.0,0.0,1.0,0.0,0.0,1.0,0.0,0.0,0.0,0.0,1.0,1.0,0.0,0.0,0.0,1.0,0.0,0.0,0.0,1.0,0.0,1.0,0.0,0.0,0.0,1.0,0.0,0.0,1.0
1.7976387942645415,0.31903007034048786,0.9421637820708985,1.053413018870969,0.0612633671705847,1.045047093438766,-0.4364357804719845,-0.5697388027600475,0.17513234620524093,1.5479560776399637,-0.464548674655972,0.6922816589964133,1.5210018607961258,0.0,0.0,0.0,1.0,0.0,1.0,0.0,0.0,0.0,0.0,0.0,0.0,1.0,0.0,0.0,0.0,0.0,0.0,0.0,0.0,1.0,0.0,0.0,0.0,1.0,0.0,0.0,0.0,0.0,0.0,0.0,0.0,1.0,0.0,0.0,1.0,0.0,0.0,0.0,1.0,0.0,1.0,0.0,0.0,1.0,0.0,0.0,1.0,0.0,0.0,0.0,1.0,0.0,1.0
-0.2345482553044173,-0.32546094541494647,-0.8376025122779064,0.15306001128894414,-0.11992219192911042,1.045047093438766,-0.4364357804719845,-0.2891732003813321,-0.3363034373394932,-0.3412351689076656,-0.464548674655972,-0.028599571950283478,0.012431660139291227,0.0,0.0,0.0,1.0,0.0,0.0,1.0,0.0,0.0,0.0,0.0,0.0,0.0,0.0,0.0,1.0,0.0,0.0,0.0,0.0,0.0,1.0,0.0,0.0,0.0,0.0,0.0,0.0,1.0,0.0,0.0,1.0,0.0,0.0,0.0,1.0,0.0,0.0,0.0,1.0,0.0,1.0,0.0,0.0,1.0,0.0,0.0,1.0,0.0,0.0,1.0,0.0,0.0,1.0
1.289592031872302,-0.3243381387672889,0.9421637820708985,1.053413018870969,-1.025849987427586,-0.7187454693270836,-0.4364357804719845,-0.8422233335412488,-0.0046976131168394485,-0.3412351689076656,-0.464548674655972,-0.0269217532049196,1.2434283535975954,1.0,0.0,0.0,0.0,0.0,0.0,0.0,1.0,0.0,0.0,0.0,0.0,0.0,0.0,0.0,1.0,0.0,0.0,0.0,0.0,0.0,1.0,0.0,0.0,0.0,1.0,0.0,0.0,0.0,0.0,0.0,0.0,1.0,0.0,0.0,1.0,1.0,0.0,0.0,0.0,0.0,1.0,0.0,0.0,0.0,1.0,0.0,1.0,0.0,0.0,1.0,0.0,0.0,1.0
0.01947512589170256,-0.07357798745710249,0.052280634896496016,-0.7472929962930807,-0.6634788692281958,1.045047093438766,-0.4364357804719845,-0.17200923446383176,0.11260078248657929,-0.3412351689076656,-0.464548674655972,0.3021190036767042,0.28321049937129605,0.0,0.0,0.0,1.0,0.0,0.0,1.0,0.0,0.0,0.0,0.0,0.0,0.0,0.0,0.0,0.0,0.0,0.0,1.0,0.0,0.0,1.0,0.0,0.0,1.0,0.0,0.0,0.0,0.0,0.0,0.0,0.0,1.0,0.0,0.0,1.0,0.0,0.0,0.0,1.0,0.0,0.0,1.0,0.0,1.0,0.0,0.0,0.0,0.0,1.0,1.0,0.0,0.0,1.0
0.2734985070878224,1.2086672041678208,-0.8376025122779064,1.053413018870969,0.7860056035693652,1.045047093438766,2.29128784747792,0.9015441484320054,0.5654063577296,-1.2858307921814802,-0.464548674655972,1.292938612847674,0.5193206744088694,0.0,1.0,0.0,0.0,0.0,1.0,0.0,0.0,0.0,0.0,0.0,0.0,0.0,0.0,0.0,0.0,0.0,0.0,1.0,0.0,0.0,1.0,0.0,0.0,0.0,0.0,0.0,1.0,0.0,1.0,0.0,0.0,0.0,0.0,0.0,1.0,0.0,0.0,1.0,0.0,0.0,1.0,0.0,1.0,0.0,0.0,1.0,0.0,0.0,0.0,0.0,1.0,0.0,1.0
0.2734985070878224,-0.10988206906469665,-0.8376025122779064,-1.6476460038751053,-0.5728860896783482,-0.7187454693270836,-0.4364357804719845,-0.35982600630820594,0.03095698413098882,0.603360454366149,-0.464548674655972,0.2593399266206456,0.5193206744088694,1.0,0.0,0.0,0.0,0.0,0.0,0.0,1.0,0.0,0.0,0.0,0.0,0.0,0.0,0.0,1.0,0.0,0.0,0.0,1.0,0.0,0.0,0.0,0.0,0.0,0.0,1.0,0.0,0.0,0.0,0.0,0.0,1.0,0.0,0.0,1.0,1.0,0.0,0.0,0.0,0.0,1.0,0.0,0.0,1.0,0.0,0.0,1.0,0.0,0.0,1.0,0.0,0.0,1.0
1.7976387942645415,0.07650383444645684,0.9421637820708985,1.053413018870969,2.688453974116164,1.045047093438766,-0.4364357804719845,-0.70231542272358,-0.5223317945188584,-1.2858307921814802,2.152626957208659,0.46538366170947226,1.5210018607961258,0.0,1.0,0.0,0.0,0.0,1.0,0.0,0.0,0.0,0.0,0.0,0.0,0.0,0.0,0.0,0.0,1.0,0.0,0.0,0.0,0.0,1.0,0.0,0.0,0.0,0.0,0.0,0.0,1.0,0.0,0.0,0.0,1.0,1.0,0.0,0.0,1.0,0.0,0.0,0.0,0.0,1.0,0.0,0.0,1.0,0.0,0.0,0.0,1.0,0.0,1.0,0.0,0.0,1.0
-1.2506417800888967,-0.46132054978151016,-1.727485659452309,1.053413018870969,-0.3917005305786531,-0.7187454693270836,-0.4364357804719845,1.406017099196287,-0.39559904531377904,-1.2858307921814802,-0.464548674655972,-0.24951134689068905,-1.8318662260302179,0.0,1.0,0.0,0.0,0.0,1.0,0.0,0.0,0.0,0.0,0.0,0.0,0.0,0.0,0.0,1.0,0.0,0.0,0.0,0.0,0.0,1.0,0.0,0.0,0.0,1.0,0.0,0.0,0.0,1.0,0.0,0.0,0.0,0.0,0.0,1.0,1.0,0.0,0.0,0.0,0.0,1.0,0.0,0.0,1.0,0.0,0.0,1.0,0.0,0.0,1.0,0.0,0.0,1.0
-1.2506417800888967,-0.6795193083096276,0.9421637820708985,0.15306001128894414,3.5943817696146394,-0.7187454693270836,-0.4364357804719845,0.5710720171734942,-0.9159361661623884,-0.3412351689076656,-0.464548674655972,-0.7086372333904712,-1.8318662260302179,0.0,1.0,0.0,0.0,0.0,0.0,0.0,1.0,0.0,0.0,0.0,0.0,0.0,1.0,0.0,0.0,0.0,0.0,0.0,0.0,0.0,0.0,0.0,1.0,0.0,0.0,0.0,0.0,1.0,1.0,0.0,0.0,0.0,0.0,0.0,1.0,0.0,1.0,0.0,0.0,0.0,1.0,0.0,0.0,1.0,0.0,1.0,0.0,0.0,0.0,0.0,1.0,0.0,1.0
-0.48857163650053714,0.23294822735340898,-1.727485659452309,1.053413018870969,-1.1164427669774335,-0.7187454693270836,-0.4364357804719845,0.7870428430610575,0.7959428117507028,0.603360454366149,-0.464548674655972,0.6162035101308017,-0.3049783695263035,0.0,0.0,0.0,1.0,0.0,0.0,0.0,1.0,0.0,0.0,0.0,0.0,0.0,0.0,0.0,0.0,0.0,0.0,1.0,1.0,0.0,0.0,0.0,0.0,0.0,0.0,1.0,0.0,0.0,1.0,0.0,0.0,0.0,0.0,0.0,1.0,1.0,0.0,0.0,0.0,0.0,1.0,0.0,0.0,1.0,0.0,0.0,1.0,0.0,0.0,0.0,1.0,0.0,1.0
0.7815452694800622,-0.06459553427584208,0.9421637820708985,1.053413018870969,1.057783942218908,-0.7187454693270836,-0.4364357804719845,-0.5325437777936385,-0.3832613635297565,0.603360454366149,-0.464548674655972,0.31248960698792055,0.9166346534898615,0.0,0.0,1.0,0.0,0.0,1.0,0.0,0.0,0.0,0.0,0.0,0.0,0.0,0.0,0.0,1.0,0.0,0.0,0.0,0.0,0.0,1.0,0.0,0.0,0.0,0.0,0.0,1.0,0.0,0.0,0.0,0.0,1.0,0.0,0.0,1.0,0.0,1.0,0.0,0.0,0.0,1.0,0.0,0.0,1.0,0.0,0.0,1.0,0.0,0.0,1.0,0.0,0.0,1.0
-0.742595017696657,-0.8258584413876617,-1.727485659452309,1.053413018870969,-1.4788138851768238,-0.7187454693270836,-0.4364357804719845,-0.6928022416700909,-0.5278890116189916,2.4925517009137783,-0.464548674655972,-1.1432309744708486,-0.6884914239300278,1.0,0.0,0.0,0.0,0.0,0.0,0.0,1.0,0.0,0.0,0.0,0.0,1.0,0.0,0.0,0.0,0.0,0.0,0.0,0.0,0.0,0.0,1.0,0.0,0.0,0.0,1.0,0.0,0.0,1.0,0.0,0.0,0.0,0.0,0.0,1.0,0.0,0.0,0.0,1.0,0.0,1.0,0.0,0.0,0.0,1.0,0.0,0.0,0.0,1.0,1.0,0.0,0.0,1.0
-0.742595017696657,-0.9373905683883118,-0.8376025122779064,0.15306001128894414,-0.9352572078777385,-0.7187454693270836,-0.4364357804719845,-0.9061931865991775,-0.8104962966321474,-0.3412351689076656,-0.464548674655972,-1.6118109291684732,-0.6884914239300278,1.0,0.0,0.0,0.0,0.0,0.0,0.0,1.0,0.0,0.0,0.0,0.0,0.0,1.0,0.0,0.0,0.0,0.0,0.0,0.0,0.0,1.0,0.0,0.0,0.0,1.0,0.0,0.0,0.0,0.0,0.0,1.0,0.0,0.0,0.0,1.0,1.0,0.0,0.0,0.0,1.0,0.0,0.0,0.0,1.0,0.0,0.0,0.0,0.0,1.0,1.0,0.0,0.0,1.0
-1.2506417800888967,-1.031706326791546,0.9421637820708985,-0.7472929962930807,-1.025849987427586,-0.7187454693270836,2.29128784747792,-0.7765837670176693,-0.9191683239770094,2.4925517009137783,2.152626957208659,-2.2064954460774495,-1.8318662260302179,1.0,0.0,0.0,0.0,1.0,0.0,0.0,0.0,0.0,0.0,0.0,1.0,0.0,0.0,0.0,0.0,0.0,0.0,0.0,0.0,0.0,0.0,1.0,0.0,0.0,0.0,1.0,0.0,0.0,1.0,0.0,0.0,0.0,0.0,0.0,1.0,0.0,1.0,0.0,0.0,1.0,0.0,0.0,0.0,0.0,1.0,0.0,1.0,0.0,0.0,1.0,0.0,0.0,1.0
-0.742595017696657,-0.9377648372708643,0.9421637820708985,1.053413018870969,0.42363448536997494,-0.7187454693270836,2.29128784747792,-0.9069092635955838,-0.9301032316572523,-1.2858307921814802,2.152626957208659,-1.6137057670898618,-0.6884914239300278,0.0,1.0,0.0,0.0,0.0,0.0,0.0,1.0,0.0,0.0,0.0,1.0,0.0,0.0,0.0,0.0,0.0,0.0,0.0,0.0,0.0,1.0,0.0,0.0,1.0,0.0,0.0,0.0,0.0,0.0,0.0,0.0,1.0,0.0,0.0,1.0,1.0,0.0,0.0,0.0,0.0,1.0,0.0,0.0,0.0,1.0,0.0,0.0,0.0,1.0,1.0,0.0,0.0,1.0
-1.2506417800888967,-0.7075894745010664,-1.727485659452309,-1.6476460038751053,3.503788990064792,2.8088396562046154,2.29128784747792,0.4636605572220199,-0.9248305834455627,0.603360454366149,-0.464548674655972,-0.7814924678492182,-1.8318662260302179,0.0,0.0,1.0,0.0,0.0,1.0,0.0,0.0,0.0,0.0,0.0,0.0,0.0,1.0,0.0,0.0,0.0,0.0,0.0,0.0,0.0,1.0,0.0,0.0,1.0,0.0,0.0,0.0,0.0,0.0,0.0,0.0,1.0,0.0,0.0,1.0,0.0,0.0,0.0,1.0,0.0,1.0,0.0,0.0,1.0,0.0,0.0,0.0,1.0,0.0,1.0,0.0,1.0,0.0
0.2734985070878224,-0.6649228218900795,0.9421637820708985,-0.7472929962930807,-0.6634788692281958,-0.7187454693270836,-0.4364357804719845,-0.8907973203813633,-0.5426662511473576,-0.3412351689076656,-0.464548674655972,-0.6723081995823807,0.5193206744088694,0.0,0.0,0.0,1.0,0.0,0.0,0.0,1.0,0.0,0.0,0.0,0.0,0.0,0.0,0.0,1.0,0.0,0.0,0.0,0.0,0.0,1.0,0.0,0.0,1.0,0.0,0.0,0.0,0.0,0.0,0.0,1.0,0.0,0.0,0.0,1.0,0.0,1.0,0.0,0.0,0.0,1.0,0.0,0.0,1.0,0.0,0.0,1.0,0.0,0.0,1.0,0.0,0.0,1.0
-0.742595017696657,-0.7614841935886288,0.052280634896496016,0.15306001128894414,0.42363448536997494,1.045047093438766,-0.4364357804719845,-0.569636998288202,-0.7933680644823085,-0.3412351689076656,-0.464548674655972,-0.9339826827146598,-0.6884914239300278,1.0,0.0,0.0,0.0,0.0,0.0,0.0,1.0,0.0,0.0,0.0,0.0,0.0,0.0,0.0,1.0,0.0,0.0,0.0,0.0,0.0,1.0,0.0,0.0,0.0,0.0,0.0,1.0,0.0,0.0,0.0,1.0,0.0,0.0,1.0,0.0,0.0,0.0,0.0,1.0,1.0,0.0,0.0,0.0,1.0,0.0,0.0,0.0,0.0,1.0,1.0,0.0,0.0,1.0
-0.9966183988927769,0.24043360500445932,-1.727485659452309,1.053413018870969,2.5978611945663164,-0.7187454693270836,-0.4364357804719845,2.2619691215367865,-0.4333858182015367,0.603360454366149,2.152626957208659,0.6229987710631457,-1.1730821976485595,0.0,0.0,0.0,1.0,0.0,0.0,0.0,1.0,0.0,0.0,0.0,1.0,0.0,0.0,0.0,0.0,0.0,0.0,0.0,0.0,0.0,0.0,0.0,1.0,0.0,0.0,0.0,1.0,0.0,0.0,0.0,0.0,1.0,0.0,0.0,1.0,0.0,0.0,0.0,1.0,0.0,1.0,0.0,0.0,1.0,0.0,0.0,0.0,0.0,1.0,1.0,0.0,0.0,1.0
-0.2345482553044173,1.3366671620007817,-0.8376025122779064,1.053413018870969,2.9602323127657066,1.045047093438766,-0.4364357804719845,1.8308926825523766,0.025898901531734627,0.603360454366149,-0.464548674655972,1.3603528642192502,0.012431660139291227,0.0,0.0,0.0,1.0,0.0,0.0,0.0,1.0,0.0,0.0,0.0,0.0,0.0,1.0,0.0,0.0,0.0,0.0,0.0,0.0,0.0,0.0,0.0,1.0,1.0,0.0,0.0,0.0,0.0,0.0,0.0,0.0,1.0,0.0,0.0,1.0,1.0,0.0,0.0,0.0,0.0,1.0,0.0,0.0,0.0,1.0,0.0,1.0,0.0,0.0,1.0,0.0,0.0,1.0
-0.9119439384940703,-0.12784697542721746,-1.727485659452309,-0.7472929962930807,-0.30110775102880555,-0.7187454693270836,2.29128784747792,1.0505584059037127,-0.09517688267302055,0.603360454366149,-0.464548674655972,0.23763815626023696,-0.9970428507185473,0.0,0.0,0.0,1.0,0.0,0.0,0.0,1.0,0.0,0.0,0.0,0.0,0.0,0.0,0.0,0.0,0.0,0.0,1.0,1.0,0.0,0.0,0.0,0.0,1.0,0.0,0.0,0.0,0.0,0.0,0.0,0.0,1.0,1.0,0.0,0.0,0.0,0.0,0.0,1.0,0.0,1.0,0.0,0.0,1.0,0.0,0.0,1.0,0.0,0.0,1.0,0.0,0.0,1.0
-1.2506417800888967,-0.6181392115710148,-1.727485659452309,-0.7472929962930807,1.8731189581675358,-0.7187454693270836,-0.4364357804719845,0.8059450762673843,-0.8097497192980325,-0.3412351689076656,2.152626957208659,-0.5622770615309903,-1.8318662260302179,0.0,0.0,0.0,1.0,0.0,0.0,0.0,1.0,0.0,0.0,0.0,1.0,0.0,0.0,0.0,0.0,0.0,0.0,0.0,0.0,0.0,1.0,0.0,0.0,0.0,0.0,1.0,0.0,0.0,1.0,0.0,0.0,0.0,0.0,0.0,1.0,0.0,0.0,1.0,0.0,0.0,1.0,0.0,0.0,1.0,0.0,0.0,1.0,0.0,0.0,1.0,0.0,0.0,1.0
2.3056855566567815,0.2774862243771585,0.9421637820708985,1.053413018870969,0.9671911626690604,-0.7187454693270836,2.29128784747792,-0.6929808210913665,-0.13632481904346647,-1.2858307921814802,-0.464548674655972,0.6561215459642697,1.7622593178252401,0.0,1.0,0.0,0.0,0.0,0.0,0.0,1.0,0.0,0.0,0.0,0.0,0.0,1.0,0.0,0.0,0.0,0.0,0.0,0.0,0.0,1.0,0.0,0.0,0.0,1.0,0.0,0.0,0.0,0.0,0.0,0.0,1.0,0.0,0.0,1.0,0.0,0.0,1.0,0.0,0.0,1.0,0.0,1.0,0.0,0.0,0.0,1.0,0.0,0.0,1.0,0.0,0.0,1.0
-0.48857163650053714,0.7988427777728148,-1.727485659452309,1.053413018870969,-0.029329412379262863,-0.7187454693270836,-0.4364357804719845,1.6532097222751816,0.6377269327006219,1.5479560776399637,-0.464548674655972,1.0500352029847084,-0.3049783695263035,0.0,0.0,0.0,1.0,0.0,0.0,0.0,1.0,0.0,0.0,0.0,0.0,0.0,1.0,0.0,0.0,0.0,0.0,0.0,0.0,1.0,0.0,0.0,0.0,0.0,0.0,0.0,1.0,0.0,1.0,0.0,0.0,0.0,0.0,0.0,1.0,0.0,0.0,1.0,0.0,0.0,1.0,0.0,1.0,0.0,0.0,0.0,1.0,0.0,0.0,1.0,0.0,0.0,1.0
1.289592031872302,0.1610886019033257,-1.727485659452309,-0.7472929962930807,0.15185614672043227,-0.7187454693270836,2.29128784747792,-0.5326392067705404,0.007451034408754229,-1.2858307921814802,-0.464548674655972,0.5490939008271022,1.2434283535975954,0.0,1.0,0.0,0.0,0.0,0.0,0.0,1.0,0.0,0.0,0.0,0.0,1.0,0.0,0.0,0.0,0.0,0.0,0.0,0.0,0.0,1.0,0.0,0.0,1.0,0.0,0.0,0.0,0.0,0.0,0.0,0.0,1.0,0.0,1.0,0.0,0.0,1.0,0.0,0.0,0.0,1.0,0.0,0.0,1.0,0.0,0.0,1.0,0.0,0.0,1.0,0.0,0.0,1.0
0.2734985070878224,1.3782110079641112,-0.8376025122779064,-1.6476460038751053,1.7825261786176885,-0.7187454693270836,-0.4364357804719845,1.0637356556977773,0.3222337043239227,-1.2858307921814802,-0.464548674655972,1.3815017200270845,0.5193206744088694,0.0,1.0,0.0,0.0,1.0,0.0,0.0,0.0,0.0,0.0,0.0,0.0,1.0,0.0,0.0,0.0,0.0,0.0,0.0,0.0,0.0,1.0,0.0,0.0,0.0,0.0,1.0,0.0,0.0,0.0,1.0,0.0,0.0,0.0,0.0,1.0,0.0,1.0,0.0,0.0,1.0,0.0,0.0,0.0,1.0,0.0,0.0,1.0,0.0,0.0,0.0,1.0,0.0,1.0
2.3056855566567815,2.12150900871341,-0.8376025122779064,-1.6476460038751053,-0.029329412379262863,1.045047093438766,-0.4364357804719845,0.18904757049941665,1.8102402806856381,0.603360454366149,-0.464548674655972,1.7112084965734056,1.7622593178252401,0.0,0.0,0.0,1.0,0.0,1.0,0.0,0.0,0.0,0.0,0.0,0.0,0.0,0.0,0.0,0.0,0.0,0.0,1.0,0.0,0.0,0.0,0.0,1.0,0.0,1.0,0.0,0.0,0.0,0.0,0.0,0.0,1.0,0.0,0.0,1.0,0.0,0.0,1.0,0.0,0.0,1.0,0.0,1.0,0.0,0.0,0.0,1.0,0.0,0.0,0.0,1.0,0.0,1.0
2.3056855566567815,-0.16415105703481161,0.9421637820708985,0.15306001128894414,0.2424489262702798,1.045047093438766,2.29128784747792,-0.9042236670579028,-0.2880025984724496,0.603360454366149,-0.464548674655972,0.19264369758218294,1.7622593178252401,0.0,0.0,0.0,1.0,0.0,1.0,0.0,0.0,0.0,0.0,0.0,0.0,0.0,0.0,0.0,0.0,0.0,0.0,1.0,0.0,0.0,0.0,0.0,1.0,0.0,0.0,0.0,1.0,0.0,0.0,0.0,0.0,1.0,0.0,0.0,1.0,1.0,0.0,0.0,0.0,0.0,1.0,0.0,0.0,1.0,0.0,0.0,1.0,0.0,0.0,0.0,1.0,0.0,1.0
0.01947512589170256,-0.6054140695642292,0.9421637820708985,1.053413018870969,0.0612633671705847,-0.7187454693270836,-0.4364357804719845,-0.7534639632080022,-0.6216023873181418,2.4925517009137783,2.152626957208659,-0.5338935545220486,0.28321049937129605,0.0,0.0,0.0,1.0,0.0,0.0,0.0,1.0,0.0,1.0,0.0,0.0,0.0,0.0,0.0,0.0,0.0,0.0,0.0,0.0,0.0,0.0,1.0,0.0,0.0,0.0,0.0,1.0,0.0,1.0,0.0,0.0,0.0,0.0,0.0,1.0,0.0,0.0,0.0,1.0,1.0,0.0,0.0,0.0,1.0,0.0,0.0,0.0,0.0,1.0,1.0,0.0,0.0,1.0
-0.9966183988927769,-0.2554726643776258,-0.8376025122779064,1.053413018870969,1.4201550604182982,-0.7187454693270836,-0.4364357804719845,0.9969001126267011,-0.5578483824863442,1.5479560776399637,-0.464548674655972,0.07204980105624455,-1.1730821976485595,0.0,0.0,0.0,1.0,0.0,0.0,0.0,1.0,0.0,0.0,0.0,0.0,0.0,1.0,0.0,0.0,0.0,0.0,0.0,0.0,1.0,0.0,0.0,0.0,0.0,0.0,0.0,1.0,0.0,0.0,0.0,0.0,1.0,0.0,0.0,1.0,0.0,0.0,1.0,0.0,0.0,1.0,0.0,1.0,0.0,0.0,0.0,0.0,0.0,1.0,1.0,0.0,0.0,1.0
1.289592031872302,-0.13832650413868794,0.9421637820708985,1.053413018870969,-0.7540716487780433,1.045047093438766,-0.4364357804719845,-0.7235931785643467,0.08416899712215879,-0.3412351689076656,-0.464548674655972,0.2248092997312178,1.2434283535975954,1.0,0.0,0.0,0.0,0.0,1.0,0.0,0.0,0.0,0.0,0.0,0.0,0.0,1.0,0.0,0.0,0.0,0.0,0.0,0.0,0.0,1.0,0.0,0.0,0.0,0.0,1.0,0.0,0.0,0.0,1.0,0.0,0.0,0.0,0.0,1.0,1.0,0.0,0.0,0.0,0.0,1.0,0.0,0.0,1.0,0.0,0.0,1.0,0.0,0.0,1.0,0.0,0.0,1.0
0.01947512589170256,-0.1525487216756836,-1.727485659452309,-0.7472929962930807,-0.3917005305786531,-0.7187454693270836,-0.4364357804719845,-0.2583476917228184,-0.08656129520964433,1.5479560776399637,-0.464548674655972,0.20719353214072792,0.28321049937129605,0.0,0.0,0.0,1.0,0.0,0.0,0.0,1.0,0.0,0.0,0.0,0.0,0.0,1.0,0.0,0.0,0.0,0.0,0.0,0.0,1.0,0.0,0.0,0.0,0.0,1.0,0.0,0.0,0.0,1.0,0.0,0.0,0.0,0.0,0.0,1.0,1.0,0.0,0.0,0.0,1.0,0.0,0.0,0.0,1.0,0.0,1.0,0.0,0.0,0.0,1.0,0.0,0.0,1.0
-0.742595017696657,0.05292489484564827,-0.8376025122779064,1.053413018870969,0.6048200444696701,-0.7187454693270836,-0.4364357804719845,0.9885465458919734,-0.20770579920979027,-0.3412351689076656,-0.464548674655972,0.4410537090043465,-0.6884914239300278,0.0,0.0,0.0,1.0,0.0,1.0,0.0,0.0,0.0,0.0,0.0,0.0,1.0,0.0,0.0,0.0,0.0,0.0,0.0,0.0,0.0,1.0,0.0,0.0,0.0,0.0,0.0,1.0,0.0,0.0,0.0,0.0,1.0,0.0,0.0,1.0,0.0,1.0,0.0,0.0,0.0,0.0,1.0,0.0,1.0,0.0,0.0,1.0,0.0,0.0,1.0,0.0,0.0,1.0
1.289592031872302,0.47659726989509754,0.9421637820708985,-0.7472929962930807,-0.8446644283278909,1.045047093438766,-0.4364357804719845,-0.33142145899281705,0.8646265205129747,-0.3412351689076656,-0.464548674655972,0.8209495056469354,1.2434283535975954,0.0,0.0,0.0,1.0,0.0,0.0,1.0,0.0,0.0,0.0,0.0,0.0,0.0,0.0,0.0,1.0,0.0,0.0,0.0,0.0,0.0,1.0,0.0,0.0,1.0,0.0,0.0,0.0,0.0,0.0,0.0,0.0,1.0,0.0,0.0,1.0,1.0,0.0,0.0,0.0,0.0,1.0,0.0,0.0,1.0,0.0,1.0,0.0,0.0,0.0,0.0,1.0,0.0,1.0
0.01947512589170256,0.06265588579201371,0.9421637820708985,-0.7472929962930807,-0.5728860896783482,-0.7187454693270836,-0.4364357804719845,-0.023065166017049075,0.21555294603216052,1.5479560776399637,-0.464548674655972,0.45114993032440753,0.28321049937129605,0.0,1.0,0.0,0.0,0.0,0.0,0.0,1.0,0.0,0.0,0.0,0.0,0.0,0.0,0.0,1.0,0.0,0.0,0.0,0.0,0.0,0.0,1.0,0.0,0.0,0.0,1.0,0.0,0.0,1.0,0.0,0.0,0.0,0.0,0.0,1.0,1.0,0.0,0.0,0.0,1.0,0.0,0.0,0.0,1.0,0.0,0.0,1.0,0.0,0.0,1.0,0.0,0.0,1.0
0.2734985070878224,-0.4500924833049346,-0.8376025122779064,1.053413018870969,-1.2976283260771286,-0.7187454693270836,2.29128784747792,-0.685283136781908,-0.02992684023150516,-1.2858307921814802,-0.464548674655972,-0.22976066988079633,0.5193206744088694,0.0,1.0,0.0,0.0,0.0,0.0,0.0,1.0,0.0,0.0,0.0,0.0,0.0,0.0,0.0,1.0,0.0,0.0,0.0,0.0,0.0,1.0,0.0,0.0,1.0,0.0,0.0,0.0,0.0,0.0,0.0,0.0,1.0,0.0,0.0,1.0,0.0,0.0,0.0,1.0,0.0,1.0,0.0,0.0,0.0,1.0,0.0,0.0,0.0,1.0,1.0,0.0,0.0,1.0
0.2734985070878224,-0.06309845874563202,-0.8376025122779064,-0.7472929962930807,-1.025849987427586,-0.7187454693270836,-0.4364357804719845,-0.3150711753849797,0.33302754888337144,-1.2858307921814802,-0.464548674655972,0.31421001937819193,0.5193206744088694,0.0,1.0,0.0,0.0,0.0,0.0,0.0,1.0,0.0,0.0,0.0,0.0,1.0,0.0,0.0,0.0,0.0,0.0,0.0,0.0,0.0,1.0,0.0,0.0,1.0,0.0,0.0,0.0,0.0,0.0,1.0,0.0,0.0,0.0,0.0,1.0,0.0,0.0,0.0,1.0,0.0,1.0,0.0,0.0,0.0,1.0,0.0,0.0,0.0,1.0,1.0,0.0,0.0,1.0
-0.48857163650053714,-0.8921040335994572,0.9421637820708985,1.053413018870969,-1.207035546527281,-0.7187454693270836,-0.4364357804719845,-0.9349794049003554,-0.7032406479508473,-1.2858307921814802,2.152626957208659,-1.4008079534339413,-0.3049783695263035,0.0,1.0,0.0,0.0,0.0,0.0,0.0,1.0,0.0,1.0,0.0,0.0,0.0,0.0,0.0,0.0,0.0,0.0,0.0,0.0,0.0,1.0,0.0,0.0,1.0,0.0,0.0,0.0,0.0,1.0,0.0,0.0,0.0,0.0,0.0,1.0,0.0,1.0,0.0,0.0,0.0,1.0,0.0,0.0,1.0,0.0,0.0,0.0,0.0,1.0,1.0,0.0,0.0,1.0
2.3056855566567815,2.9085964687213535,-1.727485659452309,-0.7472929962930807,-0.7540716487780433,1.045047093438766,-0.4364357804719845,0.5655252866584214,3.5855006381685244,2.4925517009137783,-0.464548674655972,1.9878776854893974,1.7622593178252401,1.0,0.0,0.0,0.0,0.0,0.0,0.0,1.0,0.0,0.0,0.0,0.0,0.0,0.0,0.0,1.0,0.0,0.0,0.0,0.0,0.0,0.0,1.0,0.0,0.0,1.0,0.0,0.0,0.0,0.0,0.0,0.0,1.0,1.0,0.0,0.0,0.0,0.0,1.0,0.0,1.0,0.0,0.0,0.0,1.0,0.0,0.0,1.0,0.0,0.0,0.0,1.0,0.0,1.0
-0.742595017696657,-0.9284081152070515,0.9421637820708985,1.053413018870969,1.9637117377173834,-0.7187454693270836,-0.4364357804719845,-0.8890073386854255,-0.9842329693411814,-1.2858307921814802,-0.464548674655972,-1.567144826316103,-0.6884914239300278,0.0,1.0,0.0,0.0,0.0,0.0,0.0,1.0,0.0,0.0,0.0,0.0,0.0,0.0,0.0,1.0,0.0,0.0,0.0,0.0,0.0,1.0,0.0,0.0,0.0,0.0,0.0,1.0,0.0,0.0,0.0,0.0,1.0,0.0,0.0,1.0,0.0,0.0,0.0,1.0,0.0,0.0,1.0,0.0,1.0,0.0,0.0,0.0,0.0,1.0,1.0,0.0,0.0,1.0
0.2734985070878224,-0.5728526767821602,0.9421637820708985,-0.7472929962930807,-0.5728860896783482,-0.7187454693270836,-0.4364357804719845,-0.8027198131244538,-0.46436883988582095,-1.2858307921814802,-0.464548674655972,-0.46396929798562075,0.5193206744088694,0.0,1.0,0.0,0.0,0.0,0.0,1.0,0.0,0.0,0.0,0.0,0.0,0.0,0.0,0.0,1.0,0.0,0.0,0.0,0.0,0.0,1.0,0.0,0.0,0.0,0.0,1.0,0.0,0.0,1.0,0.0,0.0,0.0,0.0,0.0,1.0,1.0,0.0,0.0,0.0,0.0,1.0,0.0,0.0,0.0,1.0,0.0,0.0,0.0,1.0,0.0,1.0,0.0,1.0
-0.2345482553044173,-0.2996363925188228,0.9421637820708985,-1.6476460038751053,-0.7540716487780433,-0.7187454693270836,-0.4364357804719845,-0.25623364939677323,-0.10119814908727283,-1.2858307921814802,-0.464548674655972,0.009452340608106017,0.012431660139291227,0.0,1.0,0.0,0.0,0.0,0.0,0.0,1.0,0.0,0.0,0.0,0.0,0.0,0.0,0.0,1.0,0.0,0.0,0.0,0.0,0.0,1.0,0.0,0.0,0.0,0.0,1.0,0.0,0.0,1.0,0.0,0.0,0.0,0.0,0.0,1.0,1.0,0.0,0.0,0.0,0.0,0.0,1.0,0.0,1.0,0.0,0.0,1.0,0.0,0.0,1.0,0.0,0.0,1.0
0.2734985070878224,-0.6806421149572851,0.9421637820708985,1.053413018870969,-0.9352572078777385,-0.7187454693270836,-0.4364357804719845,-0.9058349435715674,-0.4918540525150575,-0.3412351689076656,-0.464548674655972,-0.7114743175138679,0.5193206744088694,0.0,1.0,0.0,0.0,0.0,0.0,0.0,1.0,0.0,0.0,0.0,0.0,0.0,1.0,0.0,0.0,0.0,0.0,0.0,0.0,0.0,0.0,0.0,1.0,1.0,0.0,0.0,0.0,0.0,1.0,0.0,0.0,0.0,0.0,0.0,1.0,0.0,0.0,0.0,1.0,0.0,1.0,0.0,0.0,0.0,1.0,0.0,1.0,0.0,0.0,1.0,0.0,0.0,1.0
-1.41999070088631,0.0712640700907216,-1.727485659452309,-1.6476460038751053,0.15185614672043227,-0.7187454693270836,2.29128784747792,5.8643027127516945,-0.06787217545361689,-0.3412351689076656,-0.464548674655972,0.46001625256464473,-2.453335547738403,0.0,0.0,0.0,1.0,0.0,1.0,0.0,0.0,0.0,0.0,0.0,0.0,0.0,1.0,0.0,0.0,0.0,0.0,0.0,0.0,0.0,1.0,0.0,0.0,0.0,1.0,0.0,0.0,0.0,1.0,0.0,0.0,0.0,0.0,0.0,1.0,0.0,0.0,0.0,1.0,0.0,1.0,0.0,0.0,1.0,0.0,0.0,1.0,0.0,0.0,1.0,0.0,0.0,1.0
0.2734985070878224,-0.8198701392668215,0.9421637820708985,-0.7472929962930807,-0.9352572078777385,1.045047093438766,-0.4364357804719845,-1.039025320399089,-0.6646454735231587,0.603360454366149,-0.464548674655972,-1.1222803402013661,0.5193206744088694,0.0,0.0,0.0,1.0,0.0,0.0,0.0,1.0,0.0,0.0,0.0,0.0,0.0,0.0,0.0,1.0,0.0,0.0,0.0,0.0,0.0,0.0,0.0,1.0,0.0,0.0,0.0,1.0,0.0,0.0,0.0,0.0,1.0,0.0,0.0,1.0,1.0,0.0,0.0,0.0,0.0,1.0,0.0,0.0,1.0,0.0,0.0,1.0,0.0,0.0,1.0,0.0,0.0,1.0
-0.2345482553044173,-0.5170866132818351,0.9421637820708985,-1.6476460038751053,-1.207035546527281,-0.7187454693270836,-0.4364357804719845,-0.5335942163826962,-0.17435197979870523,-0.3412351689076656,-0.464548674655972,-0.3523193053066786,0.012431660139291227,0.0,0.0,0.0,1.0,0.0,0.0,1.0,0.0,0.0,0.0,0.0,0.0,1.0,0.0,0.0,0.0,0.0,0.0,0.0,0.0,0.0,1.0,0.0,0.0,0.0,1.0,0.0,0.0,0.0,1.0,0.0,0.0,0.0,0.0,0.0,1.0,0.0,0.0,0.0,1.0,0.0,1.0,0.0,0.0,1.0,0.0,0.0,1.0,0.0,0.0,1.0,0.0,0.0,1.0
1.5436154130684216,2.0204564104242304,0.9421637820708985,-0.7472929962930807,0.8765983831192128,-0.7187454693270836,-0.4364357804719845,0.4955010841002585,1.087474380376198,0.603360454366149,-0.464548674655972,1.6710051481010917,1.3874245025311263,0.0,0.0,0.0,1.0,0.0,0.0,0.0,1.0,0.0,0.0,0.0,0.0,0.0,0.0,0.0,0.0,0.0,0.0,1.0,1.0,0.0,0.0,0.0,0.0,0.0,0.0,0.0,1.0,0.0,0.0,0.0,0.0,1.0,0.0,0.0,1.0,1.0,0.0,0.0,0.0,0.0,1.0,0.0,0.0,1.0,0.0,1.0,0.0,0.0,0.0,0.0,1.0,0.0,1.0
-0.2345482553044173,0.46761481671383714,-1.727485659452309,-1.6476460038751053,-0.21051497147895798,-0.7187454693270836,-0.4364357804719845,0.7224051842024393,0.43335998667923054,-0.3412351689076656,2.152626957208659,0.813947272167537,0.012431660139291227,1.0,0.0,0.0,0.0,0.0,0.0,0.0,1.0,0.0,1.0,0.0,0.0,0.0,0.0,0.0,0.0,0.0,0.0,0.0,0.0,0.0,1.0,0.0,0.0,0.0,0.0,0.0,1.0,0.0,0.0,0.0,0.0,1.0,1.0,0.0,0.0,0.0,0.0,0.0,1.0,1.0,0.0,0.0,0.0,1.0,0.0,1.0,0.0,0.0,0.0,0.0,1.0,0.0,1.0
-0.742595017696657,-0.8056479217298258,0.052280634896496016,1.053413018870969,0.3330417058201274,-0.7187454693270836,-0.4364357804719845,-0.6541340838641491,-0.8199052144271174,0.603360454366149,2.152626957208659,-1.0738364289991107,-0.6884914239300278,1.0,0.0,0.0,0.0,0.0,0.0,0.0,1.0,0.0,1.0,0.0,0.0,0.0,0.0,0.0,0.0,0.0,0.0,0.0,1.0,0.0,0.0,0.0,0.0,0.0,1.0,0.0,0.0,0.0,0.0,0.0,0.0,1.0,0.0,0.0,1.0,0.0,0.0,0.0,1.0,0.0,1.0,0.0,0.0,1.0,0.0,0.0,0.0,0.0,1.0,1.0,0.0,0.0,1.0
-0.9119439384940703,-0.41940243493562823,-0.8376025122779064,-1.6476460038751053,-0.8446644283278909,1.045047093438766,-0.4364357804719845,0.3811697412277592,-0.20460080645516254,0.603360454366149,-0.464548674655972,-0.17725933129977697,-0.9970428507185473,0.0,0.0,0.0,1.0,0.0,1.0,0.0,0.0,0.0,0.0,0.0,0.0,1.0,0.0,0.0,0.0,0.0,0.0,0.0,0.0,0.0,0.0,0.0,1.0,1.0,0.0,0.0,0.0,0.0,0.0,0.0,1.0,0.0,0.0,0.0,1.0,1.0,0.0,0.0,0.0,0.0,1.0,0.0,0.0,1.0,0.0,0.0,1.0,0.0,0.0,1.0,0.0,1.0,0.0
1.289592031872302,-0.4538351721304598,0.9421637820708985,1.053413018870969,0.42363448536997494,-0.7187454693270836,-0.4364357804719845,-0.9248109263420702,-0.5547347153999225,-0.3412351689076656,2.152626957208659,-0.2363109165647946,1.2434283535975954,0.0,1.0,0.0,0.0,0.0,0.0,0.0,1.0,0.0,0.0,0.0,1.0,0.0,0.0,0.0,0.0,0.0,0.0,0.0,0.0,0.0,0.0,0.0,1.0,0.0,0.0,0.0,1.0,0.0,0.0,0.0,0.0,1.0,0.0,0.0,1.0,0.0,0.0,1.0,0.0,0.0,1.0,0.0,0.0,1.0,0.0,1.0,0.0,0.0,0.0,0.0,1.0,0.0,1.0
-0.9966183988927769,-0.7888058220149625,0.9421637820708985,1.053413018870969,-0.7540716487780433,1.045047093438766,-0.4364357804719845,-0.3636458026162213,-0.6633207943209787,-0.3412351689076656,-0.464548674655972,-1.018711700019507,-1.1730821976485595,1.0,0.0,0.0,0.0,0.0,0.0,0.0,1.0,0.0,0.0,0.0,0.0,0.0,0.0,0.0,1.0,0.0,0.0,0.0,0.0,0.0,1.0,0.0,0.0,0.0,0.0,0.0,1.0,0.0,0.0,0.0,0.0,1.0,0.0,0.0,1.0,1.0,0.0,0.0,0.0,0.0,1.0,0.0,0.0,1.0,0.0,0.0,0.0,0.0,1.0,1.0,0.0,0.0,1.0
-0.48857163650053714,-0.37561297567698376,-1.727485659452309,1.053413018870969,-0.21051497147895798,-0.7187454693270836,-0.4364357804719845,-0.14443026910968687,-0.3594453026687933,0.603360454366149,-0.464548674655972,-0.10584242304247354,-0.3049783695263035,0.0,0.0,0.0,1.0,0.0,0.0,0.0,1.0,0.0,0.0,0.0,0.0,1.0,0.0,0.0,0.0,0.0,0.0,0.0,0.0,0.0,0.0,0.0,1.0,0.0,1.0,0.0,0.0,0.0,1.0,0.0,0.0,0.0,0.0,0.0,1.0,0.0,0.0,0.0,1.0,1.0,0.0,0.0,0.0,0.0,1.0,0.0,0.0,0.0,1.0,1.0,0.0,0.0,1.0
-0.742595017696657,-0.622630438161645,0.9421637820708985,1.053413018870969,2.7790467536660115,1.045047093438766,-0.4364357804719845,-0.3039724326214533,-0.8601829125618938,-1.2858307921814802,-0.464548674655972,-0.572444715521695,-0.6884914239300278,0.0,1.0,0.0,0.0,0.0,1.0,0.0,0.0,0.0,0.0,0.0,0.0,0.0,0.0,0.0,0.0,0.0,0.0,1.0,0.0,0.0,1.0,0.0,0.0,0.0,0.0,0.0,1.0,0.0,0.0,0.0,0.0,1.0,0.0,0.0,1.0,0.0,0.0,1.0,0.0,0.0,1.0,0.0,1.0,0.0,0.0,1.0,0.0,0.0,0.0,1.0,0.0,0.0,1.0
-0.742595017696657,-0.9246654263815263,0.9421637820708985,1.053413018870969,0.5142272649198225,-0.7187454693270836,2.29128784747792,-0.8818465687213622,-0.9250334577627914,-0.3412351689076656,2.152626957208659,-1.54897794046201,-0.6884914239300278,0.0,0.0,0.0,1.0,0.0,0.0,0.0,1.0,0.0,0.0,0.0,1.0,0.0,0.0,0.0,0.0,0.0,0.0,0.0,0.0,0.0,1.0,0.0,0.0,0.0,0.0,0.0,1.0,0.0,0.0,0.0,0.0,1.0,0.0,0.0,1.0,1.0,0.0,0.0,0.0,1.0,0.0,0.0,0.0,1.0,0.0,0.0,0.0,0.0,1.0,1.0,0.0,0.0,1.0
-0.06519933450700406,-0.2098118607062187,-0.8376025122779064,0.15306001128894414,-0.5728860896783482,1.045047093438766,-0.4364357804719845,-0.26716569849307154,-0.07595651224127334,-0.3412351689076656,-0.464548674655972,0.1337457737616785,0.19728732528481788,1.0,0.0,0.0,0.0,0.0,0.0,1.0,0.0,0.0,0.0,0.0,0.0,0.0,0.0,1.0,0.0,0.0,0.0,0.0,0.0,0.0,1.0,0.0,0.0,1.0,0.0,0.0,0.0,0.0,0.0,0.0,0.0,1.0,0.0,0.0,1.0,1.0,0.0,0.0,0.0,1.0,0.0,0.0,0.0,1.0,0.0,0.0,1.0,0.0,0.0,0.0,1.0,0.0,1.0
1.289592031872302,2.727450329565935,-0.8376025122779064,1.053413018870969,0.6048200444696701,1.045047093438766,-0.4364357804719845,1.104075023967122,1.768048960196542,0.603360454366149,-0.464548674655972,1.9292228506118754,1.2434283535975954,0.0,0.0,0.0,1.0,0.0,1.0,0.0,0.0,0.0,0.0,0.0,0.0,0.0,0.0,0.0,0.0,0.0,0.0,1.0,0.0,0.0,0.0,0.0,1.0,0.0,0.0,0.0,1.0,0.0,0.0,0.0,0.0,1.0,0.0,0.0,1.0,0.0,0.0,1.0,0.0,0.0,1.0,0.0,1.0,0.0,0.0,0.0,1.0,0.0,0.0,1.0,0.0,0.0,1.0
1.289592031872302,0.38190724260931075,0.9421637820708985,-0.7472929962930807,-0.8446644283278909,-0.7187454693270836,-0.4364357804719845,-0.3918106525726083,0.7516296476128332,0.603360454366149,-0.464548674655972,0.7451644351523866,1.2434283535975954,0.0,0.0,1.0,0.0,0.0,0.0,0.0,1.0,0.0,0.0,0.0,0.0,0.0,0.0,0.0,1.0,0.0,0.0,0.0,0.0,0.0,1.0,0.0,0.0,1.0,0.0,0.0,0.0,0.0,0.0,0.0,0.0,1.0,0.0,0.0,1.0,1.0,0.0,0.0,0.0,0.0,1.0,0.0,0.0,1.0,0.0,0.0,1.0,0.0,0.0,1.0,0.0,0.0,1.0
0.2734985070878224,2.0429125433773816,-0.8376025122779064,-0.7472929962930807,-0.7540716487780433,1.045047093438766,-0.4364357804719845,1.6996122934549776,2.590711289717444,-0.3412351689076656,2.152626957208659,1.6800473785939813,0.5193206744088694,0.0,0.0,0.0,1.0,0.0,0.0,1.0,0.0,0.0,1.0,0.0,0.0,0.0,0.0,0.0,0.0,0.0,0.0,0.0,0.0,0.0,1.0,0.0,0.0,0.0,0.0,1.0,0.0,0.0,0.0,0.0,0.0,1.0,0.0,0.0,1.0,1.0,0.0,0.0,0.0,1.0,0.0,0.0,0.0,1.0,0.0,0.0,1.0,0.0,0.0,0.0,1.0,0.0,1.0
-0.9966183988927769,-0.7685953023571267,0.9421637820708985,0.15306001128894414,-0.30110775102880555,1.045047093438766,2.29128784747792,-0.3120882731964895,-0.716436414448088,2.4925517009137783,2.152626957208659,-0.955508960058638,-1.1730821976485595,1.0,0.0,0.0,0.0,0.0,1.0,0.0,0.0,0.0,0.0,0.0,1.0,0.0,0.0,0.0,0.0,0.0,0.0,0.0,0.0,0.0,0.0,1.0,0.0,0.0,0.0,0.0,1.0,0.0,0.0,0.0,0.0,1.0,0.0,0.0,1.0,0.0,0.0,1.0,0.0,0.0,1.0,0.0,1.0,0.0,0.0,0.0,1.0,0.0,0.0,1.0,0.0,0.0,1.0
0.2734985070878224,-0.2719404952099365,0.9421637820708985,0.15306001128894414,-0.7540716487780433,1.045047093438766,-0.4364357804719845,-0.514856740626262,-0.06937177131581594,0.603360454366149,-0.464548674655972,0.04905962275021528,0.5193206744088694,0.0,0.0,0.0,1.0,0.0,1.0,0.0,0.0,0.0,0.0,0.0,0.0,0.0,1.0,0.0,0.0,0.0,0.0,0.0,1.0,0.0,0.0,0.0,0.0,0.0,1.0,0.0,0.0,0.0,0.0,0.0,1.0,0.0,0.0,0.0,1.0,0.0,1.0,0.0,0.0,0.0,1.0,0.0,0.0,1.0,0.0,0.0,1.0,0.0,0.0,0.0,1.0,0.0,1.0
-0.2345482553044173,0.2905856352664966,-1.727485659452309,1.053413018870969,-0.21051497147895798,2.8088396562046154,-0.4364357804719845,0.496602175279304,0.2669166214499296,-1.2858307921814802,-0.464548674655972,0.667632417794021,0.012431660139291227,0.0,1.0,0.0,0.0,0.0,1.0,0.0,0.0,0.0,0.0,0.0,0.0,0.0,1.0,0.0,0.0,0.0,0.0,0.0,0.0,0.0,1.0,0.0,0.0,0.0,0.0,0.0,1.0,0.0,1.0,0.0,0.0,0.0,0.0,0.0,1.0,0.0,0.0,0.0,1.0,1.0,0.0,0.0,0.0,0.0,1.0,0.0,1.0,0.0,0.0,0.0,1.0,0.0,1.0
-0.5732460968992438,-0.666045628537737,-1.727485659452309,-0.7472929962930807,-0.029329412379262863,-0.7187454693270836,-0.4364357804719845,-0.5312756275962461,-0.6608631193688046,1.5479560776399637,2.152626957208659,-0.6750669499959148,-0.42418199642336746,1.0,0.0,0.0,0.0,0.0,0.0,0.0,1.0,0.0,1.0,0.0,0.0,0.0,0.0,0.0,0.0,0.0,0.0,0.0,0.0,1.0,0.0,0.0,0.0,0.0,0.0,0.0,1.0,0.0,0.0,0.0,1.0,0.0,0.0,0.0,1.0,0.0,0.0,0.0,1.0,0.0,1.0,0.0,0.0,1.0,0.0,0.0,1.0,0.0,0.0,0.0,1.0,0.0,1.0
-1.2506417800888967,-0.6514491421181888,-1.727485659452309,-0.7472929962930807,-0.3917005305786531,1.045047093438766,2.29128784747792,0.6784834771249685,-0.5858913811354766,0.603360454366149,2.152626957208659,-0.6396522883314711,-1.8318662260302179,1.0,0.0,0.0,0.0,0.0,0.0,1.0,0.0,0.0,1.0,0.0,0.0,0.0,0.0,0.0,0.0,0.0,0.0,0.0,1.0,0.0,0.0,0.0,0.0,0.0,0.0,0.0,1.0,0.0,0.0,1.0,0.0,0.0,0.0,0.0,1.0,1.0,0.0,0.0,0.0,1.0,0.0,0.0,0.0,1.0,0.0,0.0,1.0,0.0,0.0,1.0,0.0,0.0,1.0
1.289592031872302,0.8620942189241901,-0.8376025122779064,1.053413018870969,0.6048200444696701,-0.7187454693270836,2.29128784747792,-0.08556822030829138,0.3900526376550977,-1.2858307921814802,-0.464548674655972,1.0906182224524237,1.2434283535975954,0.0,1.0,0.0,0.0,0.0,0.0,0.0,1.0,0.0,0.0,0.0,0.0,0.0,0.0,0.0,0.0,0.0,0.0,1.0,0.0,0.0,1.0,0.0,0.0,0.0,0.0,0.0,1.0,0.0,0.0,0.0,0.0,1.0,0.0,0.0,1.0,0.0,0.0,1.0,0.0,0.0,1.0,0.0,1.0,0.0,0.0,0.0,1.0,0.0,0.0,1.0,0.0,0.0,1.0
0.2734985070878224,1.5732050957739727,-1.727485659452309,1.053413018870969,0.6954128240195177,-0.7187454693270836,2.29128784747792,1.250273790985785,0.8678363133628454,-0.3412351689076656,-0.464548674655972,1.4764107797182549,0.5193206744088694,0.0,0.0,0.0,1.0,0.0,0.0,0.0,1.0,0.0,0.0,0.0,0.0,0.0,1.0,0.0,0.0,0.0,0.0,0.0,0.0,0.0,1.0,0.0,0.0,1.0,0.0,0.0,0.0,0.0,0.0,0.0,0.0,1.0,0.0,0.0,1.0,0.0,1.0,0.0,0.0,0.0,1.0,0.0,0.0,1.0,0.0,0.0,0.0,0.0,1.0,1.0,0.0,0.0,1.0
0.2734985070878224,-0.2644551175588862,0.9421637820708985,1.053413018870969,-1.207035546527281,-0.7187454693270836,-0.4364357804719845,-0.5076959676785459,0.18193529665109093,0.603360454366149,-0.464548674655972,0.059560174397203645,0.5193206744088694,0.0,1.0,0.0,0.0,1.0,0.0,0.0,0.0,0.0,0.0,0.0,0.0,1.0,0.0,0.0,0.0,0.0,0.0,0.0,0.0,1.0,0.0,0.0,0.0,1.0,0.0,0.0,0.0,0.0,0.0,0.0,0.0,1.0,0.0,0.0,1.0,0.0,0.0,0.0,1.0,0.0,0.0,1.0,0.0,1.0,0.0,0.0,1.0,0.0,0.0,0.0,1.0,0.0,1.0
-1.2506417800888967,-0.6899988370210981,-0.8376025122779064,1.053413018870969,0.6048200444696701,-0.7187454693270836,2.29128784747792,0.5309717387916104,-0.7565265657115492,0.603360454366149,-0.464548674655972,-0.7353608156728275,-1.8318662260302179,0.0,0.0,0.0,1.0,0.0,0.0,0.0,1.0,0.0,0.0,0.0,0.0,0.0,0.0,0.0,1.0,0.0,0.0,0.0,1.0,0.0,0.0,0.0,0.0,0.0,0.0,0.0,1.0,0.0,0.0,0.0,0.0,1.0,0.0,0.0,1.0,0.0,0.0,1.0,0.0,1.0,0.0,0.0,1.0,0.0,0.0,0.0,1.0,0.0,0.0,0.0,1.0,0.0,1.0
0.6121963486826489,0.3055563905685973,0.052280634896496016,-0.7472929962930807,0.8765983831192128,-0.7187454693270836,-0.4364357804719845,-0.16730343759234656,-0.09491873762132358,-1.2858307921814802,-0.464548674655972,0.6806639910058724,0.7934546737991884,0.0,1.0,0.0,0.0,0.0,0.0,0.0,1.0,0.0,0.0,0.0,0.0,0.0,1.0,0.0,0.0,0.0,0.0,0.0,0.0,0.0,1.0,0.0,0.0,1.0,0.0,0.0,0.0,0.0,0.0,0.0,0.0,1.0,0.0,0.0,1.0,1.0,0.0,0.0,0.0,0.0,1.0,0.0,0.0,1.0,0.0,0.0,0.0,0.0,1.0,1.0,0.0,0.0,1.0
-0.9119439384940703,-0.7165719276823268,0.9421637820708985,-0.7472929962930807,-1.1164427669774335,-0.7187454693270836,-0.4364357804719845,-0.3011083072352794,-0.484947264949401,0.603360454366149,-0.464548674655972,-0.8056964818151964,-0.9970428507185473,0.0,0.0,1.0,0.0,0.0,0.0,0.0,1.0,0.0,0.0,0.0,0.0,1.0,0.0,0.0,0.0,0.0,0.0,0.0,0.0,0.0,1.0,0.0,0.0,0.0,0.0,1.0,0.0,0.0,1.0,0.0,0.0,0.0,0.0,0.0,1.0,0.0,1.0,0.0,0.0,0.0,1.0,0.0,0.0,1.0,0.0,0.0,1.0,0.0,0.0,1.0,0.0,0.0,1.0
2.3056855566567815,1.2075443975201634,0.9421637820708985,0.15306001128894414,2.1448972968170787,-0.7187454693270836,-0.4364357804719845,-0.24811770903472027,0.13411756514887144,-0.3412351689076656,2.152626957208659,1.2923315031545632,1.7622593178252401,1.0,0.0,0.0,0.0,1.0,0.0,0.0,0.0,0.0,1.0,0.0,0.0,0.0,0.0,0.0,0.0,0.0,0.0,0.0,0.0,0.0,1.0,0.0,0.0,0.0,0.0,0.0,1.0,0.0,1.0,0.0,0.0,0.0,0.0,0.0,1.0,0.0,0.0,1.0,0.0,0.0,1.0,0.0,0.0,0.0,1.0,0.0,1.0,0.0,0.0,1.0,0.0,0.0,1.0
-0.2345482553044173,-0.7382795228703728,0.9421637820708985,0.15306001128894414,1.057783942218908,-0.7187454693270836,-0.4364357804719845,-0.8157286313373961,-0.827988851588775,-1.2858307921814802,-0.464548674655972,-0.8661218495083948,0.012431660139291227,0.0,1.0,0.0,0.0,0.0,0.0,0.0,1.0,0.0,0.0,1.0,0.0,0.0,0.0,0.0,0.0,0.0,0.0,0.0,0.0,0.0,1.0,0.0,0.0,1.0,0.0,0.0,0.0,0.0,0.0,0.0,1.0,0.0,0.0,0.0,1.0,0.0,0.0,0.0,1.0,0.0,1.0,0.0,0.0,1.0,0.0,0.0,0.0,0.0,1.0,0.0,1.0,0.0,1.0
-1.2506417800888967,-1.0238466802579433,0.052280634896496016,-1.6476460038751053,-1.207035546527281,-0.7187454693270836,-0.4364357804719845,-0.7465085582312565,-0.8890378647068892,-0.3412351689076656,2.152626957208659,-2.145118146377728,-1.8318662260302179,1.0,0.0,0.0,0.0,0.0,0.0,0.0,1.0,0.0,0.0,0.0,0.0,0.0,0.0,0.0,0.0,1.0,0.0,0.0,0.0,0.0,1.0,0.0,0.0,0.0,0.0,1.0,0.0,0.0,0.0,0.0,1.0,0.0,0.0,0.0,1.0,0.0,1.0,0.0,0.0,0.0,1.0,0.0,0.0,1.0,0.0,0.0,0.0,0.0,1.0,1.0,0.0,0.0,1.0
0.2734985070878224,-0.24387032901849776,0.9421637820708985,1.053413018870969,1.057783942218908,1.045047093438766,2.29128784747792,-0.4880038420723262,-0.5016082895187952,-0.3412351689076656,-0.464548674655972,0.08800650900128719,0.5193206744088694,0.0,0.0,0.0,1.0,0.0,0.0,1.0,0.0,0.0,0.0,0.0,0.0,0.0,1.0,0.0,0.0,0.0,0.0,0.0,0.0,0.0,1.0,0.0,0.0,0.0,0.0,0.0,1.0,0.0,0.0,0.0,0.0,1.0,0.0,0.0,1.0,1.0,0.0,0.0,0.0,0.0,1.0,0.0,0.0,1.0,0.0,0.0,0.0,0.0,1.0,1.0,0.0,0.0,1.0
0.01947512589170256,-0.9800572209992988,0.9421637820708985,1.053413018870969,2.688453974116164,1.045047093438766,-0.4364357804719845,-1.1630601514366543,-1.0266641989618697,-1.2858307921814802,-0.464548674655972,-1.8478732729875487,0.28321049937129605,0.0,1.0,0.0,0.0,0.0,1.0,0.0,0.0,0.0,0.0,0.0,0.0,0.0,1.0,0.0,0.0,0.0,0.0,0.0,0.0,0.0,1.0,0.0,0.0,0.0,0.0,0.0,1.0,0.0,0.0,0.0,0.0,1.0,0.0,0.0,1.0,0.0,0.0,0.0,1.0,0.0,1.0,0.0,0.0,1.0,0.0,0.0,1.0,0.0,0.0,1.0,0.0,0.0,1.0
-1.41999070088631,-0.6346070424033255,-1.727485659452309,-0.7472929962930807,-0.5728860896783482,-0.7187454693270836,2.29128784747792,1.8127458196738697,-0.5304389780933987,1.5479560776399637,-0.464548674655972,-0.5999541204889004,-2.453335547738403,0.0,0.0,1.0,0.0,0.0,0.0,0.0,1.0,0.0,0.0,0.0,0.0,0.0,1.0,0.0,0.0,0.0,0.0,0.0,0.0,0.0,0.0,0.0,1.0,0.0,0.0,1.0,0.0,0.0,0.0,0.0,0.0,1.0,0.0,0.0,1.0,0.0,0.0,0.0,1.0,0.0,1.0,0.0,0.0,1.0,0.0,0.0,0.0,0.0,1.0,1.0,0.0,1.0,0.0
-0.9966183988927769,-0.7678467645920216,0.9421637820708985,1.053413018870969,-0.9352572078777385,1.045047093438766,-0.4364357804719845,-0.31017873506983284,-0.6000809371787338,-1.2858307921814802,-0.464548674655972,-0.9532261630479291,-1.1730821976485595,0.0,1.0,0.0,0.0,0.0,1.0,0.0,0.0,0.0,0.0,0.0,0.0,0.0,0.0,0.0,1.0,0.0,0.0,0.0,0.0,0.0,1.0,0.0,0.0,1.0,0.0,0.0,0.0,0.0,0.0,0.0,0.0,1.0,0.0,0.0,1.0,0.0,0.0,0.0,1.0,0.0,1.0,0.0,0.0,1.0,0.0,0.0,0.0,0.0,1.0,1.0,0.0,0.0,1.0
0.7815452694800622,0.09409447192642514,-0.8376025122779064,1.053413018870969,-1.2976283260771286,-0.7187454693270836,-0.4364357804719845,-0.4110970584798158,0.7740884791610644,0.603360454366149,-0.464548674655972,0.48324230919495653,0.9166346534898615,1.0,0.0,0.0,0.0,0.0,0.0,0.0,1.0,0.0,0.0,0.0,0.0,1.0,0.0,0.0,0.0,0.0,0.0,0.0,1.0,0.0,0.0,0.0,0.0,1.0,0.0,0.0,0.0,0.0,1.0,0.0,0.0,0.0,1.0,0.0,0.0,1.0,0.0,0.0,0.0,0.0,1.0,0.0,0.0,0.0,1.0,0.0,1.0,0.0,0.0,1.0,0.0,0.0,1.0
-0.742595017696657,-0.7004783657325685,0.9421637820708985,1.053413018870969,1.691933399067841,-0.7187454693270836,-0.4364357804719845,-0.4529164478739701,-0.84524719855517,2.4925517009137783,-0.464548674655972,-0.7626457743750444,-0.6884914239300278,1.0,0.0,0.0,0.0,0.0,0.0,0.0,1.0,0.0,0.0,0.0,0.0,0.0,1.0,0.0,0.0,0.0,0.0,0.0,0.0,0.0,0.0,1.0,0.0,0.0,0.0,0.0,1.0,0.0,0.0,0.0,0.0,1.0,0.0,0.0,1.0,0.0,0.0,0.0,1.0,0.0,1.0,0.0,0.0,1.0,0.0,0.0,1.0,0.0,0.0,0.0,1.0,0.0,1.0
1.289592031872302,1.886093881587877,-0.8376025122779064,-0.7472929962930807,-0.8446644283278909,-0.7187454693270836,2.29128784747792,0.567494363226526,2.5466274032874128,-1.2858307921814802,-0.464548674655972,1.615546447213401,1.2434283535975954,0.0,1.0,0.0,0.0,0.0,0.0,0.0,1.0,0.0,0.0,0.0,0.0,0.0,0.0,0.0,0.0,0.0,0.0,1.0,0.0,0.0,1.0,0.0,0.0,1.0,0.0,0.0,0.0,0.0,0.0,0.0,0.0,1.0,0.0,0.0,1.0,0.0,1.0,0.0,0.0,0.0,1.0,0.0,0.0,1.0,0.0,0.0,1.0,0.0,0.0,1.0,0.0,0.0,1.0
-0.2345482553044173,0.07051553232561657,-0.8376025122779064,-1.6476460038751053,-0.3917005305786531,-0.7187454693270836,-0.4364357804719845,0.2158999147152372,0.1366950672898275,0.603360454366149,-0.464548674655972,0.45924766605419415,0.012431660139291227,0.0,0.0,0.0,1.0,0.0,0.0,0.0,1.0,0.0,0.0,0.0,0.0,0.0,0.0,0.0,0.0,0.0,0.0,1.0,0.0,0.0,0.0,0.0,1.0,1.0,0.0,0.0,0.0,0.0,0.0,0.0,0.0,1.0,0.0,0.0,1.0,0.0,1.0,0.0,0.0,0.0,1.0,0.0,0.0,1.0,0.0,0.0,1.0,0.0,0.0,0.0,1.0,0.0,1.0
0.5275218882839423,1.919403812135051,-0.8376025122779064,1.053413018870969,0.6048200444696701,1.045047093438766,-0.4364357804719845,1.2505523880475118,1.1711199753717065,-0.3412351689076656,2.152626957208659,1.6295175884539954,0.7286404741494683,1.0,0.0,0.0,0.0,0.0,0.0,0.0,0.0,1.0,1.0,0.0,0.0,0.0,0.0,0.0,0.0,0.0,0.0,0.0,0.0,0.0,1.0,0.0,0.0,0.0,0.0,0.0,1.0,0.0,1.0,0.0,0.0,0.0,0.0,0.0,1.0,0.0,0.0,1.0,0.0,0.0,1.0,0.0,1.0,0.0,0.0,1.0,0.0,0.0,0.0,0.0,1.0,0.0,1.0
-0.742595017696657,-0.4886421782078439,0.9421637820708985,1.053413018870969,0.3330417058201274,-0.7187454693270836,-0.4364357804719845,-0.047616867907986846,-0.5677092628679129,-0.3412351689076656,-0.464548674655972,-0.29886441597932323,-0.6884914239300278,0.0,0.0,0.0,1.0,0.0,0.0,0.0,1.0,0.0,0.0,0.0,0.0,0.0,1.0,0.0,0.0,0.0,0.0,0.0,0.0,0.0,1.0,0.0,0.0,0.0,0.0,0.0,1.0,0.0,0.0,0.0,0.0,1.0,0.0,0.0,1.0,1.0,0.0,0.0,0.0,0.0,1.0,0.0,0.0,1.0,0.0,1.0,0.0,0.0,0.0,0.0,1.0,0.0,1.0
0.7815452694800622,0.1745622816752163,0.9421637820708985,1.053413018870969,1.238969501318603,1.045047093438766,-0.4364357804719845,-0.3495144059975707,-0.2622521158021989,1.5479560776399637,-0.464548674655972,0.5619439099787387,0.9166346534898615,0.0,0.0,1.0,0.0,0.0,1.0,0.0,0.0,0.0,0.0,0.0,0.0,0.0,0.0,0.0,1.0,0.0,0.0,0.0,0.0,0.0,0.0,0.0,1.0,0.0,0.0,0.0,1.0,0.0,0.0,0.0,0.0,1.0,0.0,0.0,1.0,0.0,1.0,0.0,0.0,0.0,0.0,1.0,0.0,1.0,0.0,0.0,0.0,0.0,1.0,1.0,0.0,0.0,1.0
1.289592031872302,2.3887369908559073,-1.727485659452309,-1.6476460038751053,-0.6634788692281958,1.045047093438766,-0.4364357804719845,0.8880583433753786,2.841082943421814,-0.3412351689076656,2.152626957208659,1.8118906658606022,1.2434283535975954,0.0,0.0,0.0,1.0,0.0,0.0,1.0,0.0,0.0,1.0,0.0,0.0,0.0,0.0,0.0,0.0,0.0,0.0,0.0,0.0,0.0,1.0,0.0,0.0,0.0,0.0,1.0,0.0,0.0,0.0,1.0,0.0,0.0,0.0,0.0,1.0,1.0,0.0,0.0,0.0,0.0,1.0,0.0,0.0,1.0,0.0,0.0,1.0,0.0,0.0,1.0,0.0,0.0,1.0
0.01947512589170256,-0.09977680923577868,-1.727485659452309,-1.6476460038751053,-0.6634788692281958,-0.7187454693270836,-0.4364357804719845,-0.20065232454975135,0.08356996454077188,1.5479560776399637,-0.464548674655972,0.2713896957191978,0.28321049937129605,0.0,0.0,1.0,0.0,0.0,0.0,0.0,1.0,0.0,0.0,0.0,0.0,0.0,1.0,0.0,0.0,0.0,0.0,0.0,1.0,0.0,0.0,0.0,0.0,1.0,0.0,0.0,0.0,0.0,1.0,0.0,0.0,0.0,0.0,0.0,1.0,1.0,0.0,0.0,0.0,1.0,0.0,0.0,0.0,1.0,0.0,1.0,0.0,0.0,0.0,0.0,1.0,0.0,1.0
0.2734985070878224,-0.07245518080944495,-0.8376025122779064,1.053413018870969,-1.3882211056269762,-0.7187454693270836,-0.4364357804719845,-0.3240221415696249,0.6108523151270867,-0.3412351689076656,-0.464548674655972,0.3034198662438881,0.5193206744088694,0.0,1.0,0.0,0.0,0.0,0.0,0.0,1.0,0.0,0.0,0.0,0.0,1.0,0.0,0.0,0.0,0.0,0.0,0.0,0.0,0.0,0.0,0.0,1.0,1.0,0.0,0.0,0.0,0.0,0.0,0.0,1.0,0.0,0.0,0.0,1.0,1.0,0.0,0.0,0.0,0.0,1.0,0.0,0.0,1.0,0.0,0.0,1.0,0.0,0.0,1.0,0.0,0.0,1.0
2.3056855566567815,0.7135094725508409,-0.8376025122779064,0.15306001128894414,-0.4822933101285007,-0.7187454693270836,-0.4364357804719845,-0.4844232655396592,0.8438733093078408,-0.3412351689076656,-0.464548674655972,0.9931940967375206,1.7622593178252401,1.0,0.0,0.0,0.0,0.0,1.0,0.0,0.0,0.0,0.0,0.0,0.0,1.0,0.0,0.0,0.0,0.0,0.0,0.0,0.0,0.0,1.0,0.0,0.0,1.0,0.0,0.0,0.0,0.0,1.0,0.0,0.0,0.0,0.0,0.0,1.0,1.0,0.0,0.0,0.0,0.0,1.0,0.0,0.0,1.0,0.0,1.0,0.0,0.0,0.0,0.0,1.0,0.0,1.0
2.8137323190490213,4.773952579363098,0.052280634896496016,1.053413018870969,2.054304517267231,-0.7187454693270836,-0.4364357804719845,1.1405952060079123,2.0637154533959228,-0.3412351689076656,2.152626957208659,2.4746748668438983,1.9756133714287258,1.0,0.0,0.0,0.0,0.0,0.0,0.0,0.0,1.0,1.0,0.0,0.0,0.0,0.0,0.0,0.0,0.0,0.0,0.0,0.0,0.0,1.0,0.0,0.0,0.0,0.0,1.0,0.0,0.0,0.0,0.0,0.0,1.0,0.0,0.0,1.0,0.0,0.0,1.0,0.0,0.0,1.0,0.0,0.0,0.0,1.0,0.0,1.0,0.0,0.0,0.0,1.0,0.0,1.0
-0.48857163650053714,1.3699770925479557,-1.727485659452309,-0.7472929962930807,-0.11992219192911042,-0.7187454693270836,2.29128784747792,2.5273966651857322,1.2108684871655098,0.603360454366149,-0.464548674655972,1.3773373262494322,-0.3049783695263035,1.0,0.0,0.0,0.0,1.0,0.0,0.0,0.0,0.0,0.0,0.0,0.0,0.0,1.0,0.0,0.0,0.0,0.0,0.0,1.0,0.0,0.0,0.0,0.0,0.0,0.0,0.0,0.0,1.0,0.0,0.0,0.0,1.0,0.0,0.0,1.0,0.0,1.0,0.0,0.0,0.0,1.0,0.0,0.0,1.0,0.0,1.0,0.0,0.0,0.0,0.0,1.0,0.0,1.0
-0.2345482553044173,1.186959608979775,-0.8376025122779064,-1.6476460038751053,0.5142272649198225,-0.7187454693270836,-0.4364357804719845,1.6399387638013105,0.6729362339259972,-0.3412351689076656,-0.464548674655972,1.281150572693231,0.012431660139291227,1.0,0.0,0.0,0.0,0.0,1.0,0.0,0.0,0.0,0.0,0.0,0.0,1.0,0.0,0.0,0.0,0.0,0.0,0.0,0.0,0.0,1.0,0.0,0.0,0.0,0.0,0.0,1.0,0.0,0.0,0.0,0.0,1.0,0.0,0.0,1.0,0.0,0.0,1.0,0.0,0.0,1.0,0.0,0.0,1.0,0.0,0.0,1.0,0.0,0.0,0.0,1.0,0.0,1.0
0.10414958629040919,-0.7135777766219067,0.9421637820708985,1.053413018870969,-0.9352572078777385,-0.7187454693270836,-0.4364357804719845,-0.8955820376511132,-0.5327294424309523,0.603360454366149,-0.464548674655972,-0.7975782606088456,0.3653135786952786,0.0,0.0,0.0,1.0,0.0,0.0,0.0,1.0,0.0,0.0,0.0,0.0,0.0,1.0,0.0,0.0,0.0,0.0,0.0,0.0,0.0,0.0,0.0,1.0,0.0,1.0,0.0,0.0,0.0,1.0,0.0,0.0,0.0,0.0,0.0,1.0,0.0,1.0,0.0,0.0,0.0,1.0,0.0,0.0,0.0,1.0,0.0,1.0,0.0,0.0,1.0,0.0,0.0,1.0
0.2734985070878224,0.3598253785387122,-0.8376025122779064,0.15306001128894414,-0.029329412379262863,1.045047093438766,-0.4364357804719845,0.08951249616098661,0.24854805404006045,0.603360454366149,-0.464548674655972,0.726836794310099,0.5193206744088694,0.0,0.0,0.0,1.0,0.0,0.0,1.0,0.0,0.0,0.0,0.0,0.0,1.0,0.0,0.0,0.0,0.0,0.0,0.0,1.0,0.0,0.0,0.0,0.0,1.0,0.0,0.0,0.0,0.0,0.0,0.0,0.0,1.0,0.0,0.0,1.0,0.0,1.0,0.0,0.0,0.0,1.0,0.0,0.0,1.0,0.0,0.0,1.0,0.0,0.0,1.0,0.0,0.0,1.0
0.2734985070878224,0.7090182459602107,-0.8376025122779064,1.053413018870969,0.6048200444696701,-0.7187454693270836,-0.4364357804719845,0.42356255417194794,0.2769706761945338,0.603360454366149,-0.464548674655972,0.9901324308184801,0.5193206744088694,1.0,0.0,0.0,0.0,0.0,0.0,0.0,1.0,0.0,0.0,0.0,0.0,0.0,0.0,0.0,1.0,0.0,0.0,0.0,0.0,0.0,0.0,0.0,1.0,0.0,0.0,0.0,1.0,0.0,1.0,0.0,0.0,0.0,0.0,0.0,1.0,1.0,0.0,0.0,0.0,0.0,1.0,0.0,0.0,1.0,0.0,0.0,1.0,0.0,0.0,0.0,1.0,0.0,1.0
-0.742595017696657,-0.8954724535424299,0.9421637820708985,0.15306001128894414,-0.21051497147895798,-0.7187454693270836,2.29128784747792,-0.8259925630016683,-0.848218736714246,0.603360454366149,-0.464548674655972,-1.41537533413585,-0.6884914239300278,0.0,0.0,0.0,1.0,0.0,1.0,0.0,0.0,0.0,0.0,0.0,0.0,0.0,0.0,0.0,1.0,0.0,0.0,0.0,0.0,0.0,0.0,0.0,1.0,0.0,0.0,0.0,1.0,0.0,1.0,0.0,0.0,0.0,0.0,0.0,1.0,0.0,1.0,0.0,0.0,1.0,0.0,0.0,0.0,1.0,0.0,0.0,0.0,0.0,1.0,1.0,0.0,0.0,1.0
-0.9966183988927769,-0.4339989213551764,-0.8376025122779064,-1.6476460038751053,-1.025849987427586,-0.7187454693270836,-0.4364357804719845,0.5414752694190702,-0.146464765647014,0.603360454366149,-0.464548674655972,-0.20196504338282148,-1.1730821976485595,1.0,0.0,0.0,0.0,0.0,0.0,0.0,1.0,0.0,0.0,0.0,0.0,1.0,0.0,0.0,0.0,0.0,0.0,0.0,0.0,0.0,0.0,0.0,1.0,0.0,1.0,0.0,0.0,0.0,0.0,0.0,0.0,1.0,0.0,0.0,1.0,1.0,0.0,0.0,0.0,0.0,1.0,0.0,0.0,1.0,0.0,0.0,1.0,0.0,0.0,0.0,1.0,0.0,1.0
-0.2345482553044173,-0.7828175198941223,0.9421637820708985,1.053413018870969,2.688453974116164,1.045047093438766,-0.4364357804719845,-0.8725374221658382,-0.9325150040835607,-0.3412351689076656,-0.464548674655972,-0.9996622489350553,0.012431660139291227,0.0,0.0,0.0,1.0,0.0,1.0,0.0,0.0,0.0,0.0,0.0,0.0,0.0,0.0,0.0,1.0,0.0,0.0,0.0,0.0,0.0,1.0,0.0,0.0,0.0,0.0,0.0,0.0,1.0,1.0,0.0,0.0,0.0,0.0,0.0,1.0,1.0,0.0,0.0,0.0,0.0,1.0,0.0,0.0,1.0,0.0,0.0,0.0,1.0,0.0,1.0,0.0,0.0,1.0
3.321779081441261,1.5372752830489311,0.9421637820708985,1.053413018870969,0.0612633671705847,-0.7187454693270836,-0.4364357804719845,-0.35166246388705213,1.225080345241116,-1.2858307921814802,2.152626957208659,1.4594359299357826,2.166854575032126,0.0,1.0,0.0,0.0,0.0,0.0,0.0,1.0,0.0,1.0,0.0,0.0,0.0,0.0,0.0,0.0,0.0,0.0,0.0,0.0,0.0,1.0,0.0,0.0,0.0,0.0,0.0,1.0,0.0,0.0,0.0,0.0,1.0,1.0,0.0,0.0,0.0,0.0,1.0,0.0,0.0,1.0,0.0,0.0,0.0,1.0,0.0,1.0,0.0,0.0,1.0,0.0,0.0,1.0
-0.48857163650053714,0.15135761095696024,-1.727485659452309,-0.7472929962930807,0.9671911626690604,1.045047093438766,-0.4364357804719845,0.6621589940738359,-0.2213977496085108,-0.3412351689076656,-0.464548674655972,0.5397336357410617,-0.3049783695263035,0.0,0.0,0.0,1.0,0.0,0.0,1.0,0.0,0.0,0.0,0.0,0.0,0.0,0.0,0.0,0.0,0.0,0.0,1.0,0.0,0.0,1.0,0.0,0.0,0.0,0.0,1.0,0.0,0.0,1.0,0.0,0.0,0.0,0.0,0.0,1.0,0.0,1.0,0.0,0.0,0.0,1.0,0.0,0.0,1.0,0.0,0.0,0.0,0.0,1.0,1.0,0.0,0.0,1.0
-0.9966183988927769,-0.7450163627563181,0.9421637820708985,1.053413018870969,2.8696395332158593,1.045047093438766,-0.4364357804719845,-0.2519378222068024,-0.9208653434837049,-0.3412351689076656,2.152626957208659,-0.8854608345043854,-1.1730821976485595,1.0,0.0,0.0,0.0,0.0,0.0,0.0,1.0,0.0,0.0,0.0,1.0,0.0,0.0,0.0,0.0,0.0,0.0,0.0,0.0,0.0,1.0,0.0,0.0,0.0,1.0,0.0,0.0,0.0,1.0,0.0,0.0,0.0,0.0,0.0,1.0,0.0,1.0,0.0,0.0,0.0,1.0,0.0,0.0,1.0,0.0,1.0,0.0,0.0,0.0,0.0,1.0,0.0,1.0
0.2734985070878224,0.34448035435405905,0.052280634896496016,1.053413018870969,-1.1164427669774335,1.045047093438766,2.29128784747792,0.07483291161816827,0.9463981695972266,-1.2858307921814802,-0.464548674655972,0.7139466104023258,0.5193206744088694,0.0,1.0,0.0,0.0,0.0,0.0,0.0,0.0,1.0,0.0,0.0,0.0,1.0,0.0,0.0,0.0,0.0,0.0,0.0,0.0,0.0,1.0,0.0,0.0,0.0,0.0,0.0,1.0,0.0,0.0,0.0,0.0,1.0,0.0,0.0,1.0,0.0,0.0,1.0,0.0,1.0,0.0,0.0,0.0,0.0,1.0,0.0,1.0,0.0,0.0,1.0,0.0,0.0,1.0
0.2734985070878224,-0.1353323530782678,0.9421637820708985,1.053413018870969,-1.207035546527281,-0.7187454693270836,-0.4364357804719845,-0.3841726343304411,0.3640376823920978,0.603360454366149,-0.464548674655972,0.22848763469138578,0.5193206744088694,0.0,1.0,0.0,0.0,1.0,0.0,0.0,0.0,0.0,0.0,0.0,0.0,1.0,0.0,0.0,0.0,0.0,0.0,0.0,0.0,1.0,0.0,0.0,0.0,1.0,0.0,0.0,0.0,0.0,0.0,0.0,0.0,1.0,0.0,0.0,1.0,0.0,0.0,0.0,1.0,0.0,0.0,1.0,0.0,1.0,0.0,0.0,1.0,0.0,0.0,0.0,1.0,0.0,1.0
-1.2506417800888967,-0.4216480482309434,0.9421637820708985,0.15306001128894414,-0.4822933101285007,-0.7187454693270836,-0.4364357804719845,1.5578252959277041,-0.330132996373129,-0.3412351689076656,-0.464548674655972,-0.1810297582281318,-1.8318662260302179,1.0,0.0,0.0,0.0,0.0,0.0,0.0,1.0,0.0,0.0,0.0,0.0,0.0,0.0,0.0,1.0,0.0,0.0,0.0,0.0,0.0,1.0,0.0,0.0,0.0,0.0,1.0,0.0,0.0,0.0,0.0,1.0,0.0,0.0,0.0,1.0,1.0,0.0,0.0,0.0,0.0,1.0,0.0,0.0,0.0,1.0,1.0,0.0,0.0,0.0,0.0,1.0,0.0,1.0
0.2734985070878224,0.8396380859710391,-0.8376025122779064,1.053413018870969,-0.8446644283278909,-0.7187454693270836,-0.4364357804719845,0.5485180421095959,1.297855637956205,0.603360454366149,-0.464548674655972,1.076354779366016,0.5193206744088694,0.0,0.0,0.0,1.0,0.0,0.0,0.0,1.0,0.0,0.0,0.0,0.0,0.0,0.0,0.0,0.0,0.0,0.0,1.0,0.0,0.0,0.0,0.0,1.0,0.0,0.0,0.0,0.0,1.0,1.0,0.0,0.0,0.0,0.0,0.0,1.0,0.0,1.0,0.0,0.0,0.0,1.0,0.0,0.0,0.0,1.0,1.0,0.0,0.0,0.0,0.0,1.0,0.0,1.0
-1.2506417800888967,-0.9317765351500241,0.9421637820708985,1.053413018870969,0.0612633671705847,1.045047093438766,-0.4364357804719845,-0.39419896959042106,-0.9028787790721458,0.603360454366149,-0.464548674655972,-1.5837151438556367,-1.8318662260302179,0.0,0.0,0.0,1.0,0.0,1.0,0.0,0.0,0.0,0.0,0.0,0.0,0.0,0.0,0.0,1.0,0.0,0.0,0.0,0.0,0.0,0.0,0.0,1.0,0.0,0.0,0.0,1.0,0.0,0.0,0.0,0.0,1.0,0.0,0.0,1.0,0.0,0.0,1.0,0.0,0.0,1.0,0.0,1.0,0.0,0.0,0.0,1.0,0.0,0.0,1.0,0.0,0.0,1.0
0.2734985070878224,0.8673339832799254,0.052280634896496016,1.053413018870969,0.7860056035693652,1.045047093438766,-0.4364357804719845,0.5750129020161459,0.3247144540475017,-0.3412351689076656,2.152626957208659,1.0939239425254867,0.5193206744088694,0.0,0.0,0.0,1.0,0.0,1.0,0.0,0.0,0.0,0.0,0.0,0.0,0.0,0.0,0.0,0.0,1.0,0.0,0.0,0.0,0.0,1.0,0.0,0.0,0.0,0.0,0.0,1.0,0.0,0.0,0.0,0.0,1.0,0.0,0.0,1.0,0.0,0.0,1.0,0.0,0.0,1.0,0.0,1.0,0.0,0.0,0.0,1.0,0.0,0.0,1.0,0.0,0.0,1.0
-0.48857163650053714,-0.7042210545580937,0.9421637820708985,1.053413018870969,0.2424489262702798,1.045047093438766,-0.4364357804719845,-0.6474028352141845,-0.7289654851352623,-0.3412351689076656,2.152626957208659,-0.7725309907673741,-0.3049783695263035,1.0,0.0,0.0,0.0,0.0,0.0,0.0,1.0,0.0,0.0,0.0,0.0,0.0,0.0,0.0,0.0,1.0,0.0,0.0,0.0,0.0,1.0,0.0,0.0,0.0,0.0,0.0,1.0,0.0,0.0,0.0,0.0,1.0,0.0,0.0,1.0,1.0,0.0,0.0,0.0,0.0,1.0,0.0,0.0,1.0,0.0,0.0,0.0,0.0,1.0,1.0,0.0,0.0,1.0
-0.48857163650053714,-0.8666537495858861,0.9421637820708985,-1.6476460038751053,-1.025849987427586,-0.7187454693270836,-0.4364357804719845,-0.8960248098034238,-0.7057918247763031,0.603360454366149,-0.464548674655972,-1.2957257569279603,-0.3049783695263035,0.0,0.0,0.0,1.0,0.0,0.0,0.0,1.0,0.0,0.0,1.0,0.0,0.0,0.0,0.0,0.0,0.0,0.0,0.0,0.0,0.0,0.0,0.0,1.0,0.0,0.0,1.0,0.0,0.0,1.0,0.0,0.0,0.0,0.0,0.0,1.0,0.0,0.0,0.0,1.0,0.0,1.0,0.0,0.0,1.0,0.0,0.0,1.0,0.0,0.0,1.0,0.0,0.0,1.0
-1.2506417800888967,-0.6911216436687556,-1.727485659452309,1.053413018870969,0.9671911626690604,1.045047093438766,2.29128784747792,0.5266752803935515,-0.789644535074134,0.603360454366149,-0.464548674655972,-0.7382569398709943,-1.8318662260302179,0.0,0.0,1.0,0.0,0.0,1.0,0.0,0.0,0.0,0.0,0.0,0.0,0.0,1.0,0.0,0.0,0.0,0.0,0.0,0.0,0.0,1.0,0.0,0.0,0.0,0.0,0.0,1.0,0.0,0.0,0.0,0.0,1.0,0.0,0.0,1.0,0.0,0.0,0.0,1.0,0.0,1.0,0.0,0.0,1.0,0.0,0.0,1.0,0.0,0.0,1.0,0.0,1.0,0.0
-1.41999070088631,-0.6312386224603529,-0.8376025122779064,-1.6476460038751053,0.6048200444696701,1.045047093438766,2.29128784747792,1.8320798663534565,-0.7131185756154402,-0.3412351689076656,-0.464548674655972,-0.5921580314078279,-2.453335547738403,0.0,0.0,0.0,1.0,0.0,1.0,0.0,0.0,0.0,0.0,0.0,0.0,0.0,0.0,0.0,1.0,0.0,0.0,0.0,0.0,0.0,1.0,0.0,0.0,0.0,1.0,0.0,0.0,0.0,0.0,0.0,0.0,1.0,0.0,0.0,1.0,0.0,0.0,0.0,1.0,0.0,1.0,0.0,0.0,1.0,0.0,0.0,0.0,0.0,1.0,1.0,0.0,0.0,1.0
0.2734985070878224,0.6090884543186886,-0.8376025122779064,0.15306001128894414,-0.3917005305786531,-0.7187454693270836,-0.4364357804719845,0.3279662353199365,0.675731821713888,-1.2858307921814802,-0.464548674655972,0.920074195471964,0.5193206744088694,0.0,1.0,0.0,0.0,0.0,0.0,0.0,1.0,0.0,0.0,0.0,0.0,0.0,1.0,0.0,0.0,0.0,0.0,0.0,0.0,0.0,1.0,0.0,0.0,0.0,1.0,0.0,0.0,0.0,0.0,0.0,0.0,1.0,1.0,0.0,0.0,0.0,1.0,0.0,0.0,0.0,1.0,0.0,0.0,1.0,0.0,0.0,1.0,0.0,0.0,0.0,1.0,0.0,1.0
-0.742595017696657,-0.22852530483384456,0.9421637820708985,-1.6476460038751053,-0.21051497147895798,-0.7187454693270836,2.29128784747792,0.4500566445944129,-0.22115303515269322,-1.2858307921814802,-0.464548674655972,0.10881389191917822,-0.6884914239300278,0.0,1.0,0.0,0.0,0.0,0.0,0.0,1.0,0.0,0.0,0.0,0.0,0.0,1.0,0.0,0.0,0.0,0.0,0.0,0.0,0.0,1.0,0.0,0.0,0.0,0.0,1.0,0.0,0.0,0.0,0.0,0.0,1.0,0.0,0.0,1.0,0.0,0.0,0.0,1.0,0.0,1.0,0.0,0.0,1.0,0.0,0.0,0.0,0.0,1.0,1.0,0.0,0.0,1.0
-0.9966183988927769,0.14499503995356747,-1.727485659452309,-0.7472929962930807,-0.8446644283278909,-0.7187454693270836,2.29128784747792,2.0185030103880535,0.4689141513844159,0.603360454366149,-0.464548674655972,0.5335767889142763,-1.1730821976485595,0.0,0.0,0.0,1.0,0.0,0.0,0.0,1.0,0.0,0.0,0.0,0.0,0.0,1.0,0.0,0.0,0.0,0.0,0.0,1.0,0.0,0.0,0.0,0.0,1.0,0.0,0.0,0.0,0.0,0.0,0.0,0.0,1.0,0.0,1.0,0.0,0.0,0.0,0.0,1.0,0.0,1.0,0.0,0.0,0.0,1.0,0.0,1.0,0.0,0.0,1.0,0.0,1.0,0.0
-0.742595017696657,-0.6608058641820017,0.052280634896496016,1.053413018870969,1.7825261786176885,-0.7187454693270836,-0.4364357804719845,-0.377012286254899,-0.8280202876621555,1.5479560776399637,-0.464548674655972,-0.6622426171146356,-0.6884914239300278,0.0,0.0,1.0,0.0,0.0,0.0,0.0,1.0,0.0,0.0,0.0,0.0,1.0,0.0,0.0,0.0,0.0,0.0,0.0,0.0,0.0,0.0,0.0,1.0,0.0,0.0,0.0,1.0,0.0,1.0,0.0,0.0,0.0,0.0,0.0,1.0,0.0,0.0,0.0,1.0,0.0,1.0,0.0,0.0,1.0,0.0,1.0,0.0,0.0,0.0,0.0,1.0,0.0,1.0
0.2734985070878224,0.2576499736018751,0.9421637820708985,-0.7472929962930807,0.15185614672043227,-0.7187454693270836,-0.4364357804719845,-0.008232054575339742,0.0884234850108034,0.603360454366149,-0.464548674655972,0.6384942643693162,0.5193206744088694,1.0,0.0,0.0,0.0,0.0,1.0,0.0,0.0,0.0,0.0,0.0,0.0,0.0,1.0,0.0,0.0,0.0,0.0,0.0,1.0,0.0,0.0,0.0,0.0,0.0,0.0,1.0,0.0,0.0,0.0,1.0,0.0,0.0,0.0,0.0,1.0,1.0,0.0,0.0,0.0,0.0,1.0,0.0,0.0,1.0,0.0,0.0,1.0,0.0,0.0,0.0,1.0,0.0,1.0
-1.0812928592914834,-0.854302876461653,0.052280634896496016,-0.7472929962930807,-0.8446644283278909,-0.7187454693270836,-0.4364357804719845,-0.422483581452341,-0.7235824914747847,-0.3412351689076656,2.152626957208659,-1.2476394262275534,-1.3676846672556044,1.0,0.0,0.0,0.0,0.0,0.0,0.0,1.0,0.0,1.0,0.0,0.0,0.0,0.0,0.0,0.0,0.0,0.0,0.0,0.0,0.0,1.0,0.0,0.0,0.0,0.0,1.0,0.0,0.0,0.0,0.0,1.0,0.0,0.0,0.0,1.0,0.0,0.0,0.0,1.0,0.0,1.0,0.0,0.0,1.0,0.0,0.0,1.0,0.0,0.0,0.0,1.0,0.0,1.0
0.2734985070878224,-0.32358960100218387,-0.8376025122779064,0.15306001128894414,-0.30110775102880555,-0.7187454693270836,-0.4364357804719845,-0.564266073965504,-0.2849658634664553,-0.3412351689076656,-0.464548674655972,-0.025804410198586984,0.5193206744088694,0.0,1.0,0.0,0.0,1.0,0.0,0.0,0.0,0.0,0.0,0.0,0.0,0.0,1.0,0.0,0.0,0.0,0.0,0.0,1.0,0.0,0.0,0.0,0.0,0.0,1.0,0.0,0.0,0.0,0.0,0.0,0.0,1.0,0.0,0.0,1.0,1.0,0.0,0.0,0.0,1.0,0.0,0.0,0.0,1.0,0.0,0.0,1.0,0.0,0.0,1.0,0.0,0.0,1.0
2.3056855566567815,0.8201761040783082,0.052280634896496016,1.053413018870969,0.42363448536997494,-0.7187454693270836,-0.4364357804719845,-0.433402747657911,0.4334744333548727,0.603360454366149,-0.464548674655972,1.0638651527069762,1.7622593178252401,1.0,0.0,0.0,0.0,0.0,0.0,0.0,1.0,0.0,0.0,0.0,0.0,0.0,0.0,1.0,0.0,0.0,0.0,0.0,0.0,0.0,0.0,0.0,1.0,0.0,0.0,0.0,0.0,1.0,0.0,0.0,0.0,1.0,0.0,0.0,1.0,0.0,0.0,1.0,0.0,1.0,0.0,0.0,1.0,0.0,0.0,0.0,0.0,1.0,0.0,0.0,1.0,0.0,1.0
-0.2345482553044173,-0.7483847826992908,-0.8376025122779064,1.053413018870969,1.7825261786176885,2.8088396562046154,2.29128784747792,-0.828618020853093,-0.8774254701373284,-1.2858307921814802,2.152626957208659,-0.8952393838096765,0.012431660139291227,0.0,1.0,0.0,0.0,0.0,1.0,0.0,0.0,0.0,0.0,0.0,0.0,0.0,0.0,0.0,0.0,1.0,0.0,0.0,0.0,0.0,1.0,0.0,0.0,0.0,0.0,0.0,0.0,1.0,1.0,0.0,0.0,0.0,0.0,0.0,1.0,0.0,0.0,1.0,0.0,0.0,1.0,0.0,1.0,0.0,0.0,0.0,0.0,1.0,0.0,1.0,0.0,0.0,1.0
-0.742595017696657,-0.35315684272383274,0.052280634896496016,0.15306001128894414,2.235490076366926,1.045047093438766,-0.4364357804719845,0.2116030047911049,-0.6939858508424007,-1.2858307921814802,-0.464548674655972,-0.07068706568083441,-0.6884914239300278,0.0,1.0,0.0,0.0,0.0,1.0,0.0,0.0,0.0,0.0,0.0,0.0,1.0,0.0,0.0,0.0,0.0,0.0,0.0,0.0,0.0,1.0,0.0,0.0,0.0,0.0,0.0,1.0,0.0,0.0,0.0,0.0,1.0,0.0,0.0,1.0,0.0,1.0,0.0,0.0,0.0,1.0,0.0,0.0,1.0,0.0,0.0,1.0,0.0,0.0,1.0,0.0,0.0,1.0
-0.9966183988927769,-1.0223496047277332,0.9421637820708985,0.15306001128894414,-1.025849987427586,-0.7187454693270836,-0.4364357804719845,-0.9594216981331222,-0.9070721505529331,-0.3412351689076656,-0.464548674655972,-2.13374904828262,-1.1730821976485595,1.0,0.0,0.0,0.0,0.0,0.0,0.0,1.0,0.0,0.0,0.0,0.0,0.0,0.0,0.0,1.0,0.0,0.0,0.0,0.0,0.0,1.0,0.0,0.0,1.0,0.0,0.0,0.0,0.0,0.0,0.0,0.0,1.0,0.0,0.0,1.0,0.0,0.0,0.0,1.0,0.0,1.0,0.0,0.0,1.0,0.0,0.0,1.0,0.0,0.0,1.0,0.0,0.0,1.0
-1.2506417800888967,1.3366671620007817,-1.727485659452309,0.15306001128894414,0.8765983831192128,1.045047093438766,2.29128784747792,8.28607914728805,0.6160138333265532,-0.3412351689076656,-0.464548674655972,1.3603528642192502,-1.8318662260302179,0.0,0.0,0.0,1.0,0.0,1.0,0.0,0.0,0.0,0.0,0.0,0.0,0.0,1.0,0.0,0.0,0.0,0.0,0.0,0.0,0.0,1.0,0.0,0.0,0.0,1.0,0.0,0.0,0.0,0.0,0.0,0.0,1.0,0.0,0.0,1.0,0.0,0.0,1.0,0.0,0.0,1.0,0.0,0.0,1.0,0.0,1.0,0.0,0.0,0.0,0.0,1.0,0.0,1.0
-0.9966183988927769,-0.7281742630414548,0.9421637820708985,1.053413018870969,0.5142272649198225,1.045047093438766,-0.4364357804719845,-0.20897321435702595,-0.7763390075436113,0.603360454366149,2.152626957208659,-0.8376427537959356,-1.1730821976485595,0.0,0.0,0.0,1.0,0.0,1.0,0.0,0.0,0.0,0.0,0.0,1.0,0.0,0.0,0.0,0.0,0.0,0.0,0.0,0.0,0.0,0.0,0.0,1.0,0.0,0.0,0.0,1.0,0.0,1.0,0.0,0.0,0.0,0.0,0.0,1.0,0.0,1.0,0.0,0.0,0.0,1.0,0.0,0.0,0.0,1.0,0.0,0.0,0.0,1.0,1.0,0.0,0.0,1.0
-0.5732460968992438,2.166421274619712,-1.727485659452309,1.053413018870969,0.8765983831192128,-0.7187454693270836,-0.4364357804719845,4.113814104364261,1.188114562833429,-1.2858307921814802,-0.464548674655972,1.7286848606438325,-0.42418199642336746,0.0,1.0,0.0,0.0,0.0,0.0,0.0,1.0,0.0,0.0,0.0,0.0,0.0,1.0,0.0,0.0,0.0,0.0,0.0,0.0,0.0,1.0,0.0,0.0,0.0,0.0,0.0,1.0,0.0,0.0,1.0,0.0,0.0,0.0,0.0,1.0,0.0,1.0,0.0,0.0,0.0,1.0,0.0,0.0,1.0,0.0,1.0,0.0,0.0,0.0,0.0,1.0,1.0,0.0
0.2734985070878224,0.31903007034048786,0.052280634896496016,1.053413018870969,0.6954128240195177,1.045047093438766,-0.4364357804719845,0.05048628359593314,-0.03711515692814815,0.603360454366149,-0.464548674655972,0.6922816589964133,0.5193206744088694,0.0,0.0,0.0,1.0,0.0,1.0,0.0,0.0,0.0,0.0,0.0,0.0,0.0,0.0,0.0,0.0,0.0,0.0,1.0,0.0,0.0,0.0,0.0,1.0,0.0,1.0,0.0,0.0,0.0,0.0,0.0,0.0,1.0,0.0,0.0,1.0,0.0,1.0,0.0,0.0,0.0,1.0,0.0,0.0,1.0,0.0,0.0,1.0,0.0,0.0,0.0,1.0,0.0,1.0
-0.742595017696657,-0.5185836888120453,0.052280634896496016,1.053413018870969,0.7860056035693652,-0.7187454693270836,-0.4364357804719845,-0.10490302762049344,-0.6525685715389131,0.603360454366149,-0.464548674655972,-0.35519459406188225,-0.6884914239300278,1.0,0.0,0.0,0.0,0.0,1.0,0.0,0.0,0.0,0.0,0.0,0.0,0.0,0.0,0.0,0.0,0.0,0.0,1.0,1.0,0.0,0.0,0.0,0.0,0.0,0.0,1.0,0.0,0.0,0.0,0.0,0.0,1.0,0.0,0.0,1.0,0.0,1.0,0.0,0.0,0.0,1.0,0.0,0.0,1.0,0.0,0.0,1.0,0.0,0.0,1.0,0.0,0.0,1.0
1.289592031872302,0.9436848353206388,0.9421637820708985,-0.7472929962930807,0.2424489262702798,1.045047093438766,-0.4364357804719845,-0.03353326299447916,0.6165366562204994,2.4925517009137783,-0.464548674655972,1.1411622815752303,1.2434283535975954,0.0,0.0,0.0,1.0,0.0,1.0,0.0,0.0,0.0,0.0,0.0,0.0,0.0,0.0,0.0,0.0,0.0,0.0,1.0,0.0,0.0,0.0,1.0,0.0,0.0,0.0,0.0,1.0,0.0,0.0,0.0,0.0,1.0,0.0,0.0,1.0,1.0,0.0,0.0,0.0,0.0,1.0,0.0,0.0,1.0,0.0,1.0,0.0,0.0,0.0,0.0,1.0,0.0,1.0
0.2734985070878224,-0.8513087254012329,0.9421637820708985,-0.7472929962930807,-0.5728860896783482,-0.7187454693270836,-0.4364357804719845,-1.069100566779497,-0.7622850994399896,-0.3412351689076656,-0.464548674655972,-1.2362453955803847,0.5193206744088694,0.0,1.0,0.0,0.0,0.0,0.0,0.0,1.0,0.0,0.0,0.0,0.0,0.0,1.0,0.0,0.0,0.0,0.0,0.0,0.0,0.0,0.0,0.0,1.0,0.0,0.0,0.0,1.0,0.0,1.0,0.0,0.0,0.0,0.0,0.0,1.0,1.0,0.0,0.0,0.0,1.0,0.0,0.0,0.0,1.0,0.0,0.0,1.0,0.0,0.0,1.0,0.0,0.0,1.0
-1.2506417800888967,-0.9422560638614945,-1.727485659452309,1.053413018870969,1.691933399067841,-0.7187454693270836,-0.4364357804719845,-0.43429924797230474,-0.9841650623912395,-0.3412351689076656,-0.464548674655972,-1.6366620847536977,-1.8318662260302179,0.0,0.0,0.0,1.0,0.0,0.0,0.0,1.0,0.0,0.0,0.0,0.0,0.0,1.0,0.0,0.0,0.0,0.0,0.0,0.0,0.0,1.0,0.0,0.0,0.0,0.0,0.0,0.0,1.0,1.0,0.0,0.0,0.0,0.0,0.0,1.0,0.0,0.0,0.0,1.0,0.0,1.0,0.0,0.0,1.0,0.0,0.0,0.0,1.0,0.0,0.0,1.0,0.0,1.0
0.2734985070878224,-0.02492303272527528,0.9421637820708985,-1.6476460038751053,-0.7540716487780433,-0.7187454693270836,-0.4364357804719845,-0.2785512333516269,0.21448511151069205,-1.2858307921814802,-0.464548674655972,0.35732785365669156,0.5193206744088694,0.0,1.0,0.0,0.0,0.0,0.0,0.0,1.0,0.0,0.0,0.0,0.0,0.0,1.0,0.0,0.0,0.0,0.0,0.0,0.0,0.0,1.0,0.0,0.0,0.0,0.0,1.0,0.0,0.0,1.0,0.0,0.0,0.0,0.0,0.0,1.0,0.0,1.0,0.0,0.0,0.0,1.0,0.0,0.0,1.0,0.0,0.0,1.0,0.0,0.0,1.0,0.0,0.0,1.0
-0.9966183988927769,-0.33257205418344427,-0.8376025122779064,1.053413018870969,-1.207035546527281,-0.7187454693270836,-0.4364357804719845,0.8002176855810574,0.08586969026018294,0.603360454366149,-0.464548674655972,-0.03927638401430744,-1.1730821976485595,0.0,0.0,0.0,1.0,0.0,0.0,0.0,1.0,0.0,0.0,0.0,0.0,1.0,0.0,0.0,0.0,0.0,0.0,0.0,1.0,0.0,0.0,0.0,0.0,0.0,0.0,1.0,0.0,0.0,1.0,0.0,0.0,0.0,0.0,0.0,1.0,0.0,1.0,0.0,0.0,0.0,1.0,0.0,0.0,0.0,1.0,0.0,1.0,0.0,0.0,1.0,0.0,0.0,1.0
-0.2345482553044173,-0.15367152832334113,-1.727485659452309,0.15306001128894414,-1.2976283260771286,-0.7187454693270836,-0.4364357804719845,-0.07005357861448393,0.40802373264257685,-0.3412351689076656,-0.464548674655972,0.20579258521567134,0.012431660139291227,1.0,0.0,0.0,0.0,0.0,0.0,0.0,1.0,0.0,0.0,0.0,0.0,0.0,0.0,0.0,0.0,0.0,0.0,1.0,0.0,0.0,1.0,0.0,0.0,1.0,0.0,0.0,0.0,0.0,0.0,0.0,1.0,0.0,0.0,0.0,1.0,1.0,0.0,0.0,0.0,0.0,1.0,0.0,0.0,0.0,1.0,0.0,1.0,0.0,0.0,0.0,1.0,0.0,1.0
-0.742595017696657,1.7498600083387608,0.9421637820708985,1.053413018870969,1.6013406195179933,-0.7187454693270836,-0.4364357804719845,4.235239647598276,0.5945517757792945,-1.2858307921814802,-0.464548674655972,1.5567884592518735,-0.6884914239300278,0.0,1.0,0.0,0.0,0.0,0.0,0.0,1.0,0.0,0.0,0.0,0.0,1.0,0.0,0.0,0.0,0.0,0.0,0.0,0.0,0.0,1.0,0.0,0.0,0.0,0.0,0.0,1.0,0.0,0.0,0.0,0.0,1.0,0.0,0.0,1.0,0.0,0.0,1.0,0.0,0.0,1.0,0.0,1.0,0.0,0.0,1.0,0.0,0.0,0.0,0.0,1.0,0.0,1.0
-0.742595017696657,-0.47441996067084824,0.9421637820708985,-0.7472929962930807,0.15185614672043227,-0.7187454693270836,-0.4364357804719845,-0.020405942044546314,-0.525460675367522,-0.3412351689076656,-0.464548674655972,-0.27293990823734504,-0.6884914239300278,1.0,0.0,0.0,0.0,0.0,0.0,0.0,1.0,0.0,0.0,0.0,0.0,1.0,0.0,0.0,0.0,0.0,0.0,0.0,0.0,0.0,1.0,0.0,0.0,1.0,0.0,0.0,0.0,0.0,0.0,0.0,0.0,1.0,0.0,0.0,1.0,0.0,1.0,0.0,0.0,0.0,1.0,0.0,0.0,1.0,0.0,0.0,0.0,0.0,1.0,1.0,0.0,0.0,1.0
-0.742595017696657,-0.6398468067590608,-0.8376025122779064,1.053413018870969,2.7790467536660115,2.8088396562046154,-0.4364357804719845,-0.3369119744561445,-0.8682763543807178,2.4925517009137783,-0.464548674655972,-0.612175149019877,-0.6884914239300278,0.0,0.0,1.0,0.0,0.0,1.0,0.0,0.0,0.0,0.0,0.0,0.0,0.0,1.0,0.0,0.0,0.0,0.0,0.0,0.0,1.0,0.0,0.0,0.0,0.0,0.0,0.0,0.0,1.0,0.0,0.0,0.0,1.0,0.0,0.0,1.0,0.0,0.0,1.0,0.0,1.0,0.0,0.0,1.0,0.0,0.0,0.0,0.0,1.0,0.0,1.0,0.0,0.0,1.0
0.2734985070878224,0.628924705093972,0.052280634896496016,1.053413018870969,1.6013406195179933,1.045047093438766,2.29128784747792,0.34694228363138446,-0.06165437059916834,-1.2858307921814802,-0.464548674655972,0.9342847390539554,0.5193206744088694,0.0,1.0,0.0,0.0,0.0,0.0,1.0,0.0,0.0,0.0,0.0,0.0,0.0,1.0,0.0,0.0,0.0,0.0,0.0,0.0,0.0,1.0,0.0,0.0,1.0,0.0,0.0,0.0,0.0,0.0,0.0,0.0,1.0,0.0,0.0,1.0,0.0,0.0,1.0,0.0,0.0,1.0,0.0,1.0,0.0,0.0,0.0,1.0,0.0,0.0,1.0,0.0,0.0,1.0
-0.48857163650053714,-0.6185134804535674,0.9421637820708985,1.053413018870969,1.3295622808684506,1.045047093438766,-0.4364357804719845,-0.5162175076083418,-0.7717110541261997,0.603360454366149,-0.464548674655972,-0.5631213327110334,-0.3049783695263035,1.0,0.0,0.0,0.0,0.0,1.0,0.0,0.0,0.0,0.0,0.0,0.0,0.0,0.0,0.0,1.0,0.0,0.0,0.0,0.0,0.0,0.0,0.0,1.0,0.0,0.0,0.0,1.0,0.0,0.0,0.0,0.0,1.0,0.0,1.0,0.0,0.0,0.0,0.0,1.0,0.0,1.0,0.0,0.0,1.0,0.0,0.0,1.0,0.0,0.0,0.0,1.0,0.0,1.0
-0.742595017696657,-0.9415075260963895,0.9421637820708985,-1.6476460038751053,-1.3882211056269762,-0.7187454693270836,-0.4364357804719845,-0.9140700335596471,-0.7373386776775613,-0.3412351689076656,-0.464548674655972,-1.632807746125015,-0.6884914239300278,0.0,1.0,0.0,0.0,0.0,0.0,0.0,1.0,0.0,0.0,0.0,0.0,0.0,0.0,0.0,1.0,0.0,0.0,0.0,1.0,0.0,0.0,0.0,0.0,0.0,1.0,0.0,0.0,0.0,0.0,0.0,1.0,0.0,0.0,0.0,1.0,0.0,1.0,0.0,0.0,0.0,1.0,0.0,0.0,1.0,0.0,0.0,1.0,0.0,0.0,1.0,0.0,0.0,1.0
-1.2506417800888967,-0.6843848037828103,-0.8376025122779064,1.053413018870969,0.42363448536997494,-0.7187454693270836,2.29128784747792,0.5524540307819054,-0.7335645731064308,-1.2858307921814802,-0.464548674655972,-0.720976270383264,-1.8318662260302179,0.0,1.0,0.0,0.0,0.0,1.0,0.0,0.0,0.0,0.0,0.0,0.0,0.0,1.0,0.0,0.0,0.0,0.0,0.0,0.0,0.0,1.0,0.0,0.0,0.0,0.0,1.0,0.0,0.0,0.0,0.0,0.0,1.0,0.0,0.0,1.0,0.0,0.0,0.0,1.0,0.0,1.0,0.0,0.0,1.0,0.0,0.0,0.0,0.0,1.0,1.0,0.0,1.0,0.0
-0.742595017696657,-0.7603613869409712,0.052280634896496016,-1.6476460038751053,-0.8446644283278909,-0.7187454693270836,-0.4364357804719845,-0.567488767298983,-0.6114788744868973,1.5479560776399637,-0.464548674655972,-0.9306161724117491,-0.6884914239300278,1.0,0.0,0.0,0.0,0.0,0.0,0.0,1.0,0.0,0.0,0.0,0.0,0.0,0.0,0.0,1.0,0.0,0.0,0.0,0.0,1.0,0.0,0.0,0.0,1.0,0.0,0.0,0.0,0.0,0.0,1.0,0.0,0.0,0.0,0.0,1.0,1.0,0.0,0.0,0.0,0.0,1.0,0.0,0.0,1.0,0.0,0.0,1.0,0.0,0.0,0.0,1.0,0.0,1.0
-0.2345482553044173,-0.2124317428840863,0.9421637820708985,1.053413018870969,-0.11992219192911042,-0.7187454693270836,-0.4364357804719845,-0.14500299172427725,-0.233158642372493,0.603360454366149,2.152626957208659,0.13028398676937472,0.012431660139291227,1.0,0.0,0.0,0.0,0.0,0.0,0.0,1.0,0.0,1.0,0.0,0.0,0.0,0.0,0.0,0.0,0.0,0.0,0.0,1.0,0.0,0.0,0.0,0.0,1.0,0.0,0.0,0.0,0.0,0.0,0.0,0.0,1.0,0.0,0.0,1.0,1.0,0.0,0.0,0.0,0.0,1.0,0.0,0.0,1.0,0.0,0.0,1.0,0.0,0.0,1.0,0.0,0.0,1.0
3.321779081441261,4.056104862627371,0.9421637820708985,-0.7472929962930807,-0.7540716487780433,-0.7187454693270836,-0.4364357804719845,0.6121778158355198,4.904144884753484,-0.3412351689076656,-0.464548674655972,2.308215917656236,2.166854575032126,1.0,0.0,0.0,0.0,0.0,0.0,0.0,1.0,0.0,0.0,0.0,0.0,0.0,1.0,0.0,0.0,0.0,0.0,0.0,0.0,0.0,1.0,0.0,0.0,0.0,1.0,0.0,0.0,0.0,0.0,0.0,0.0,1.0,0.0,0.0,1.0,0.0,0.0,1.0,0.0,0.0,1.0,0.0,0.0,1.0,0.0,1.0,0.0,0.0,0.0,0.0,1.0,0.0,1.0
0.2734985070878224,0.0581646592013835,0.9421637820708985,-0.7472929962930807,0.3330417058201274,-0.7187454693270836,-0.4364357804719845,-0.19906665363197698,-0.1326935778289542,-1.2858307921814802,-0.464548674655972,0.44649988538880836,0.5193206744088694,0.0,1.0,0.0,0.0,0.0,0.0,0.0,1.0,0.0,0.0,0.0,0.0,1.0,0.0,0.0,0.0,0.0,0.0,0.0,0.0,0.0,1.0,0.0,0.0,0.0,0.0,0.0,1.0,0.0,0.0,0.0,0.0,1.0,0.0,0.0,1.0,0.0,1.0,0.0,0.0,0.0,1.0,0.0,0.0,0.0,1.0,1.0,0.0,0.0,0.0,0.0,1.0,0.0,1.0
-0.742595017696657,0.14050381336293724,-0.8376025122779064,-1.6476460038751053,0.15185614672043227,1.045047093438766,2.29128784747792,1.1561085630510548,-0.009810534518039113,0.603360454366149,2.152626957208659,0.5292131414795901,-0.6884914239300278,0.0,0.0,0.0,1.0,0.0,1.0,0.0,0.0,0.0,0.0,0.0,1.0,0.0,0.0,0.0,0.0,0.0,0.0,0.0,0.0,0.0,0.0,0.0,1.0,0.0,0.0,1.0,0.0,0.0,0.0,0.0,0.0,1.0,0.0,0.0,1.0,0.0,1.0,0.0,0.0,0.0,1.0,0.0,0.0,1.0,0.0,0.0,0.0,0.0,1.0,1.0,0.0,0.0,1.0
-0.742595017696657,-0.7734607978303094,0.9421637820708985,1.053413018870969,-0.5728860896783482,-0.7187454693270836,-0.4364357804719845,-0.5925514621732045,-0.678996682790437,1.5479560776399637,-0.464548674655972,-0.9704457413237854,-0.6884914239300278,0.0,0.0,0.0,1.0,0.0,0.0,0.0,1.0,0.0,0.0,0.0,0.0,1.0,0.0,0.0,0.0,0.0,0.0,0.0,0.0,1.0,0.0,0.0,0.0,1.0,0.0,0.0,0.0,0.0,1.0,0.0,0.0,0.0,0.0,0.0,1.0,1.0,0.0,0.0,0.0,0.0,1.0,0.0,0.0,0.0,1.0,0.0,0.0,0.0,1.0,1.0,0.0,0.0,1.0
-0.48857163650053714,-0.3625135647876456,-0.8376025122779064,1.053413018870969,-1.3882211056269762,-0.7187454693270836,-0.4364357804719845,-0.1243801098686191,0.1608747012495662,1.5479560776399637,-0.464548674655972,-0.0852196760448906,-0.3049783695263035,0.0,0.0,0.0,1.0,0.0,0.0,0.0,1.0,0.0,0.0,0.0,0.0,1.0,0.0,0.0,0.0,0.0,0.0,0.0,0.0,1.0,0.0,0.0,0.0,1.0,0.0,0.0,0.0,0.0,1.0,0.0,0.0,0.0,0.0,0.0,1.0,1.0,0.0,0.0,0.0,0.0,1.0,0.0,0.0,0.0,1.0,0.0,1.0,0.0,0.0,1.0,0.0,0.0,1.0
1.289592031872302,1.579193397894813,0.052280634896496016,-0.7472929962930807,0.15185614672043227,1.045047093438766,-0.4364357804719845,0.3717665421378748,1.1966162101109397,0.603360454366149,2.152626957208659,1.479218478546722,1.2434283535975954,0.0,0.0,0.0,1.0,0.0,0.0,0.0,1.0,0.0,1.0,0.0,0.0,0.0,0.0,0.0,0.0,0.0,0.0,0.0,0.0,0.0,0.0,0.0,1.0,0.0,0.0,0.0,1.0,0.0,0.0,0.0,0.0,1.0,0.0,0.0,1.0,0.0,1.0,0.0,0.0,0.0,1.0,0.0,0.0,1.0,0.0,0.0,1.0,0.0,0.0,1.0,0.0,0.0,1.0
0.5275218882839423,0.7486907475107775,0.9421637820708985,1.053413018870969,1.1483767217687555,4.572632218970465,2.29128784747792,0.25504577393898087,0.12690901531680657,0.603360454366149,2.152626957208659,1.0169306922502597,0.7286404741494683,0.0,0.0,0.0,1.0,0.0,0.0,0.0,1.0,0.0,0.0,0.0,0.0,0.0,0.0,0.0,0.0,1.0,0.0,0.0,0.0,0.0,0.0,0.0,1.0,0.0,0.0,0.0,1.0,0.0,0.0,0.0,0.0,1.0,0.0,0.0,1.0,0.0,1.0,0.0,0.0,0.0,1.0,0.0,0.0,1.0,0.0,0.0,1.0,0.0,0.0,0.0,1.0,0.0,1.0
-0.742595017696657,-0.5874491632017084,-0.8376025122779064,0.15306001128894414,-0.4822933101285007,-0.7187454693270836,-0.4364357804719845,-0.23666119495925816,-0.501608365122443,-1.2858307921814802,-0.464548674655972,-0.49485007912456563,-0.6884914239300278,0.0,1.0,0.0,0.0,0.0,0.0,0.0,1.0,0.0,0.0,0.0,0.0,1.0,0.0,0.0,0.0,0.0,0.0,0.0,0.0,0.0,1.0,0.0,0.0,1.0,0.0,0.0,0.0,0.0,1.0,0.0,0.0,0.0,1.0,0.0,0.0,0.0,1.0,0.0,0.0,0.0,1.0,0.0,0.0,1.0,0.0,0.0,1.0,0.0,0.0,1.0,0.0,0.0,1.0
0.2734985070878224,-0.08705166722899312,0.9421637820708985,1.053413018870969,2.507268415016469,1.045047093438766,-0.4364357804719845,-0.33798564881767146,-0.5836318527720762,-1.2858307921814802,-0.464548674655972,0.28640617700981974,0.5193206744088694,0.0,1.0,0.0,0.0,0.0,1.0,0.0,0.0,0.0,0.0,0.0,0.0,0.0,0.0,0.0,0.0,0.0,0.0,1.0,0.0,0.0,1.0,0.0,0.0,0.0,0.0,0.0,1.0,0.0,0.0,0.0,0.0,1.0,0.0,0.0,1.0,0.0,1.0,0.0,0.0,0.0,1.0,0.0,0.0,1.0,0.0,0.0,1.0,0.0,0.0,0.0,1.0,0.0,1.0
1.289592031872302,-0.17874754345435978,-0.8376025122779064,-0.7472929962930807,0.5142272649198225,-0.7187454693270836,2.29128784747792,-0.7493719647565106,-0.3605610019783612,-1.2858307921814802,-0.464548674655972,0.17410448609120227,1.2434283535975954,0.0,1.0,0.0,0.0,0.0,0.0,0.0,1.0,0.0,0.0,0.0,0.0,1.0,0.0,0.0,0.0,0.0,0.0,0.0,0.0,0.0,1.0,0.0,0.0,0.0,0.0,0.0,1.0,0.0,0.0,0.0,0.0,1.0,0.0,0.0,1.0,0.0,1.0,0.0,0.0,1.0,0.0,0.0,0.0,1.0,0.0,0.0,1.0,0.0,0.0,1.0,0.0,0.0,1.0
-0.06519933450700406,0.1105623027587359,-0.8376025122779064,1.053413018870969,0.7860056035693652,1.045047093438766,-0.4364357804719845,0.10061156945354054,-0.20892483240557183,0.603360454366149,-0.464548674655972,0.49974140263937106,0.19728732528481788,0.0,0.0,0.0,1.0,0.0,1.0,0.0,0.0,0.0,0.0,0.0,0.0,0.0,1.0,0.0,0.0,0.0,0.0,0.0,0.0,0.0,0.0,0.0,1.0,0.0,0.0,1.0,0.0,0.0,0.0,1.0,0.0,0.0,0.0,0.0,1.0,0.0,0.0,0.0,1.0,0.0,1.0,0.0,0.0,1.0,0.0,0.0,1.0,0.0,0.0,0.0,1.0,0.0,1.0
-0.9119439384940703,-0.3958234953348197,-0.8376025122779064,0.15306001128894414,-0.7540716487780433,1.045047093438766,-0.4364357804719845,0.43530515313351664,-0.2117302989151707,-0.3412351689076656,-0.464548674655972,-0.1383168936107511,-0.9970428507185473,0.0,1.0,0.0,0.0,0.0,1.0,0.0,0.0,0.0,0.0,0.0,0.0,1.0,0.0,0.0,0.0,0.0,0.0,0.0,0.0,0.0,0.0,0.0,1.0,0.0,0.0,1.0,0.0,0.0,1.0,0.0,0.0,0.0,1.0,0.0,0.0,0.0,0.0,0.0,1.0,0.0,1.0,0.0,0.0,0.0,1.0,0.0,1.0,0.0,0.0,1.0,0.0,1.0,0.0
-0.742595017696657,-0.6331099668731155,0.9421637820708985,-1.6476460038751053,-1.1164427669774335,-0.7187454693270836,-0.4364357804719845,-0.3240225885208306,-0.3723581884400896,-1.2858307921814802,-0.464548674655972,-0.5964834139088625,-0.6884914239300278,0.0,1.0,0.0,0.0,0.0,0.0,0.0,1.0,0.0,0.0,0.0,0.0,0.0,0.0,0.0,1.0,0.0,0.0,0.0,0.0,0.0,1.0,0.0,0.0,1.0,0.0,0.0,0.0,0.0,1.0,0.0,0.0,0.0,0.0,0.0,1.0,1.0,0.0,0.0,0.0,1.0,0.0,0.0,0.0,1.0,0.0,0.0,1.0,0.0,0.0,1.0,0.0,0.0,1.0
-0.40389717610183057,-0.21130893623642877,-0.8376025122779064,1.053413018870969,0.6954128240195177,-0.7187454693270836,-0.4364357804719845,0.013070951240721482,-0.4197818932463629,-1.2858307921814802,-0.464548674655972,0.13176873964367133,-0.19300377400718005,0.0,1.0,0.0,0.0,0.0,1.0,0.0,0.0,0.0,0.0,0.0,0.0,0.0,1.0,0.0,0.0,0.0,0.0,0.0,0.0,0.0,1.0,0.0,0.0,0.0,0.0,0.0,1.0,0.0,0.0,0.0,0.0,1.0,0.0,1.0,0.0,0.0,1.0,0.0,0.0,1.0,0.0,0.0,0.0,0.0,1.0,0.0,1.0,0.0,0.0,0.0,1.0,0.0,1.0
-0.9119439384940703,-0.6630514774773169,0.052280634896496016,-0.7472929962930807,-0.029329412379262863,-0.7187454693270836,-0.4364357804719845,-0.17822951513173468,-0.6582088729670275,0.603360454366149,-0.464548674655972,-0.6677232630718424,-0.9970428507185473,0.0,0.0,0.0,1.0,0.0,0.0,0.0,1.0,0.0,0.0,0.0,0.0,0.0,1.0,0.0,0.0,0.0,0.0,0.0,1.0,0.0,0.0,0.0,0.0,1.0,0.0,0.0,0.0,0.0,0.0,0.0,0.0,1.0,0.0,0.0,1.0,0.0,0.0,0.0,1.0,0.0,1.0,0.0,0.0,0.0,1.0,0.0,0.0,0.0,1.0,1.0,0.0,1.0,0.0
-0.2345482553044173,-0.4736714229057432,0.9421637820708985,0.15306001128894414,-0.7540716487780433,-0.7187454693270836,-0.4364357804719845,-0.4782175799448872,-0.3011882256241306,0.603360454366149,-0.464548674655972,-0.27158968860977006,0.012431660139291227,1.0,0.0,0.0,0.0,0.0,0.0,0.0,1.0,0.0,0.0,0.0,0.0,1.0,0.0,0.0,0.0,0.0,0.0,0.0,0.0,0.0,0.0,0.0,1.0,0.0,0.0,1.0,0.0,0.0,1.0,0.0,0.0,0.0,0.0,0.0,1.0,0.0,0.0,0.0,1.0,0.0,1.0,0.0,0.0,0.0,1.0,0.0,1.0,0.0,0.0,1.0,0.0,0.0,1.0
-0.2345482553044173,-0.5137181933388625,0.9421637820708985,-0.7472929962930807,-0.6634788692281958,1.045047093438766,-0.4364357804719845,-0.5292977532107973,-0.3751169590029838,-0.3412351689076656,-0.464548674655972,-0.3458730828218107,0.012431660139291227,0.0,0.0,0.0,1.0,0.0,1.0,0.0,0.0,0.0,0.0,0.0,0.0,1.0,0.0,0.0,0.0,0.0,0.0,0.0,0.0,0.0,1.0,0.0,0.0,1.0,0.0,0.0,0.0,0.0,1.0,0.0,0.0,0.0,0.0,0.0,1.0,0.0,0.0,1.0,0.0,0.0,1.0,0.0,0.0,1.0,0.0,0.0,1.0,0.0,0.0,1.0,0.0,0.0,1.0
-0.742595017696657,-0.3527825738412802,-0.8376025122779064,-0.7472929962930807,0.0612633671705847,1.045047093438766,-0.4364357804719845,0.2123190817875111,-0.40387123544434284,0.603360454366149,-0.464548674655972,-0.07010912966918001,-0.6884914239300278,0.0,0.0,1.0,0.0,0.0,0.0,1.0,0.0,0.0,0.0,0.0,0.0,0.0,1.0,0.0,0.0,0.0,0.0,0.0,0.0,0.0,1.0,0.0,0.0,1.0,0.0,0.0,0.0,0.0,1.0,0.0,0.0,0.0,0.0,0.0,1.0,1.0,0.0,0.0,0.0,0.0,0.0,1.0,0.0,1.0,0.0,0.0,1.0,0.0,0.0,0.0,1.0,0.0,1.0
-0.2345482553044173,-0.7723379911826518,0.9421637820708985,-0.7472929962930807,-1.2976283260771286,-0.7187454693270836,-0.4364357804719845,-0.8591706478532636,-0.5060321978635564,0.603360454366149,-0.464548674655972,-0.9669835149342502,0.012431660139291227,0.0,0.0,0.0,1.0,0.0,0.0,0.0,1.0,0.0,0.0,0.0,0.0,0.0,0.0,0.0,1.0,0.0,0.0,0.0,0.0,0.0,0.0,0.0,1.0,0.0,0.0,1.0,0.0,0.0,1.0,0.0,0.0,0.0,0.0,0.0,1.0,0.0,0.0,0.0,1.0,0.0,1.0,0.0,0.0,0.0,1.0,0.0,1.0,0.0,0.0,0.0,1.0,0.0,1.0
-1.2506417800888967,-0.7307941452193224,-1.727485659452309,-1.6476460038751053,-0.7540716487780433,1.045047093438766,-0.4364357804719845,0.37486708366213445,-0.5966574354753593,0.603360454366149,-0.464548674655972,-0.8449664769061771,-1.8318662260302179,0.0,0.0,0.0,1.0,0.0,1.0,0.0,0.0,0.0,0.0,0.0,0.0,0.0,0.0,0.0,1.0,0.0,0.0,0.0,1.0,0.0,0.0,0.0,0.0,1.0,0.0,0.0,0.0,0.0,1.0,0.0,0.0,0.0,0.0,0.0,1.0,0.0,1.0,0.0,0.0,0.0,1.0,0.0,0.0,1.0,0.0,0.0,1.0,0.0,0.0,1.0,0.0,0.0,1.0
0.2734985070878224,-0.6948643324942808,0.9421637820708985,-0.7472929962930807,0.6954128240195177,1.045047093438766,2.29128784747792,-0.9194404121722283,-0.7686918603057373,-1.2858307921814802,-0.464548674655972,-0.7479575911184633,0.5193206744088694,0.0,1.0,0.0,0.0,0.0,0.0,1.0,0.0,0.0,0.0,0.0,0.0,0.0,1.0,0.0,0.0,0.0,0.0,0.0,0.0,0.0,1.0,0.0,0.0,0.0,0.0,0.0,0.0,1.0,0.0,0.0,0.0,1.0,0.0,0.0,1.0,0.0,0.0,0.0,1.0,0.0,1.0,0.0,1.0,0.0,0.0,0.0,1.0,0.0,0.0,1.0,0.0,0.0,1.0
-0.2345482553044173,-0.25247851331720567,0.052280634896496016,1.053413018870969,0.6954128240195177,-0.7187454693270836,-0.4364357804719845,-0.1960831649901873,-0.4494878501941425,-0.3412351689076656,-0.464548674655972,0.07618646431295123,0.012431660139291227,0.0,0.0,0.0,1.0,0.0,0.0,0.0,1.0,0.0,0.0,0.0,0.0,1.0,0.0,0.0,0.0,0.0,0.0,0.0,0.0,0.0,1.0,0.0,0.0,1.0,0.0,0.0,0.0,0.0,0.0,0.0,0.0,1.0,0.0,0.0,1.0,0.0,0.0,0.0,1.0,0.0,1.0,0.0,0.0,1.0,0.0,0.0,1.0,0.0,0.0,0.0,1.0,0.0,1.0
-0.2345482553044173,1.976666951165586,-1.727485659452309,-0.7472929962930807,-1.1164427669774335,1.045047093438766,-0.4364357804719845,2.647220685213183,3.148196208418336,-0.3412351689076656,2.152626957208659,1.6531896638151085,0.012431660139291227,0.0,1.0,0.0,0.0,0.0,0.0,1.0,0.0,0.0,0.0,0.0,1.0,0.0,0.0,0.0,0.0,0.0,0.0,0.0,0.0,0.0,0.0,0.0,1.0,1.0,0.0,0.0,0.0,0.0,1.0,0.0,0.0,0.0,0.0,0.0,1.0,1.0,0.0,0.0,0.0,0.0,1.0,0.0,0.0,0.0,1.0,0.0,1.0,0.0,0.0,0.0,1.0,0.0,1.0
-0.48857163650053714,-0.06010430768521188,-0.8376025122779064,-0.7472929962930807,-0.21051497147895798,-0.7187454693270836,-0.4364357804719845,0.3384921377537434,-0.06280311051593745,-0.3412351689076656,-0.464548674655972,0.3176440231358141,-0.3049783695263035,0.0,0.0,0.0,1.0,0.0,0.0,0.0,1.0,0.0,0.0,0.0,0.0,0.0,0.0,0.0,0.0,0.0,0.0,1.0,0.0,0.0,1.0,0.0,0.0,0.0,1.0,0.0,0.0,0.0,0.0,0.0,0.0,1.0,0.0,0.0,1.0,1.0,0.0,0.0,0.0,0.0,1.0,0.0,0.0,1.0,0.0,0.0,1.0,0.0,0.0,1.0,0.0,0.0,1.0
